stadium,team,league,country,latitude,longitude
Daegu Stadium,,,South Korea,35.829739,128.690205
Ōita Stadium,Oita Trinita,,Japan,33.200556,131.6575
Ōita Stadium,2019 Rugby World Cup,,Japan,33.200556,131.6575
Shizuoka Stadium,2019 Rugby World Cup,,Japan,34.743222,137.970503
Suwon Baseball Stadium,KT Wiz,,South Korea,37.300122,127.009635
Changwon Stadium,,,South Korea,35.23402,128.664753
Dongdaemun Baseball Stadium,,,South Korea,37.56672778,127.00924722
Goyang Stadium,Goyang Zaicro FC,,South Korea,37.676422,126.743056
Goyang Stadium,Goyang KB Kookmin Bank FC,,South Korea,37.676422,126.743056
Goyang Stadium,2015 Korean Junior International Badminton Championships,,South Korea,37.676422,126.743056
Goyang Stadium,2015 Korea Junior International Badminton Championships – men's doubles,,South Korea,37.676422,126.743056
Goyang Stadium,2015 Korea Junior International Badminton Championships – men's singles,,South Korea,37.676422,126.743056
Goyang Stadium,2015 Korea Junior International Badminton Championships – women's doubles,,South Korea,37.676422,126.743056
Goyang Stadium,2015 Korea Junior International Badminton Championships – women's singles,,South Korea,37.676422,126.743056
Goyang Stadium,2015 Korea Junior International Badminton Championships – mixed doubles,,South Korea,37.676422,126.743056
ZOZO Marine Stadium,Chiba Lotte Marines,,Japan,35.645239,140.030922
Ulsan Stadium,Ulsan Hyundai Mipo Dockyard Dolphin FC,,South Korea,35.562396,129.34802
Alpensia Ski Jumping Stadium,Gangwon FC,,South Korea,37.6617,128.6806
Alpensia Ski Jumping Stadium,Nordic skiing at the 2018 Winter Olympics,,South Korea,37.6617,128.6806
Alpensia Ski Jumping Stadium,Nordic combined at the 2018 Winter Olympics – individual large hill/10 km,,South Korea,37.6617,128.6806
Gwangyang Football Stadium,Jeonnam Dragons FC,,South Korea,34.93312,127.727478
Dongdaemun Stadium,1975 Asian Athletics Championships,,South Korea,37.56758,127.010595
Daegu Baseball Stadium,,,South Korea,35.880975,128.586572
Incheon SSG Landers Field,SK Wyverns,,South Korea,37.437111,126.693306
Incheon SSG Landers Field,SSG Landers,,South Korea,37.437111,126.693306
Gwangju Mudeung Baseball Stadium,,,South Korea,35.168889,126.887222
Miyagi Baseball Stadium,Tohoku Rakuten Golden Eagles,,Japan,38.25620556,140.9025
Miyagi Baseball Stadium,2014 Tohoku Rakuten Golden Eagles season,,Japan,38.25620556,140.9025
Miyagi Baseball Stadium,2012 Tohoku Rakuten Golden Eagles season,,Japan,38.25620556,140.9025
Miyagi Baseball Stadium,2013 Tohoku Rakuten Golden Eagles season,,Japan,38.25620556,140.9025
Miyagi Baseball Stadium,2016 Tohoku Rakuten Golden Eagles season,,Japan,38.25620556,140.9025
Miyagi Baseball Stadium,2015 Tohoku Rakuten Golden Eagles season,,Japan,38.25620556,140.9025
Miyagi Baseball Stadium,2017 Tohoku Rakuten Golden Eagles season,,Japan,38.25620556,140.9025
Miyagi Baseball Stadium,2019 Tohoku Rakuten Golden Eagles season,,Japan,38.25620556,140.9025
Miyagi Baseball Stadium,2020 Tohoku Rakuten Golden Eagles season,,Japan,38.25620556,140.9025
Miyagi Baseball Stadium,2022 Tohoku Rakuten Golden Eagles season,,Japan,38.25620556,140.9025
Miyagi Baseball Stadium,2023 Tohoku Rakuten Golden Eagles season,,Japan,38.25620556,140.9025
Miyagi Baseball Stadium,2024 Tohoku Rakuten Golden Eagles season,,Japan,38.25620556,140.9025
Miyagi Baseball Stadium,2025 Tohoku Rakuten Golden Eagles season,,Japan,38.25620556,140.9025
Miyagi Baseball Stadium,2026 Tohoku Rakuten Golden Eagles season,,Japan,38.25620556,140.9025
Daejeon Hanbat Baseball Stadium,Hanwha Eagles,,South Korea,36.316944,127.429444
Sajik Baseball Stadium,Lotte Giants,,South Korea,35.194278,129.061306
Mokdong Baseball Stadium,Hyundai Unicorns,,South Korea,37.530706,126.880978
Jamsil Baseball Stadium,Doosan Bears,,South Korea,37.512389,127.071972
Jamsil Baseball Stadium,LG Twins,,South Korea,37.512389,127.071972
Gwangju Mudeung Stadium,,,South Korea,35.168189,126.88914
Gunsan Wallmyeong Baseball Stadium,,,South Korea,35.966,126.748
Changwon Football Center,Gyeongnam FC,,South Korea,35.223406,128.705707
Changwon Football Center,Changwon FC,,South Korea,35.223406,128.705707
Denka Big Swan Stadium,Albirex Niigata,,Japan,37.8825,139.059166666
Denka Big Swan Stadium,Albirex Niigata Ladies,,Japan,37.8825,139.059166666
Denka Big Swan Stadium,2020 Japan Championships in Athletics,,Japan,37.8825,139.059166666
Suwon World Cup Stadium,Suwon Samsung Bluewings FC,,South Korea,37.286421,127.036855
Yanmar Stadium Nagai,2007 World Championships in Athletics – women's 800 metres,,Japan,34.613889,135.518333
Yanmar Stadium Nagai,athletics at the 2001 East Asian Games,,Japan,34.613889,135.518333
Yanmar Stadium Nagai,2012 Japan Championships in Athletics,,Japan,34.613889,135.518333
Yanmar Stadium Nagai,2021 Japan Championships in Athletics,,Japan,34.613889,135.518333
Yanmar Stadium Nagai,2022 Japan Championships in Athletics,,Japan,34.613889,135.518333
Cheonan Oryong Stadium,,,South Korea,36.812694,127.162348
Tancheon Sports Complex,Seongnam FC,,South Korea,37.410166,127.121273
Incheon Asiad Main Stadium,,,South Korea,37.547675,126.666682
Estadio Centenario,Uruguay men's national football team,,Uruguay,-34.894444,-56.152778
Estadio Centenario,Club Deportivo Marte,,Uruguay,-34.894444,-56.152778
Estadio Centenario,Pumas Morelos,,Uruguay,-34.894444,-56.152778
Estadio Centenario,2021 Copa Sudamericana Final,,Uruguay,-34.894444,-56.152778
Stadsparksvallen,Jönköpings Södra IF,,Sweden,57.783333333,14.141944444
Värendsvallen,IFK Växjö,,Sweden,56.881111111,14.771944444
Olympic Stadium,FC Amsterdam,,Netherlands,52.343419,4.854192
Olympic Stadium,AFC DWS,,Netherlands,52.343419,4.854192
Olympic Stadium,BVC Amsterdam,,Netherlands,52.343419,4.854192
Olympic Stadium,2001 European Athletics U23 Championships,,Netherlands,52.343419,4.854192
Olympic Stadium,HERA United,,Netherlands,52.343419,4.854192
Alfréd Hajós National Swimming Stadium,,,Hungary,47.52138889,19.04277778
Estádio José Fragelli,Mixto Esporte Clube,,Brazil,-15.595333333,-56.098666666
Estádio José Fragelli,Clube Atlético Matogrossense,,Brazil,-15.595333333,-56.098666666
Estádio José Fragelli,Clube Esportivo Dom Bosco,,Brazil,-15.595333333,-56.098666666
Estádio José Fragelli,Berga Esporte Clube,,Brazil,-15.595333333,-56.098666666
Kroger Field,Kentucky Wildcats,,United States,38.022777777,-84.505277777
Kroger Field,1974 Kentucky Wildcats football team,,United States,38.022777777,-84.505277777
Kroger Field,1975 Kentucky Wildcats football team,,United States,38.022777777,-84.505277777
Kroger Field,1976 Kentucky Wildcats football team,,United States,38.022777777,-84.505277777
Kroger Field,1977 Kentucky Wildcats football team,,United States,38.022777777,-84.505277777
Kroger Field,1983 Kentucky Wildcats football team,,United States,38.022777777,-84.505277777
Kroger Field,1984 Kentucky Wildcats football team,,United States,38.022777777,-84.505277777
Kroger Field,1988 Kentucky Wildcats football team,,United States,38.022777777,-84.505277777
Kroger Field,1989 Kentucky Wildcats football team,,United States,38.022777777,-84.505277777
Kroger Field,1993 Kentucky Wildcats football team,,United States,38.022777777,-84.505277777
Kroger Field,1996 Kentucky Wildcats football team,,United States,38.022777777,-84.505277777
Kroger Field,1997 Kentucky Wildcats football team,,United States,38.022777777,-84.505277777
Kroger Field,1998 Kentucky Wildcats football team,,United States,38.022777777,-84.505277777
Kroger Field,1999 Kentucky Wildcats football team,,United States,38.022777777,-84.505277777
Kroger Field,2000 Kentucky Wildcats football team,,United States,38.022777777,-84.505277777
Kroger Field,2001 Kentucky Wildcats football team,,United States,38.022777777,-84.505277777
Kroger Field,2002 Kentucky Wildcats football team,,United States,38.022777777,-84.505277777
Kroger Field,2003 Kentucky Wildcats football team,,United States,38.022777777,-84.505277777
Kroger Field,2004 Kentucky Wildcats football team,,United States,38.022777777,-84.505277777
Kroger Field,2005 Kentucky Wildcats football team,,United States,38.022777777,-84.505277777
Kroger Field,2006 Kentucky Wildcats football team,,United States,38.022777777,-84.505277777
Kroger Field,2007 Kentucky Wildcats football team,,United States,38.022777777,-84.505277777
Kroger Field,2008 Kentucky Wildcats football team,,United States,38.022777777,-84.505277777
Deutsches Stadion,,,Germany,49.422197,11.114142
Amon G. Carter Stadium,TCU Horned Frogs,,United States,32.709722222,-97.368055555
Amon G. Carter Stadium,1936 TCU Horned Frogs football team,,United States,32.709722222,-97.368055555
Amon G. Carter Stadium,1937 TCU Horned Frogs football team,,United States,32.709722222,-97.368055555
Amon G. Carter Stadium,1938 TCU Horned Frogs football team,,United States,32.709722222,-97.368055555
Amon G. Carter Stadium,1999 TCU Horned Frogs football team,,United States,32.709722222,-97.368055555
Amon G. Carter Stadium,2000 TCU Horned Frogs football team,,United States,32.709722222,-97.368055555
Amon G. Carter Stadium,2001 TCU Horned Frogs football team,,United States,32.709722222,-97.368055555
Amon G. Carter Stadium,2002 TCU Horned Frogs football team,,United States,32.709722222,-97.368055555
Amon G. Carter Stadium,2003 TCU Horned Frogs football team,,United States,32.709722222,-97.368055555
Amon G. Carter Stadium,2004 TCU Horned Frogs football team,,United States,32.709722222,-97.368055555
Amon G. Carter Stadium,2005 TCU Horned Frogs football team,,United States,32.709722222,-97.368055555
Amon G. Carter Stadium,2006 TCU Horned Frogs football team,,United States,32.709722222,-97.368055555
Amon G. Carter Stadium,2007 TCU Horned Frogs football team,,United States,32.709722222,-97.368055555
Amon G. Carter Stadium,2008 TCU Horned Frogs football team,,United States,32.709722222,-97.368055555
Amon G. Carter Stadium,2009 TCU Horned Frogs football team,,United States,32.709722222,-97.368055555
Amon G. Carter Stadium,2010 TCU Horned Frogs football team,,United States,32.709722222,-97.368055555
Amon G. Carter Stadium,2011 TCU Horned Frogs football team,,United States,32.709722222,-97.368055555
Amon G. Carter Stadium,2012 TCU Horned Frogs football team,,United States,32.709722222,-97.368055555
Amon G. Carter Stadium,2013 TCU Horned Frogs football team,,United States,32.709722222,-97.368055555
Amon G. Carter Stadium,TCU Horned Frogs football,,United States,32.709722222,-97.368055555
Amon G. Carter Stadium,2014 TCU Horned Frogs football team,,United States,32.709722222,-97.368055555
Amon G. Carter Stadium,1998 TCU Horned Frogs football team,,United States,32.709722222,-97.368055555
Amon G. Carter Stadium,2015 TCU Horned Frogs football team,,United States,32.709722222,-97.368055555
Amon G. Carter Stadium,2016 TCU Horned Frogs football team,,United States,32.709722222,-97.368055555
Amon G. Carter Stadium,1932 TCU Horned Frogs football team,,United States,32.709722222,-97.368055555
Amon G. Carter Stadium,1934 TCU Horned Frogs football team,,United States,32.709722222,-97.368055555
Amon G. Carter Stadium,1935 TCU Horned Frogs football team,,United States,32.709722222,-97.368055555
Amon G. Carter Stadium,1944 TCU Horned Frogs football team,,United States,32.709722222,-97.368055555
Amon G. Carter Stadium,1951 TCU Horned Frogs football team,,United States,32.709722222,-97.368055555
Amon G. Carter Stadium,1955 TCU Horned Frogs football team,,United States,32.709722222,-97.368055555
Amon G. Carter Stadium,1958 TCU Horned Frogs football team,,United States,32.709722222,-97.368055555
Amon G. Carter Stadium,1959 TCU Horned Frogs football team,,United States,32.709722222,-97.368055555
Amon G. Carter Stadium,1956 TCU Horned Frogs football team,,United States,32.709722222,-97.368055555
Amon G. Carter Stadium,1933 TCU Horned Frogs football team,,United States,32.709722222,-97.368055555
Amon G. Carter Stadium,1931 TCU Horned Frogs football team,,United States,32.709722222,-97.368055555
Amon G. Carter Stadium,1957 TCU Horned Frogs football team,,United States,32.709722222,-97.368055555
Amon G. Carter Stadium,1954 TCU Horned Frogs football team,,United States,32.709722222,-97.368055555
Amon G. Carter Stadium,1953 TCU Horned Frogs football team,,United States,32.709722222,-97.368055555
Amon G. Carter Stadium,1952 TCU Horned Frogs football team,,United States,32.709722222,-97.368055555
Amon G. Carter Stadium,1997 TCU Horned Frogs football team,,United States,32.709722222,-97.368055555
Amon G. Carter Stadium,1996 TCU Horned Frogs football team,,United States,32.709722222,-97.368055555
Amon G. Carter Stadium,1995 TCU Horned Frogs football team,,United States,32.709722222,-97.368055555
Amon G. Carter Stadium,1994 TCU Horned Frogs football team,,United States,32.709722222,-97.368055555
Amon G. Carter Stadium,1993 TCU Horned Frogs football team,,United States,32.709722222,-97.368055555
Amon G. Carter Stadium,1992 TCU Horned Frogs football team,,United States,32.709722222,-97.368055555
Amon G. Carter Stadium,1991 TCU Horned Frogs football team,,United States,32.709722222,-97.368055555
Amon G. Carter Stadium,1990 TCU Horned Frogs football team,,United States,32.709722222,-97.368055555
Amon G. Carter Stadium,1989 TCU Horned Frogs football team,,United States,32.709722222,-97.368055555
Amon G. Carter Stadium,1988 TCU Horned Frogs football team,,United States,32.709722222,-97.368055555
Amon G. Carter Stadium,1987 TCU Horned Frogs football team,,United States,32.709722222,-97.368055555
Amon G. Carter Stadium,1986 TCU Horned Frogs football team,,United States,32.709722222,-97.368055555
Amon G. Carter Stadium,1985 TCU Horned Frogs football team,,United States,32.709722222,-97.368055555
Amon G. Carter Stadium,1984 TCU Horned Frogs football team,,United States,32.709722222,-97.368055555
Amon G. Carter Stadium,1983 TCU Horned Frogs football team,,United States,32.709722222,-97.368055555
Amon G. Carter Stadium,1982 TCU Horned Frogs football team,,United States,32.709722222,-97.368055555
Amon G. Carter Stadium,1981 TCU Horned Frogs football team,,United States,32.709722222,-97.368055555
Amon G. Carter Stadium,1980 TCU Horned Frogs football team,,United States,32.709722222,-97.368055555
Amon G. Carter Stadium,1979 TCU Horned Frogs football team,,United States,32.709722222,-97.368055555
Amon G. Carter Stadium,1975 TCU Horned Frogs football team,,United States,32.709722222,-97.368055555
Amon G. Carter Stadium,1978 TCU Horned Frogs football team,,United States,32.709722222,-97.368055555
Amon G. Carter Stadium,1939 TCU Horned Frogs football team,,United States,32.709722222,-97.368055555
Amon G. Carter Stadium,1977 TCU Horned Frogs football team,,United States,32.709722222,-97.368055555
Amon G. Carter Stadium,1976 TCU Horned Frogs football team,,United States,32.709722222,-97.368055555
Amon G. Carter Stadium,1974 TCU Horned Frogs football team,,United States,32.709722222,-97.368055555
Amon G. Carter Stadium,1973 TCU Horned Frogs football team,,United States,32.709722222,-97.368055555
Amon G. Carter Stadium,1972 TCU Horned Frogs football team,,United States,32.709722222,-97.368055555
Amon G. Carter Stadium,1970 TCU Horned Frogs football team,,United States,32.709722222,-97.368055555
Amon G. Carter Stadium,1968 TCU Horned Frogs football team,,United States,32.709722222,-97.368055555
Amon G. Carter Stadium,1969 TCU Horned Frogs football team,,United States,32.709722222,-97.368055555
Amon G. Carter Stadium,1967 TCU Horned Frogs football team,,United States,32.709722222,-97.368055555
Amon G. Carter Stadium,1965 TCU Horned Frogs football team,,United States,32.709722222,-97.368055555
Amon G. Carter Stadium,1964 TCU Horned Frogs football team,,United States,32.709722222,-97.368055555
Amon G. Carter Stadium,1963 TCU Horned Frogs football team,,United States,32.709722222,-97.368055555
Amon G. Carter Stadium,1962 TCU Horned Frogs football team,,United States,32.709722222,-97.368055555
Amon G. Carter Stadium,1961 TCU Horned Frogs football team,,United States,32.709722222,-97.368055555
Amon G. Carter Stadium,1960 TCU Horned Frogs football team,,United States,32.709722222,-97.368055555
Amon G. Carter Stadium,1950 TCU Horned Frogs football team,,United States,32.709722222,-97.368055555
Amon G. Carter Stadium,1949 TCU Horned Frogs football team,,United States,32.709722222,-97.368055555
Amon G. Carter Stadium,1948 TCU Horned Frogs football team,,United States,32.709722222,-97.368055555
Amon G. Carter Stadium,1947 TCU Horned Frogs football team,,United States,32.709722222,-97.368055555
Amon G. Carter Stadium,1946 TCU Horned Frogs football team,,United States,32.709722222,-97.368055555
Amon G. Carter Stadium,1945 TCU Horned Frogs football team,,United States,32.709722222,-97.368055555
Amon G. Carter Stadium,1943 TCU Horned Frogs football team,,United States,32.709722222,-97.368055555
Amon G. Carter Stadium,1942 TCU Horned Frogs football team,,United States,32.709722222,-97.368055555
Amon G. Carter Stadium,1941 TCU Horned Frogs football team,,United States,32.709722222,-97.368055555
Amon G. Carter Stadium,1940 TCU Horned Frogs football team,,United States,32.709722222,-97.368055555
Amon G. Carter Stadium,2017 TCU Horned Frogs football team,,United States,32.709722222,-97.368055555
Kroger Field,2009 Kentucky Wildcats football team,,United States,38.022777777,-84.505277777
Kroger Field,2010 Kentucky Wildcats football team,,United States,38.022777777,-84.505277777
Kroger Field,2011 Kentucky Wildcats football team,,United States,38.022777777,-84.505277777
Kroger Field,2012 Kentucky Wildcats football team,,United States,38.022777777,-84.505277777
Kroger Field,2013 Kentucky Wildcats football team,,United States,38.022777777,-84.505277777
Kroger Field,Kentucky Wildcats football,,United States,38.022777777,-84.505277777
Kroger Field,2014 Kentucky Wildcats football team,,United States,38.022777777,-84.505277777
Kroger Field,1979 Kentucky Wildcats football team,,United States,38.022777777,-84.505277777
Kroger Field,2015 Kentucky Wildcats football team,,United States,38.022777777,-84.505277777
Kroger Field,2016 Kentucky Wildcats football team,,United States,38.022777777,-84.505277777
Kroger Field,1973 Kentucky Wildcats football team,,United States,38.022777777,-84.505277777
Kroger Field,1995 Kentucky Wildcats football team,,United States,38.022777777,-84.505277777
Kroger Field,1994 Kentucky Wildcats football team,,United States,38.022777777,-84.505277777
Kroger Field,1992 Kentucky Wildcats football team,,United States,38.022777777,-84.505277777
Kroger Field,1991 Kentucky Wildcats football team,,United States,38.022777777,-84.505277777
Kroger Field,1990 Kentucky Wildcats football team,,United States,38.022777777,-84.505277777
Kroger Field,1986 Kentucky Wildcats football team,,United States,38.022777777,-84.505277777
Kroger Field,1987 Kentucky Wildcats football team,,United States,38.022777777,-84.505277777
Kroger Field,1982 Kentucky Wildcats football team,,United States,38.022777777,-84.505277777
Kroger Field,1985 Kentucky Wildcats football team,,United States,38.022777777,-84.505277777
Kroger Field,1981 Kentucky Wildcats football team,,United States,38.022777777,-84.505277777
Kroger Field,1980 Kentucky Wildcats football team,,United States,38.022777777,-84.505277777
Kroger Field,1978 Kentucky Wildcats football team,,United States,38.022777777,-84.505277777
Kroger Field,2017 Kentucky Wildcats football team,,United States,38.022777777,-84.505277777
Kroger Field,2018 Kentucky Wildcats football team,,United States,38.022777777,-84.505277777
Kroger Field,2019 Kentucky Wildcats football team,,United States,38.022777777,-84.505277777
Stade Mohamed Boumezrag,ASO Chlef,,Algeria,36.1615,1.30902
Nationals Park,Washington Nationals,,United States,38.8725,-77.007777777
Nationals Park,2017 Washington Nationals season,,United States,38.8725,-77.007777777
Independence Stadium,,,Namibia,-22.60763611,17.090975
Angel Stadium of Anaheim,California Surf,,United States,33.800277777,-117.882777777
Angel Stadium of Anaheim,Los Angeles Angels,,United States,33.800277777,-117.882777777
Angel Stadium of Anaheim,1972 Long Beach State 49ers football team,,United States,33.800277777,-117.882777777
Angel Stadium of Anaheim,1977 Long Beach State 49ers football team,,United States,33.800277777,-117.882777777
Angel Stadium of Anaheim,1978 Long Beach State 49ers football team,,United States,33.800277777,-117.882777777
Angel Stadium of Anaheim,1979 Long Beach State 49ers football team,,United States,33.800277777,-117.882777777
Angel Stadium of Anaheim,1980 Long Beach State 49ers football team,,United States,33.800277777,-117.882777777
Angel Stadium of Anaheim,1981 Long Beach State 49ers football team,,United States,33.800277777,-117.882777777
Angel Stadium of Anaheim,1982 Long Beach State 49ers football team,,United States,33.800277777,-117.882777777
Porsche-Arena,2015 World Rhythmic Gymnastics Championships,,Germany,48.793056,9.228333
Dennis Martínez National Stadium,1968 Central American Championships in Athletics,,Nicaragua,12.134416666,-86.269333333
Estadio Mansiche,CD Universidad César Vallejo,,Peru,-8.106655,-79.030977
Estadio Mansiche,Carlos A. Mannucci,,Peru,-8.106655,-79.030977
Estadio Mansiche,15 de Septiembre de Trujillo,,Peru,-8.106655,-79.030977
Estadio Mansiche,Alfonso Ugarte de Chiclon,,Peru,-8.106655,-79.030977
Estadio Mansiche,C.D. Universidad Privada Antenor Orrego,,Peru,-8.106655,-79.030977
Estadio Mansiche,Deportivo Morba,,Peru,-8.106655,-79.030977
Estadio Mansiche,Q5774780,,Peru,-8.106655,-79.030977
Estadio Mansiche,Libertad de Trujillo,,Peru,-8.106655,-79.030977
Estadio Mansiche,Universitario de Trujillo,,Peru,-8.106655,-79.030977
Estadio Mansiche,Q9079435,,Peru,-8.106655,-79.030977
Estadio Hugo Bogado Vaceque,Club General Caballero,,Paraguay,-25.2357966,-57.5577479
Stade Charléty,Paris FC,,France,48.81716,2.34511
Stade Charléty,Paris Université Club,,France,48.81716,2.34511
Stade Charléty,Paris Saint-Germain Rugby League,,France,48.81716,2.34511
Stade Charléty,Q3365309,,France,48.81716,2.34511
Stade Charléty,Q3896073,,France,48.81716,2.34511
Stade Charléty,2013 French Athletics Championships,,France,48.81716,2.34511
Stade Charléty,2020 European Athletics Championships,,France,48.81716,2.34511
Stade Charléty,2018 Meeting de Paris,,France,48.81716,2.34511
Estadio 9 de Mayo,Club Deportivo Audaz Octubrino,,Ecuador,-3.254467,-79.962497
Estadio 9 de Mayo,Club Deportivo Atlético Audaz,,Ecuador,-3.254467,-79.962497
Estadio 9 de Mayo,Q5495292,,Ecuador,-3.254467,-79.962497
Estadio 9 de Mayo,Bonita Banana Fútbol Club,,Ecuador,-3.254467,-79.962497
Estadio 9 de Mayo,Q5774253,,Ecuador,-3.254467,-79.962497
Estadio 9 de Mayo,Fuerza Amarilla Sporting Club,,Ecuador,-3.254467,-79.962497
Estadio 9 de Mayo,Orense S.C.,,Ecuador,-3.254467,-79.962497
Estadio 9 de Mayo,Q8347066,,Ecuador,-3.254467,-79.962497
Estadio José Pérez Colmenares,Tigres de Aragua,,Venezuela,10.26047,-67.611626
"Memorial Stadium, Clemson",Clemson Tigers,,United States,34.678611111,-82.843055555
"Memorial Stadium, Clemson",1981 Clemson Tigers football team,,United States,34.678611111,-82.843055555
"Memorial Stadium, Clemson",1989 Clemson Tigers football team,,United States,34.678611111,-82.843055555
"Memorial Stadium, Clemson",2001 Clemson Tigers football team,,United States,34.678611111,-82.843055555
"Memorial Stadium, Clemson",2005 Clemson Tigers football team,,United States,34.678611111,-82.843055555
"Memorial Stadium, Clemson",2006 Clemson Tigers football team,,United States,34.678611111,-82.843055555
"Memorial Stadium, Clemson",2007 Clemson Tigers football team,,United States,34.678611111,-82.843055555
"Memorial Stadium, Clemson",2008 Clemson Tigers football team,,United States,34.678611111,-82.843055555
"Memorial Stadium, Clemson",2009 Clemson Tigers football team,,United States,34.678611111,-82.843055555
"Memorial Stadium, Clemson",2010 Clemson Tigers football team,,United States,34.678611111,-82.843055555
"Memorial Stadium, Clemson",2011 Clemson Tigers football team,,United States,34.678611111,-82.843055555
"Memorial Stadium, Clemson",Clemson Tigers football,,United States,34.678611111,-82.843055555
"Memorial Stadium, Clemson",2013 Clemson Tigers football team,,United States,34.678611111,-82.843055555
"Memorial Stadium, Clemson",2014 Clemson Tigers football team,,United States,34.678611111,-82.843055555
"Memorial Stadium, Clemson",2012 Clemson Tigers football team,,United States,34.678611111,-82.843055555
"Memorial Stadium, Clemson",2015 Clemson Tigers football team,,United States,34.678611111,-82.843055555
"Memorial Stadium, Clemson",1942 Clemson Tigers football team,,United States,34.678611111,-82.843055555
"Memorial Stadium, Clemson",1943 Clemson Tigers football team,,United States,34.678611111,-82.843055555
"Memorial Stadium, Clemson",1944 Clemson Tigers football team,,United States,34.678611111,-82.843055555
"Memorial Stadium, Clemson",1945 Clemson Tigers football team,,United States,34.678611111,-82.843055555
"Memorial Stadium, Clemson",1946 Clemson Tigers football team,,United States,34.678611111,-82.843055555
"Memorial Stadium, Clemson",1947 Clemson Tigers football team,,United States,34.678611111,-82.843055555
"Memorial Stadium, Clemson",1948 Clemson Tigers football team,,United States,34.678611111,-82.843055555
"Memorial Stadium, Clemson",1949 Clemson Tigers football team,,United States,34.678611111,-82.843055555
"Memorial Stadium, Clemson",1950 Clemson Tigers football team,,United States,34.678611111,-82.843055555
"Memorial Stadium, Clemson",1952 Clemson Tigers football team,,United States,34.678611111,-82.843055555
"Memorial Stadium, Clemson",1953 Clemson Tigers football team,,United States,34.678611111,-82.843055555
"Memorial Stadium, Clemson",1954 Clemson Tigers football team,,United States,34.678611111,-82.843055555
"Memorial Stadium, Clemson",1955 Clemson Tigers football team,,United States,34.678611111,-82.843055555
"Memorial Stadium, Clemson",1956 Clemson Tigers football team,,United States,34.678611111,-82.843055555
Singapore Indoor Stadium,2024 Singapore Open Badminton Championships – men's singles,,Singapore,1.300555555,103.874444444
Singapore Indoor Stadium,2025 Singapore Open Badminton Championships – men's singles,,Singapore,1.300555555,103.874444444
Singapore Indoor Stadium,1990 Singapore Open Badminton Championships – women's doubles,,Singapore,1.300555555,103.874444444
Singapore Indoor Stadium,1991 Singapore Open Badminton Championships – women's doubles,,Singapore,1.300555555,103.874444444
Singapore Indoor Stadium,1992 Singapore Open Badminton Championships – women's doubles,,Singapore,1.300555555,103.874444444
Singapore Indoor Stadium,1994 Singapore Open Badminton Championships – women's doubles,,Singapore,1.300555555,103.874444444
Singapore Indoor Stadium,1995 Singapore Open Badminton Championships – women's doubles,,Singapore,1.300555555,103.874444444
Singapore Indoor Stadium,1999 Singapore Open Badminton Championships – women's doubles,,Singapore,1.300555555,103.874444444
Singapore Indoor Stadium,2001 Singapore Open Badminton Championships – women's doubles,,Singapore,1.300555555,103.874444444
Singapore Indoor Stadium,2002 Singapore Open Badminton Championships – women's doubles,,Singapore,1.300555555,103.874444444
Singapore Indoor Stadium,2004 Singapore Open Badminton Championships – women's doubles,,Singapore,1.300555555,103.874444444
Singapore Indoor Stadium,2005 Singapore Open Badminton Championships – women's doubles,,Singapore,1.300555555,103.874444444
Singapore Indoor Stadium,2006 Singapore Open Badminton Championships – women's doubles,,Singapore,1.300555555,103.874444444
Singapore Indoor Stadium,2007 Singapore Open Badminton Championships – women's doubles,,Singapore,1.300555555,103.874444444
Singapore Indoor Stadium,2008 Singapore Open Badminton Championships – women's doubles,,Singapore,1.300555555,103.874444444
Singapore Indoor Stadium,2009 Singapore Open Badminton Championships – women's doubles,,Singapore,1.300555555,103.874444444
Singapore Indoor Stadium,2010 Singapore Open Badminton Championships – women's doubles,,Singapore,1.300555555,103.874444444
Singapore Indoor Stadium,2011 Singapore Open Badminton Championships – women's doubles,,Singapore,1.300555555,103.874444444
Singapore Indoor Stadium,2012 Singapore Open Badminton Championships – women's doubles,,Singapore,1.300555555,103.874444444
Singapore Indoor Stadium,2013 Singapore Open Badminton Championships – women's doubles,,Singapore,1.300555555,103.874444444
Singapore Indoor Stadium,2014 Singapore Open Badminton Championships – women's doubles,,Singapore,1.300555555,103.874444444
Singapore Indoor Stadium,2015 Singapore Open Badminton Championships – women's doubles,,Singapore,1.300555555,103.874444444
Singapore Indoor Stadium,2016 Singapore Open Badminton Championships – women's doubles,,Singapore,1.300555555,103.874444444
Singapore Indoor Stadium,2017 Singapore Open Badminton Championships – women's doubles,,Singapore,1.300555555,103.874444444
Singapore Indoor Stadium,2018 Singapore Open Badminton Championships – women's doubles,,Singapore,1.300555555,103.874444444
Singapore Indoor Stadium,2019 Singapore Open Badminton Championships – women's doubles,,Singapore,1.300555555,103.874444444
Singapore Indoor Stadium,2022 Singapore Open Badminton Championships – women's doubles,,Singapore,1.300555555,103.874444444
Singapore Indoor Stadium,2023 Singapore Open Badminton Championships – women's doubles,,Singapore,1.300555555,103.874444444
Singapore Indoor Stadium,2024 Singapore Open Badminton Championships – women's doubles,,Singapore,1.300555555,103.874444444
Singapore Indoor Stadium,2025 Singapore Open Badminton Championships – women's doubles,,Singapore,1.300555555,103.874444444
Singapore Indoor Stadium,1990 Singapore Open Badminton Championships – women's singles,,Singapore,1.300555555,103.874444444
Singapore Indoor Stadium,1991 Singapore Open Badminton Championships – women's singles,,Singapore,1.300555555,103.874444444
Singapore Indoor Stadium,1992 Singapore Open Badminton Championships – women's singles,,Singapore,1.300555555,103.874444444
Singapore Indoor Stadium,1994 Singapore Open Badminton Championships – women's singles,,Singapore,1.300555555,103.874444444
Singapore Indoor Stadium,1995 Singapore Open Badminton Championships – women's singles,,Singapore,1.300555555,103.874444444
Singapore Indoor Stadium,1999 Singapore Open Badminton Championships – women's singles,,Singapore,1.300555555,103.874444444
Singapore Indoor Stadium,2001 Singapore Open Badminton Championships – women's singles,,Singapore,1.300555555,103.874444444
Singapore Indoor Stadium,2002 Singapore Open Badminton Championships – women's singles,,Singapore,1.300555555,103.874444444
Singapore Indoor Stadium,2004 Singapore Open Badminton Championships – women's singles,,Singapore,1.300555555,103.874444444
Singapore Indoor Stadium,2005 Singapore Open Badminton Championships – women's singles,,Singapore,1.300555555,103.874444444
Singapore Indoor Stadium,2006 Singapore Open Badminton Championships – women's singles,,Singapore,1.300555555,103.874444444
Singapore Indoor Stadium,2007 Singapore Open Badminton Championships – women's singles,,Singapore,1.300555555,103.874444444
Singapore Indoor Stadium,2008 Singapore Open Badminton Championships – women's singles,,Singapore,1.300555555,103.874444444
Singapore Indoor Stadium,2009 Singapore Open Badminton Championships – women's singles,,Singapore,1.300555555,103.874444444
Singapore Indoor Stadium,2010 Singapore Open Badminton Championships – women's singles,,Singapore,1.300555555,103.874444444
Singapore Indoor Stadium,2011 Singapore Open Badminton Championships – women's singles,,Singapore,1.300555555,103.874444444
Singapore Indoor Stadium,2012 Singapore Open Badminton Championships – women's singles,,Singapore,1.300555555,103.874444444
Singapore Indoor Stadium,2013 Singapore Open Badminton Championships – women's singles,,Singapore,1.300555555,103.874444444
Singapore Indoor Stadium,2014 Singapore Open Badminton Championships – women's singles,,Singapore,1.300555555,103.874444444
Singapore Indoor Stadium,2015 Singapore Open Badminton Championships – women's singles,,Singapore,1.300555555,103.874444444
Singapore Indoor Stadium,2016 Singapore Open Badminton Championships – women's singles,,Singapore,1.300555555,103.874444444
Singapore Indoor Stadium,2017 Singapore Open Badminton Championships – women's singles,,Singapore,1.300555555,103.874444444
Singapore Indoor Stadium,2018 Singapore Open Badminton Championships – women's singles,,Singapore,1.300555555,103.874444444
Singapore Indoor Stadium,2019 Singapore Open Badminton Championships – women's singles,,Singapore,1.300555555,103.874444444
Singapore Indoor Stadium,2022 Singapore Open Badminton Championships – women's singles,,Singapore,1.300555555,103.874444444
Singapore Indoor Stadium,2023 Singapore Open Badminton Championships – women's singles,,Singapore,1.300555555,103.874444444
Singapore Indoor Stadium,2024 Singapore Open Badminton Championships – women's singles,,Singapore,1.300555555,103.874444444
Singapore Indoor Stadium,2025 Singapore Open Badminton Championships – women's singles,,Singapore,1.300555555,103.874444444
Singapore Indoor Stadium,1990 Singapore Open Badminton Championships – mixed doubles,,Singapore,1.300555555,103.874444444
Singapore Indoor Stadium,1991 Singapore Open Badminton Championships – mixed doubles,,Singapore,1.300555555,103.874444444
Singapore Indoor Stadium,1992 Singapore Open Badminton Championships – mixed doubles,,Singapore,1.300555555,103.874444444
Singapore Indoor Stadium,1994 Singapore Open Badminton Championships – mixed doubles,,Singapore,1.300555555,103.874444444
Singapore Indoor Stadium,1995 Singapore Open Badminton Championships – mixed doubles,,Singapore,1.300555555,103.874444444
Singapore Indoor Stadium,1999 Singapore Open Badminton Championships – mixed doubles,,Singapore,1.300555555,103.874444444
Singapore Indoor Stadium,2001 Singapore Open Badminton Championships – mixed doubles,,Singapore,1.300555555,103.874444444
Singapore Indoor Stadium,2002 Singapore Open Badminton Championships – mixed doubles,,Singapore,1.300555555,103.874444444
Singapore Indoor Stadium,2004 Singapore Open Badminton Championships – mixed doubles,,Singapore,1.300555555,103.874444444
Singapore Indoor Stadium,2005 Singapore Open Badminton Championships – mixed doubles,,Singapore,1.300555555,103.874444444
Singapore Indoor Stadium,2006 Singapore Open Badminton Championships – mixed doubles,,Singapore,1.300555555,103.874444444
Singapore Indoor Stadium,2007 Singapore Open Badminton Championships – mixed doubles,,Singapore,1.300555555,103.874444444
Singapore Indoor Stadium,2008 Singapore Open Badminton Championships – mixed doubles,,Singapore,1.300555555,103.874444444
Singapore Indoor Stadium,2009 Singapore Open Badminton Championships – mixed doubles,,Singapore,1.300555555,103.874444444
Singapore Indoor Stadium,2010 Singapore Open Badminton Championships – mixed doubles,,Singapore,1.300555555,103.874444444
Singapore Indoor Stadium,2011 Singapore Open Badminton Championships – mixed doubles,,Singapore,1.300555555,103.874444444
Singapore Indoor Stadium,2012 Singapore Open Badminton Championships – mixed doubles,,Singapore,1.300555555,103.874444444
Singapore Indoor Stadium,2013 Singapore Open Badminton Championships – mixed doubles,,Singapore,1.300555555,103.874444444
Singapore Indoor Stadium,2014 Singapore Open Badminton Championships – mixed doubles,,Singapore,1.300555555,103.874444444
Singapore Indoor Stadium,2015 Singapore Open Badminton Championships – mixed doubles,,Singapore,1.300555555,103.874444444
Singapore Indoor Stadium,2016 Singapore Open Badminton Championships – mixed doubles,,Singapore,1.300555555,103.874444444
Singapore Indoor Stadium,2017 Singapore Open Badminton Championships – mixed doubles,,Singapore,1.300555555,103.874444444
Singapore Indoor Stadium,2018 Singapore Open Badminton Championships – mixed doubles,,Singapore,1.300555555,103.874444444
Singapore Indoor Stadium,2019 Singapore Open Badminton Championships – mixed doubles,,Singapore,1.300555555,103.874444444
Singapore Indoor Stadium,2022 Singapore Open Badminton Championships – mixed doubles,,Singapore,1.300555555,103.874444444
Singapore Indoor Stadium,2023 Singapore Open Badminton Championships – mixed doubles,,Singapore,1.300555555,103.874444444
Singapore Indoor Stadium,2024 Singapore Open Badminton Championships – mixed doubles,,Singapore,1.300555555,103.874444444
Singapore Indoor Stadium,2025 Singapore Open Badminton Championships – mixed doubles,,Singapore,1.300555555,103.874444444
Princes Park,Dartford F.C.,,United Kingdom,51.437172,0.2308
Princes Park,Thamesmead Town F.C.,,United Kingdom,51.437172,0.2308
Shielfield Park,Berwick Rangers F.C.,,United Kingdom,55.76,-2.01583
Bob Lucas Stadium,Weymouth F.C.,,United Kingdom,50.619906,-2.485203
Stonebridge Road,Ebbsfleet United F.C.,,United Kingdom,51.449539,0.322272
Stonebridge Road,London Broncos,,United Kingdom,51.449539,0.322272
Stonebridge Road,Northfleet United F.C.,,United Kingdom,51.449539,0.322272
Ewen Fields,Hyde United F.C.,,United Kingdom,53.4506,-2.068114
Haig Avenue,Southport F.C.,,United Kingdom,53.638089,-2.978856
Deva Stadium,Chester City F.C.,,United Kingdom,53.189181,-2.923814
Deva Stadium,Chester F.C.,,United Kingdom,53.189181,-2.923814
Estadio General Francisco Morazán,Real C.D. España,,Honduras,15.507455555,-88.033416666
Estadio General Francisco Morazán,C.D. Dandy,,Honduras,15.507455555,-88.033416666
Estadio General Francisco Morazán,C.D. La Salle,,Honduras,15.507455555,-88.033416666
"Memorial Stadium, Clemson",1957 Clemson Tigers football team,,United States,34.678611111,-82.843055555
"Memorial Stadium, Clemson",1958 Clemson Tigers football team,,United States,34.678611111,-82.843055555
"Memorial Stadium, Clemson",1959 Clemson Tigers football team,,United States,34.678611111,-82.843055555
"Memorial Stadium, Clemson",1960 Clemson Tigers football team,,United States,34.678611111,-82.843055555
"Memorial Stadium, Clemson",1961 Clemson Tigers football team,,United States,34.678611111,-82.843055555
"Memorial Stadium, Clemson",1962 Clemson Tigers football team,,United States,34.678611111,-82.843055555
"Memorial Stadium, Clemson",1963 Clemson Tigers football team,,United States,34.678611111,-82.843055555
"Memorial Stadium, Clemson",1964 Clemson Tigers football team,,United States,34.678611111,-82.843055555
"Memorial Stadium, Clemson",1965 Clemson Tigers football team,,United States,34.678611111,-82.843055555
"Memorial Stadium, Clemson",1966 Clemson Tigers football team,,United States,34.678611111,-82.843055555
"Memorial Stadium, Clemson",1967 Clemson Tigers football team,,United States,34.678611111,-82.843055555
"Memorial Stadium, Clemson",1968 Clemson Tigers football team,,United States,34.678611111,-82.843055555
"Memorial Stadium, Clemson",1969 Clemson Tigers football team,,United States,34.678611111,-82.843055555
"Memorial Stadium, Clemson",1970 Clemson Tigers football team,,United States,34.678611111,-82.843055555
"Memorial Stadium, Clemson",1971 Clemson Tigers football team,,United States,34.678611111,-82.843055555
"Memorial Stadium, Clemson",1972 Clemson Tigers football team,,United States,34.678611111,-82.843055555
"Memorial Stadium, Clemson",1973 Clemson Tigers football team,,United States,34.678611111,-82.843055555
"Memorial Stadium, Clemson",1974 Clemson Tigers football team,,United States,34.678611111,-82.843055555
"Memorial Stadium, Clemson",1975 Clemson Tigers football team,,United States,34.678611111,-82.843055555
"Memorial Stadium, Clemson",1976 Clemson Tigers football team,,United States,34.678611111,-82.843055555
"Memorial Stadium, Clemson",1977 Clemson Tigers football team,,United States,34.678611111,-82.843055555
"Memorial Stadium, Clemson",1978 Clemson Tigers football team,,United States,34.678611111,-82.843055555
"Memorial Stadium, Clemson",1979 Clemson Tigers football team,,United States,34.678611111,-82.843055555
"Memorial Stadium, Clemson",1982 Clemson Tigers football team,,United States,34.678611111,-82.843055555
"Memorial Stadium, Clemson",1983 Clemson Tigers football team,,United States,34.678611111,-82.843055555
"Memorial Stadium, Clemson",1984 Clemson Tigers football team,,United States,34.678611111,-82.843055555
"Memorial Stadium, Clemson",1985 Clemson Tigers football team,,United States,34.678611111,-82.843055555
"Memorial Stadium, Clemson",1986 Clemson Tigers football team,,United States,34.678611111,-82.843055555
"Memorial Stadium, Clemson",1987 Clemson Tigers football team,,United States,34.678611111,-82.843055555
"Memorial Stadium, Clemson",1988 Clemson Tigers football team,,United States,34.678611111,-82.843055555
"Memorial Stadium, Clemson",1990 Clemson Tigers football team,,United States,34.678611111,-82.843055555
"Memorial Stadium, Clemson",1991 Clemson Tigers football team,,United States,34.678611111,-82.843055555
"Memorial Stadium, Clemson",1992 Clemson Tigers football team,,United States,34.678611111,-82.843055555
"Memorial Stadium, Clemson",1993 Clemson Tigers football team,,United States,34.678611111,-82.843055555
"Memorial Stadium, Clemson",1994 Clemson Tigers football team,,United States,34.678611111,-82.843055555
"Memorial Stadium, Clemson",1995 Clemson Tigers football team,,United States,34.678611111,-82.843055555
"Memorial Stadium, Clemson",1996 Clemson Tigers football team,,United States,34.678611111,-82.843055555
"Memorial Stadium, Clemson",1997 Clemson Tigers football team,,United States,34.678611111,-82.843055555
"Memorial Stadium, Clemson",2002 Clemson Tigers football team,,United States,34.678611111,-82.843055555
"Memorial Stadium, Clemson",2003 Clemson Tigers football team,,United States,34.678611111,-82.843055555
"Memorial Stadium, Clemson",1980 Clemson Tigers football team,,United States,34.678611111,-82.843055555
"Memorial Stadium, Clemson",1998 Clemson Tigers football team,,United States,34.678611111,-82.843055555
"Memorial Stadium, Clemson",1999 Clemson Tigers football team,,United States,34.678611111,-82.843055555
"Memorial Stadium, Clemson",2000 Clemson Tigers football team,,United States,34.678611111,-82.843055555
"Memorial Stadium, Clemson",2004 Clemson Tigers football team,,United States,34.678611111,-82.843055555
"Memorial Stadium, Clemson",2016 Clemson Tigers football team,,United States,34.678611111,-82.843055555
"Memorial Stadium, Clemson",2017 Clemson Tigers football team,,United States,34.678611111,-82.843055555
"Memorial Stadium, Clemson",2018 Clemson Tigers football team,,United States,34.678611111,-82.843055555
"Memorial Stadium, Clemson",2019 Clemson Tigers football team,,United States,34.678611111,-82.843055555
Arrowhead Stadium,Kansas City Chiefs,,United States,39.048888888,-94.483888888
Arrowhead Stadium,Sporting Kansas City,,United States,39.048888888,-94.483888888
Arrowhead Stadium,Kansas Jayhawks football,,United States,39.048888888,-94.483888888
Leeds Road,Huddersfield Giants,,United Kingdom,53.657864,-1.767792
Stadionul Municipal,FC Vaslui,,Romania,46.6335,27.733319
Stadionul Municipal,AFC Atletico Vaslui,,Romania,46.6335,27.733319
Estadio Once de Noviembre,,,Colombia,10.404187,-75.495334
Ankara 19 Mayıs Stadium,Hacettepe S.K.,,Turkey,39.9400558,32.8454933
Ankara 19 Mayıs Stadium,Hacettepe S.K.,,Turkey,39.940094,32.845681
Ankara 19 Mayıs Stadium,MKE Ankaragücü,,Turkey,39.9400558,32.8454933
Ankara 19 Mayıs Stadium,MKE Ankaragücü,,Turkey,39.940094,32.845681
Ankara 19 Mayıs Stadium,Q6047112,,Turkey,39.9400558,32.8454933
Ankara 19 Mayıs Stadium,Q6047112,,Turkey,39.940094,32.845681
Ankara 19 Mayıs Stadium,Ankara Güneşspor,,Turkey,39.9400558,32.8454933
Ankara 19 Mayıs Stadium,Ankara Güneşspor,,Turkey,39.940094,32.845681
Nassiri Stadium,Tarbiat Yazd F.C.,,Iran,31.858851719,54.328629111
Nassiri Stadium,1973 World Wrestling Championships,,Iran,31.858851719,54.328629111
Nassiri Stadium,Foolad Yazd F.C.,,Iran,31.858851719,54.328629111
Nassiri Stadium,Yazd Loleh F.C.,,Iran,31.858851719,54.328629111
Superior Dome,,,United States,46.56,-87.393611111
KLFA Stadium,Kuala Lumpur FA,,Malaysia,3.100536111,101.721372222
KLFA Stadium,Kuala Lumpur City F.C.,,Malaysia,3.100536111,101.721372222
Estádio da Várzea,CD Travadores,,Cape Verde,14.916111,-23.512222
Estádio da Várzea,Académica da Praia,,Cape Verde,14.916111,-23.512222
Estádio da Várzea,Boavista FC,,Cape Verde,14.916111,-23.512222
Estádio da Várzea,Sporting Clube da Praia,,Cape Verde,14.916111,-23.512222
Estádio da Várzea,Garridos,,Cape Verde,14.916111,-23.512222
Estádio da Várzea,AD Bairro,,Cape Verde,14.916111,-23.512222
Estádio da Várzea,Celtic,,Cape Verde,14.916111,-23.512222
Estádio da Várzea,GDRC Delta,,Cape Verde,14.916111,-23.512222
Estádio da Várzea,Desportivo da Praia,,Cape Verde,14.916111,-23.512222
Estádio da Várzea,Vitória FC,,Cape Verde,14.916111,-23.512222
Estádio da Várzea,Seven Stars,,Cape Verde,14.916111,-23.512222
Estádio da Várzea,Benfica da Praia,,Cape Verde,14.916111,-23.512222
Estádio da Várzea,Q86727916,,Cape Verde,14.916111,-23.512222
"Estádio Luiz Viana Filho, Itabuna",Itabuna Esporte Clube,,Brazil,-14.808403712,-39.278887532
"Estádio Luiz Viana Filho, Itabuna",Grapiúna Atlético Clube,,Brazil,-14.808403712,-39.278887532
Idrottsparken,UEFA Euro 1992,,Sweden,58.584166666,16.173055555
Idrottsparken,IK Sleipner,,Sweden,58.584166666,16.173055555
Idrottsparken,IF Sylvia,,Sweden,58.584166666,16.173055555
Idrottsparken,IFK Norrköping DFK,,Sweden,58.584166666,16.173055555
Idrottsparken,IFK Norrköping FK,,Sweden,58.584166666,16.173055555
Colorado Convention Center,,,United States,39.7419,-104.996
Sacramento Convention Center Complex,,,United States,38.5783,-121.489
Kartal Stadium,Kartal S.K.,,Turkey,40.892014,29.191017
South Tyrol Arena,Biathlon World Championships 2020 – mixed relay,,Italy,46.886,12.1525
South Tyrol Arena,Biathlon World Championships 2020 – women's sprint,,Italy,46.886,12.1525
South Tyrol Arena,Biathlon World Championships 2020 – men's sprint,,Italy,46.886,12.1525
South Tyrol Arena,Biathlon World Championships 2020 – men's pursuit,,Italy,46.886,12.1525
South Tyrol Arena,biathlon at the 2026 Winter Olympics,,Italy,46.886,12.1525
South Tyrol Arena,biathlon at the 2026 Winter Olympics – women's individual,,Italy,46.886,12.1525
South Tyrol Arena,biathlon at the 2026 Winter Olympics – men's individual,,Italy,46.886,12.1525
Liberty Stadium,Swansea City A.F.C.,,United Kingdom,51.6422,-3.9351
Liberty Stadium,Ospreys,,United Kingdom,51.6422,-3.9351
Q580709,,,Brazil,-16.723444,-43.860056
Luigi Zaffanella Stadium,Aironi,,Italy,44.934015,10.517757
Luigi Zaffanella Stadium,Rugby Viadana,,Italy,44.934015,10.517757
Luigi Zaffanella Stadium,Q3942410,,Italy,44.934015,10.517757
Luigi Zaffanella Stadium,Q3942411,,Italy,44.934015,10.517757
Luigi Zaffanella Stadium,Q3942413,,Italy,44.934015,10.517757
Luigi Zaffanella Stadium,Q3942414,,Italy,44.934015,10.517757
Luigi Zaffanella Stadium,Q17652047,,Italy,44.934015,10.517757
Luigi Zaffanella Stadium,Q17652048,,Italy,44.934015,10.517757
Luigi Zaffanella Stadium,Q17652049,,Italy,44.934015,10.517757
Luigi Zaffanella Stadium,Q19788235,,Italy,44.934015,10.517757
Luigi Zaffanella Stadium,Q19788237,,Italy,44.934015,10.517757
Luigi Zaffanella Stadium,Q19788260,,Italy,44.934015,10.517757
Luigi Zaffanella Stadium,Q20008737,,Italy,44.934015,10.517757
Luigi Zaffanella Stadium,Q21210985,,Italy,44.934015,10.517757
Luigi Zaffanella Stadium,Q21211068,,Italy,44.934015,10.517757
Luigi Zaffanella Stadium,Q24941575,,Italy,44.934015,10.517757
Luigi Zaffanella Stadium,Q30888855,,Italy,44.934015,10.517757
Luigi Zaffanella Stadium,Q48803684,,Italy,44.934015,10.517757
Luigi Zaffanella Stadium,Q48803727,,Italy,44.934015,10.517757
Luigi Zaffanella Stadium,Q55832576,,Italy,44.934015,10.517757
Luigi Zaffanella Stadium,Q81300503,,Italy,44.934015,10.517757
Northwest Stadium,Washington Commanders,,United States,38.907777777,-76.864444444
Northwest Stadium,2013 Washington Redskins season,,United States,38.907777777,-76.864444444
Northwest Stadium,2024 Washington Commanders season,,United States,38.907777777,-76.864444444
Northwest Stadium,2025 Washington Commanders season,,United States,38.907777777,-76.864444444
Northwest Stadium,2026 Washington Commanders season,,United States,38.907777777,-76.864444444
Valley Children's Stadium,Fresno State Bulldogs,,United States,36.8144,-119.758
Valley Children's Stadium,1998 Fresno State Bulldogs football team,,United States,36.8144,-119.758
Valley Children's Stadium,1999 Fresno State Bulldogs football team,,United States,36.8144,-119.758
Valley Children's Stadium,2000 Fresno State Bulldogs football team,,United States,36.8144,-119.758
Valley Children's Stadium,2001 Fresno State Bulldogs football team,,United States,36.8144,-119.758
Valley Children's Stadium,2002 Fresno State Bulldogs football team,,United States,36.8144,-119.758
Valley Children's Stadium,2003 Fresno State Bulldogs football team,,United States,36.8144,-119.758
Valley Children's Stadium,2004 Fresno State Bulldogs football team,,United States,36.8144,-119.758
Valley Children's Stadium,2005 Fresno State Bulldogs football team,,United States,36.8144,-119.758
Valley Children's Stadium,2006 Fresno State Bulldogs football team,,United States,36.8144,-119.758
Valley Children's Stadium,2007 Fresno State Bulldogs football team,,United States,36.8144,-119.758
Valley Children's Stadium,2008 Fresno State Bulldogs football team,,United States,36.8144,-119.758
Valley Children's Stadium,2009 Fresno State Bulldogs football team,,United States,36.8144,-119.758
Valley Children's Stadium,2010 Fresno State Bulldogs football team,,United States,36.8144,-119.758
Valley Children's Stadium,2011 Fresno State Bulldogs football team,,United States,36.8144,-119.758
Valley Children's Stadium,2012 Fresno State Bulldogs football team,,United States,36.8144,-119.758
Valley Children's Stadium,Fresno State Bulldogs football,,United States,36.8144,-119.758
Valley Children's Stadium,2013 Fresno State Bulldogs football team,,United States,36.8144,-119.758
Valley Children's Stadium,2014 Fresno State Bulldogs football team,,United States,36.8144,-119.758
Valley Children's Stadium,1992 Fresno State Bulldogs football team,,United States,36.8144,-119.758
Valley Children's Stadium,2015 Fresno State Bulldogs football team,,United States,36.8144,-119.758
Valley Children's Stadium,2016 Fresno State Bulldogs football team,,United States,36.8144,-119.758
Valley Children's Stadium,1993 Fresno State Bulldogs football team,,United States,36.8144,-119.758
Valley Children's Stadium,1980 Fresno State Bulldogs football team,,United States,36.8144,-119.758
Valley Children's Stadium,1981 Fresno State Bulldogs football team,,United States,36.8144,-119.758
Valley Children's Stadium,1982 Fresno State Bulldogs football team,,United States,36.8144,-119.758
Valley Children's Stadium,1983 Fresno State Bulldogs football team,,United States,36.8144,-119.758
Valley Children's Stadium,1984 Fresno State Bulldogs football team,,United States,36.8144,-119.758
Valley Children's Stadium,1985 Fresno State Bulldogs football team,,United States,36.8144,-119.758
Valley Children's Stadium,1986 Fresno State Bulldogs football team,,United States,36.8144,-119.758
Valley Children's Stadium,1987 Fresno State Bulldogs football team,,United States,36.8144,-119.758
Valley Children's Stadium,1988 Fresno State Bulldogs football team,,United States,36.8144,-119.758
Valley Children's Stadium,1989 Fresno State Bulldogs football team,,United States,36.8144,-119.758
Valley Children's Stadium,1990 Fresno State Bulldogs football team,,United States,36.8144,-119.758
Valley Children's Stadium,1991 Fresno State Bulldogs football team,,United States,36.8144,-119.758
Valley Children's Stadium,1994 Fresno State Bulldogs football team,,United States,36.8144,-119.758
Valley Children's Stadium,1995 Fresno State Bulldogs football team,,United States,36.8144,-119.758
Valley Children's Stadium,1997 Fresno State Bulldogs football team,,United States,36.8144,-119.758
Valley Children's Stadium,1996 Fresno State Bulldogs football team,,United States,36.8144,-119.758
Valley Children's Stadium,2017 Fresno State Bulldogs football team,,United States,36.8144,-119.758
Valley Children's Stadium,2018 Fresno State Bulldogs football team,,United States,36.8144,-119.758
Munayshy Stadium,FC Atyrau,,Kazakhstan,47.094085,51.908324
Munayshy Stadium,FC Atyrau,,Soviet Union,47.094085,51.908324
Estadio 25 de Noviembre,Cobresol,,Peru,-17.185731,-70.930052
Estadio 25 de Noviembre,San Simón de Moquegua,,Peru,-17.185731,-70.930052
Principal Park,Iowa Cubs,,United States,41.580277777,-93.615833333
Rođeni Stadium,FK Velež Mostar,,Bosnia and Herzegovina,43.378384,17.854382
Estadio Nueva Chicago,Club Atlético Nueva Chicago,,Argentina,-34.66791944,-58.4996
Julio Martínez Prádanos National Stadium,Chile men's national football team,,Chile,-33.464444444,-70.610555555
Julio Martínez Prádanos National Stadium,Chile women's national association football team,,Chile,-33.464444444,-70.610555555
Julio Martínez Prádanos National Stadium,Club Universidad de Chile,,Chile,-33.464444444,-70.610555555
Julio Martínez Prádanos National Stadium,1953 South American Championships in Athletics,,Chile,-33.464444444,-70.610555555
Julio Martínez Prádanos National Stadium,2010 South American Youth Championships in Athletics,,Chile,-33.464444444,-70.610555555
Julio Martínez Prádanos National Stadium,athletics at the 1986 South American Games,,Chile,-33.464444444,-70.610555555
Julio Martínez Prádanos National Stadium,Club Universidad de Chile (women),,Chile,-33.464444444,-70.610555555
Julio Martínez Prádanos National Stadium,1960 Ibero-American Games,,Chile,-33.464444444,-70.610555555
Sidi-Youssef-Ben-Ali stadium,Chez Ali Club de Marrakech,,Morocco,31.63,-8.0
Pontiac Silverdome,Detroit Express,,United States,42.645833333,-83.255
Pontiac Silverdome,1982 NCAA Indoor Track and Field Championships,,United States,42.645833333,-83.255
Pontiac Silverdome,1983 NCAA Indoor Track and Field Championships,,United States,42.645833333,-83.255
Stade de Genève,Servette FC,,Switzerland,46.177778,6.1275
Stade de Genève,UEFA Euro 2008,,Switzerland,46.177778,6.1275
Arena Lviv,UEFA Euro 2012,,Ukraine,49.775278055,24.027778055
Wörthersee Stadion,UEFA Euro 2008,,Austria,46.608847,14.278281
Wörthersee Stadion,FC Kärnten,,Austria,46.608847,14.278281
Wörthersee Stadion,SK Austria Klagenfurt,,Austria,46.608847,14.278281
Wörthersee Stadion,SK Austria Kärnten,,Austria,46.608847,14.278281
Meadowlands Sports Complex,,,United States,40.814166666,-74.073888888
Toughsheet Community Stadium,Bolton Wanderers F.C.,,United Kingdom,53.580555555,-2.535555555
San Mamés Stadium,,,Spain,43.264205,-2.949369
Stadio Danilo Martelli,Mantova 1911,,Italy,45.146111,10.794167
Dodger Stadium,Los Angeles Dodgers,,United States,34.073611111,-118.24
Dodger Stadium,2023 Los Angeles Dodgers season,,United States,34.073611111,-118.24
Stade de l'Unité Africaine,Ghali Chabab Mascara,,Algeria,35.388056,0.159444
Estadio Ganzábal,Unión Popular de Langreo,,Spain,43.30197222,-5.68984167
Estadio Ganzábal,CP La Felguera,,Spain,43.30197222,-5.68984167
Campo de Ciudad Lineal,,,Spain,40.4501,-3.6532
Hidegkuti Nándor Stadion,MTK Budapest FC,,Hungary,47.490919444,19.106725
Hidegkuti Nándor Stadion,MTK Hungária FC,,Hungary,47.490919444,19.106725
Estadio Román Suárez Puerta,Real Avilés CF,,Spain,43.5575,-5.9306
Estadio Alejandro Ortea,Condal Club,,Spain,43.391944,-5.704167
Nobeoka Nishishina Athletic Stadium,,,Japan,32.570556,131.640556
Providence Park,Portland Timbers,,United States,45.521388888,-122.691666666
Providence Park,Portland Thorns FC,,United States,45.521388888,-122.691666666
Providence Park,Portland Timbers U23s,,United States,45.521388888,-122.691666666
Providence Park,2011 Portland State Vikings football team,,United States,45.521388888,-122.691666666
Providence Park,2012 Portland State Vikings football team,,United States,45.521388888,-122.691666666
Providence Park,Portland Beavers,,United States,45.521388888,-122.691666666
Providence Park,Portland State Vikings football,,United States,45.521388888,-122.691666666
Providence Park,Portland State Vikings,,United States,45.521388888,-122.691666666
Providence Park,Portland State Vikings football under Jerry Glanville,,United States,45.521388888,-122.691666666
Providence Park,Portland Timbers Reserves,,United States,45.521388888,-122.691666666
Providence Park,Tri-City Dust Devils,,United States,45.521388888,-122.691666666
Providence Park,2013 Portland State Vikings football team,,United States,45.521388888,-122.691666666
Providence Park,2014 Portland State Vikings football team,,United States,45.521388888,-122.691666666
Providence Park,Portland Timbers 2,,United States,45.521388888,-122.691666666
Providence Park,2015 Portland State Vikings football team,,United States,45.521388888,-122.691666666
Providence Park,2016 Portland State Vikings football team,,United States,45.521388888,-122.691666666
Providence Park,1953 Oregon State Beavers football team,,United States,45.521388888,-122.691666666
Providence Park,1952 Oregon State Beavers football team,,United States,45.521388888,-122.691666666
Providence Park,2017 Portland State Vikings football team,,United States,45.521388888,-122.691666666
Providence Park,1947 Portland Pilots football team,,United States,45.521388888,-122.691666666
Providence Park,1927 Columbia Irish football team,,United States,45.521388888,-122.691666666
Providence Park,1928 Columbia Irish football team,,United States,45.521388888,-122.691666666
Providence Park,1929 Columbia Irish football team,,United States,45.521388888,-122.691666666
Providence Park,1930 Columbia Irish football team,,United States,45.521388888,-122.691666666
Providence Park,1931 Columbia Irish football team,,United States,45.521388888,-122.691666666
Providence Park,1932 Columbia Irish football team,,United States,45.521388888,-122.691666666
Providence Park,1934 Columbia Irish football team,,United States,45.521388888,-122.691666666
Providence Park,1935 Portland Pilots football team,,United States,45.521388888,-122.691666666
Providence Park,1936 Portland Pilots football team,,United States,45.521388888,-122.691666666
Providence Park,1937 Portland Pilots football team,,United States,45.521388888,-122.691666666
Providence Park,1938 Portland Pilots football team,,United States,45.521388888,-122.691666666
Providence Park,1939 Portland Pilots football team,,United States,45.521388888,-122.691666666
Providence Park,1940 Portland Pilots football team,,United States,45.521388888,-122.691666666
Providence Park,1941 Portland Pilots football team,,United States,45.521388888,-122.691666666
Providence Park,1942 Portland Pilots football team,,United States,45.521388888,-122.691666666
Providence Park,1946 Portland Pilots football team,,United States,45.521388888,-122.691666666
Providence Park,1948 Portland Pilots football team,,United States,45.521388888,-122.691666666
Providence Park,1949 Portland Pilots football team,,United States,45.521388888,-122.691666666
Lotto Park,UEFA Euro 1972,,Belgium,50.834167,4.298333
Lotto Park,R.S.C. Anderlecht,,Belgium,50.834167,4.298333
Daegu Civic Stadium,,,South Korea,35.881253,128.588231
Káposztás Street Stadium,FC Sopron,,Hungary,47.69171,16.583691
Káposztás Street Stadium,Soproni VSE,,Hungary,47.69171,16.583691
Káposztás Street Stadium,Q105086554,,Hungary,47.69171,16.583691
Petr Atoyan Stadium,FC Akzhayik,,Kazakhstan,51.211944,51.350833
Estádio do Dragão,UEFA Euro 2004,,Portugal,41.161758,-8.583933
Estádio do Dragão,FC Porto,,Portugal,41.161758,-8.583933
Stadio Luigi Ferraris,U.C. Sampdoria,,Italy,44.416431,8.952428
Stadio Luigi Ferraris,Genoa CFC,,Italy,44.416431,8.952428
Stadio Luigi Ferraris,2021–22 U.C. Sampdoria season,,Italy,44.416431,8.952428
Mas Monumental Stadium,Club Atlético River Plate,,Argentina,-34.545277777,-58.449722222
Mas Monumental Stadium,Argentina national football team,,Argentina,-34.545277777,-58.449722222
Mas Monumental Stadium,Club Atlético River Plate women,,Argentina,-34.545277777,-58.449722222
Estadio Tomás Adolfo Ducó,Club Atlético Huracán,,Argentina,-34.643494,-58.396511
Estadio Tomás Adolfo Ducó,Huracán (women),,Argentina,-34.643494,-58.396511
Hjørring Stadium,FC Hjørring,,Denmark,57.4577062,9.9984598
Hjørring Stadium,Fortuna Hjørring,,Denmark,57.4577062,9.9984598
Hjørring Stadium,Vendsyssel FF,,Denmark,57.4577062,9.9984598
Stade Pierre-Aliker,Club Colonial,,France,14.60334,-61.0462
Stade Pierre-Aliker,Good Luck,,France,14.60334,-61.0462
Stade Pierre-Aliker,2014 CARIFTA Games,,France,14.60334,-61.0462
Stade Pierre-Aliker,Q28662673,,France,14.60334,-61.0462
Helong Stadium,,,People's Republic of China,28.181756,112.977303
Mohammed Bin Zayed Stadium,Al Jazira Club,,United Arab Emirates,24.452764,54.392019
Bosuilstadion,UEFA Euro 1972,,Belgium,51.232222,4.471667
Bosuilstadion,Royal Antwerp F.C.,,Belgium,51.232222,4.471667
Al Janoub Stadium,Al-Wakrah Sports Club,,Qatar,25.159777777,51.574083333
Al Janoub Stadium,Al-Wakrah Sport Club,,Qatar,25.159777777,51.574083333
Al-Shaab Stadium,Al-Shorta Baghdad,,Iraq,33.324906,44.435438
Yamato Sports Center Stadium,,,Japan,35.475,139.462778
The New Lawn,Forest Green Rovers F.C.,,United Kingdom,51.6984,-2.233233
Horsfall Stadium,Albion Sports A.F.C.,,United Kingdom,53.758856,-1.776203
Horsfall Stadium,Bradford (Park Avenue) A.F.C.,,United Kingdom,53.758856,-1.776203
York Street,Boston United F.C.,,United Kingdom,52.976786,-0.019117
Singapore Indoor Stadium,2009 Singapore Super Series,,Singapore,1.300555555,103.874444444
Singapore Indoor Stadium,2007 Singapore Super Series,,Singapore,1.300555555,103.874444444
Singapore Indoor Stadium,badminton at the 2010 Summer Youth Olympics,,Singapore,1.300555555,103.874444444
Singapore Indoor Stadium,Singapore Slingers,,Singapore,1.300555555,103.874444444
Singapore Indoor Stadium,2001 Singapore Open Badminton Championships,,Singapore,1.300555555,103.874444444
Singapore Indoor Stadium,2010 Singapore Super Series,,Singapore,1.300555555,103.874444444
Singapore Indoor Stadium,1990 Singapore Open Badminton Championships,,Singapore,1.300555555,103.874444444
Singapore Indoor Stadium,2002 Singapore Open Badminton Championships,,Singapore,1.300555555,103.874444444
Singapore Indoor Stadium,1995 Singapore Open Badminton Championships,,Singapore,1.300555555,103.874444444
Singapore Indoor Stadium,1992 Singapore Open Badminton Championships,,Singapore,1.300555555,103.874444444
Singapore Indoor Stadium,2005 Singapore Open Badminton Championships,,Singapore,1.300555555,103.874444444
Singapore Indoor Stadium,1991 Singapore Open Badminton Championships,,Singapore,1.300555555,103.874444444
Singapore Indoor Stadium,1994 Singapore Open Badminton Championships,,Singapore,1.300555555,103.874444444
Singapore Indoor Stadium,1999 Singapore Open Badminton Championships,,Singapore,1.300555555,103.874444444
Singapore Indoor Stadium,2004 Singapore Open Badminton Championships,,Singapore,1.300555555,103.874444444
Singapore Indoor Stadium,2006 Singapore Open Badminton Championships,,Singapore,1.300555555,103.874444444
Singapore Indoor Stadium,2012 Singapore Super Series,,Singapore,1.300555555,103.874444444
Singapore Indoor Stadium,2011 Singapore Super Series,,Singapore,1.300555555,103.874444444
Singapore Indoor Stadium,2008 Singapore Super Series,,Singapore,1.300555555,103.874444444
Singapore Indoor Stadium,badminton at the 2010 Summer Youth Olympics – men's singles,,Singapore,1.300555555,103.874444444
Singapore Indoor Stadium,badminton at the 2010 Summer Youth Olympics – women's singles,,Singapore,1.300555555,103.874444444
Singapore Indoor Stadium,2013 Singapore Super Series,,Singapore,1.300555555,103.874444444
Singapore Indoor Stadium,2014 Singapore Super Series,,Singapore,1.300555555,103.874444444
Singapore Indoor Stadium,2015 Singapore Super Series,,Singapore,1.300555555,103.874444444
Singapore Indoor Stadium,2015 Singapore Super Series Qualification,,Singapore,1.300555555,103.874444444
Singapore Indoor Stadium,badminton at the 2015 South East Asian Games,,Singapore,1.300555555,103.874444444
Singapore Indoor Stadium,badminton at the 2015 Southeast Asian Games – men's singles,,Singapore,1.300555555,103.874444444
Singapore Indoor Stadium,badminton at the 2015 Southeast Asian Games – men's team,,Singapore,1.300555555,103.874444444
Singapore Indoor Stadium,badminton at the 2015 Southeast Asian Games – women's team,,Singapore,1.300555555,103.874444444
Singapore Indoor Stadium,badminton at the 2015 Southeast Asian Games – women's singles,,Singapore,1.300555555,103.874444444
Singapore Indoor Stadium,badminton at the 2015 Southeast Asian Games – men's doubles,,Singapore,1.300555555,103.874444444
Singapore Indoor Stadium,badminton at the 2015 Southeast Asian Games – mixed doubles,,Singapore,1.300555555,103.874444444
Singapore Indoor Stadium,badminton at the 2015 Southeast Asian Games – women's doubles,,Singapore,1.300555555,103.874444444
Singapore Indoor Stadium,2016 Singapore Super Series,,Singapore,1.300555555,103.874444444
Singapore Indoor Stadium,2017 Singapore Super Series,,Singapore,1.300555555,103.874444444
Singapore Indoor Stadium,2018 Singapore Open Badminton Championships,,Singapore,1.300555555,103.874444444
Singapore Indoor Stadium,2019 Singapore Open Badminton Championships,,Singapore,1.300555555,103.874444444
Singapore Indoor Stadium,2022 Singapore Open Badminton Championships,,Singapore,1.300555555,103.874444444
Singapore Indoor Stadium,2023 Singapore Open Badminton Championships,,Singapore,1.300555555,103.874444444
Singapore Indoor Stadium,2024 Singapore Open Badminton Championships,,Singapore,1.300555555,103.874444444
Singapore Indoor Stadium,2025 Singapore Open Badminton Championships,,Singapore,1.300555555,103.874444444
Singapore Indoor Stadium,2026 Singapore Open Badminton Championships,,Singapore,1.300555555,103.874444444
Singapore Indoor Stadium,1990 Singapore Open Badminton Championships – men's doubles,,Singapore,1.300555555,103.874444444
Singapore Indoor Stadium,1991 Singapore Open Badminton Championships – men's doubles,,Singapore,1.300555555,103.874444444
Singapore Indoor Stadium,1992 Singapore Open Badminton Championships – men's doubles,,Singapore,1.300555555,103.874444444
Singapore Indoor Stadium,1994 Singapore Open Badminton Championships – men's doubles,,Singapore,1.300555555,103.874444444
Singapore Indoor Stadium,1995 Singapore Open Badminton Championships – men's doubles,,Singapore,1.300555555,103.874444444
Singapore Indoor Stadium,1999 Singapore Open Badminton Championships – men's doubles,,Singapore,1.300555555,103.874444444
Singapore Indoor Stadium,2001 Singapore Open Badminton Championships – men's doubles,,Singapore,1.300555555,103.874444444
Singapore Indoor Stadium,2002 Singapore Open Badminton Championships – men's doubles,,Singapore,1.300555555,103.874444444
Singapore Indoor Stadium,2004 Singapore Open Badminton Championships – men's doubles,,Singapore,1.300555555,103.874444444
Singapore Indoor Stadium,2005 Singapore Open Badminton Championships – men's doubles,,Singapore,1.300555555,103.874444444
Singapore Indoor Stadium,2006 Singapore Open Badminton Championships – men's doubles,,Singapore,1.300555555,103.874444444
Singapore Indoor Stadium,2007 Singapore Open Badminton Championships – men's doubles,,Singapore,1.300555555,103.874444444
Singapore Indoor Stadium,2008 Singapore Open Badminton Championships – men's doubles,,Singapore,1.300555555,103.874444444
Singapore Indoor Stadium,2009 Singapore Open Badminton Championships – men's doubles,,Singapore,1.300555555,103.874444444
Singapore Indoor Stadium,2010 Singapore Open Badminton Championships – men's doubles,,Singapore,1.300555555,103.874444444
Singapore Indoor Stadium,2011 Singapore Open Badminton Championships – men's doubles,,Singapore,1.300555555,103.874444444
Singapore Indoor Stadium,2012 Singapore Open Badminton Championships – men's doubles,,Singapore,1.300555555,103.874444444
Singapore Indoor Stadium,2013 Singapore Open Badminton Championships – men's doubles,,Singapore,1.300555555,103.874444444
Singapore Indoor Stadium,2014 Singapore Open Badminton Championships – men's doubles,,Singapore,1.300555555,103.874444444
Singapore Indoor Stadium,2015 Singapore Open Badminton Championships – men's doubles,,Singapore,1.300555555,103.874444444
Singapore Indoor Stadium,2016 Singapore Open Badminton Championships – men's doubles,,Singapore,1.300555555,103.874444444
Singapore Indoor Stadium,2017 Singapore Open Badminton Championships – men's doubles,,Singapore,1.300555555,103.874444444
Singapore Indoor Stadium,2018 Singapore Open Badminton Championships – men's doubles,,Singapore,1.300555555,103.874444444
Singapore Indoor Stadium,2019 Singapore Open Badminton Championships – men's doubles,,Singapore,1.300555555,103.874444444
Singapore Indoor Stadium,2022 Singapore Open Badminton Championships – men's doubles,,Singapore,1.300555555,103.874444444
Singapore Indoor Stadium,2023 Singapore Open Badminton Championships – men's doubles,,Singapore,1.300555555,103.874444444
Singapore Indoor Stadium,2024 Singapore Open Badminton Championships – men's doubles,,Singapore,1.300555555,103.874444444
Singapore Indoor Stadium,2025 Singapore Open Badminton Championships – men's doubles,,Singapore,1.300555555,103.874444444
Singapore Indoor Stadium,1990 Singapore Open Badminton Championships – men's singles,,Singapore,1.300555555,103.874444444
Singapore Indoor Stadium,1991 Singapore Open Badminton Championships – men's singles,,Singapore,1.300555555,103.874444444
Singapore Indoor Stadium,1992 Singapore Open Badminton Championships – men's singles,,Singapore,1.300555555,103.874444444
Singapore Indoor Stadium,1994 Singapore Open Badminton Championships – men's singles,,Singapore,1.300555555,103.874444444
Singapore Indoor Stadium,1995 Singapore Open Badminton Championships – men's singles,,Singapore,1.300555555,103.874444444
Singapore Indoor Stadium,1999 Singapore Open Badminton Championships – men's singles,,Singapore,1.300555555,103.874444444
Singapore Indoor Stadium,2001 Singapore Open Badminton Championships – men's singles,,Singapore,1.300555555,103.874444444
Singapore Indoor Stadium,2002 Singapore Open Badminton Championships – men's singles,,Singapore,1.300555555,103.874444444
Singapore Indoor Stadium,2004 Singapore Open Badminton Championships – men's singles,,Singapore,1.300555555,103.874444444
Singapore Indoor Stadium,2005 Singapore Open Badminton Championships – men's singles,,Singapore,1.300555555,103.874444444
Singapore Indoor Stadium,2006 Singapore Open Badminton Championships – men's singles,,Singapore,1.300555555,103.874444444
Singapore Indoor Stadium,2007 Singapore Open Badminton Championships – men's singles,,Singapore,1.300555555,103.874444444
Singapore Indoor Stadium,2008 Singapore Open Badminton Championships – men's singles,,Singapore,1.300555555,103.874444444
Singapore Indoor Stadium,2009 Singapore Open Badminton Championships – men's singles,,Singapore,1.300555555,103.874444444
Singapore Indoor Stadium,2010 Singapore Open Badminton Championships – men's singles,,Singapore,1.300555555,103.874444444
Singapore Indoor Stadium,2011 Singapore Open Badminton Championships – men's singles,,Singapore,1.300555555,103.874444444
Singapore Indoor Stadium,2012 Singapore Open Badminton Championships – men's singles,,Singapore,1.300555555,103.874444444
Singapore Indoor Stadium,2013 Singapore Open Badminton Championships – men's singles,,Singapore,1.300555555,103.874444444
Singapore Indoor Stadium,2014 Singapore Open Badminton Championships – men's singles,,Singapore,1.300555555,103.874444444
Singapore Indoor Stadium,2015 Singapore Open Badminton Championships – men's singles,,Singapore,1.300555555,103.874444444
Singapore Indoor Stadium,2016 Singapore Open Badminton Championships – men's singles,,Singapore,1.300555555,103.874444444
Singapore Indoor Stadium,2017 Singapore Open Badminton Championships – men's singles,,Singapore,1.300555555,103.874444444
Singapore Indoor Stadium,2018 Singapore Open Badminton Championships – men's singles,,Singapore,1.300555555,103.874444444
Singapore Indoor Stadium,2019 Singapore Open Badminton Championships – men's singles,,Singapore,1.300555555,103.874444444
Singapore Indoor Stadium,2022 Singapore Open Badminton Championships – men's singles,,Singapore,1.300555555,103.874444444
Singapore Indoor Stadium,2023 Singapore Open Badminton Championships – men's singles,,Singapore,1.300555555,103.874444444
Estádio José Gomes da Costa,Murici F.C.,,Brazil,-9.315775,-35.944467
Estadio Príncipe Felipe,CP Cacereño,,Spain,39.487130555,-6.412347222
Estadio Príncipe Felipe,CFF Cáceres,,Spain,39.487130555,-6.412347222
Alumni Stadium,Boston Minutemen,,United States,42.335,-71.166388888
Alumni Stadium,Boston College Eagles,,United States,42.335,-71.166388888
Alumni Stadium,1984 Boston College Eagles football team,,United States,42.335,-71.166388888
Alumni Stadium,1997 Boston College Eagles football team,,United States,42.335,-71.166388888
Alumni Stadium,1998 Boston College Eagles football team,,United States,42.335,-71.166388888
Alumni Stadium,1999 Boston College Eagles football team,,United States,42.335,-71.166388888
Alumni Stadium,2000 Boston College Eagles football team,,United States,42.335,-71.166388888
Alumni Stadium,2001 Boston College Eagles football team,,United States,42.335,-71.166388888
Alumni Stadium,2002 Boston College Eagles football team,,United States,42.335,-71.166388888
Alumni Stadium,2003 Boston College Eagles football team,,United States,42.335,-71.166388888
Alumni Stadium,2007 Boston College Eagles football team,,United States,42.335,-71.166388888
Alumni Stadium,2008 Boston College Eagles football team,,United States,42.335,-71.166388888
Alumni Stadium,2009 Boston College Eagles football team,,United States,42.335,-71.166388888
Alumni Stadium,2010 Boston College Eagles football team,,United States,42.335,-71.166388888
Alumni Stadium,2011 Boston College Eagles football team,,United States,42.335,-71.166388888
Alumni Stadium,2012 Boston College Eagles football team,,United States,42.335,-71.166388888
Alumni Stadium,Boston College Eagles football,,United States,42.335,-71.166388888
Alumni Stadium,2013 Boston College Eagles football team,,United States,42.335,-71.166388888
Alumni Stadium,2014 Boston College Eagles football team,,United States,42.335,-71.166388888
Alumni Stadium,2015 Boston College Eagles football team,,United States,42.335,-71.166388888
Alumni Stadium,2004 Boston College Eagles football team,,United States,42.335,-71.166388888
Alumni Stadium,2005 Boston College Eagles football team,,United States,42.335,-71.166388888
Alumni Stadium,2006 Boston College Eagles football team,,United States,42.335,-71.166388888
Alumni Stadium,1939 Boston College Eagles football team,,United States,42.335,-71.166388888
Alumni Stadium,2016 Boston College Eagles football team,,United States,42.335,-71.166388888
Alumni Stadium,2016 Notre Dame Fighting Irish men's soccer team,,United States,42.335,-71.166388888
Alumni Stadium,1974 Maine Black Bears football team,,United States,42.335,-71.166388888
Alumni Stadium,2018 Boston College Eagles football team,,United States,42.335,-71.166388888
Alumni Stadium,1975 Boston College Eagles football team,,United States,42.335,-71.166388888
Johannesburg Stadium,Jomo Cosmos F.C.,,South Africa,-26.193822222,28.062513888
Johannesburg Stadium,athletics at the 1999 All-Africa Games,,South Africa,-26.193822222,28.062513888
Révész Street Stadium,BFC Siófok,,Hungary,46.909166666,18.061388888
Silesian Stadium,2017 Kamila Skolimowska Memorial,,Poland,50.288333,18.973056
Silesian Stadium,2023 European Team Championships,,Poland,50.288333,18.973056
Lansdowne Road,1999 Rugby World Cup,,Ireland,53.335005555,-6.229202777
Lansdowne Road,1991 Rugby World Cup,,Ireland,53.335005555,-6.229202777
Lansdowne Road,Lansdowne Football Club,,Ireland,53.335005555,-6.229202777
Texas Stadium,1981 SMU Mustangs football team,,United States,32.839769444,-96.910911111
Texas Stadium,1982 SMU Mustangs football team,,United States,32.839769444,-96.910911111
Texas Stadium,SMU Mustangs football under Bobby Collins,,United States,32.839769444,-96.910911111
Texas Stadium,1984 SMU Mustangs football team,,United States,32.839769444,-96.910911111
Texas Stadium,1985 SMU Mustangs football team,,United States,32.839769444,-96.910911111
Texas Stadium,1986 SMU Mustangs football team,,United States,32.839769444,-96.910911111
Texas Stadium,1983 SMU Mustangs football team,,United States,32.839769444,-96.910911111
Texas Stadium,1979 SMU Mustangs football team,,United States,32.839769444,-96.910911111
Texas Stadium,1980 SMU Mustangs football team,,United States,32.839769444,-96.910911111
Estadio Reales Tamarindos,Liga Deportiva Universitaria de Portoviejo,,Ecuador,-1.048486,-80.45395
Estadio Reales Tamarindos,Q5774750,,Ecuador,-1.048486,-80.45395
Estadio Reales Tamarindos,Q12156656,,Ecuador,-1.048486,-80.45395
Estadio Reales Tamarindos,Q60853299,,Ecuador,-1.048486,-80.45395
Khalid Bin Mohammed Stadium,Al-Shaab CSC,,United Arab Emirates,25.374202777,55.423058333
Arena da Baixada,Club Athletico Paranaense,,Brazil,-25.448333,-49.276944
Arena da Baixada,Internacional Futebol Clube,,Brazil,-25.448333,-49.276944
Arena da Baixada,Club Athletico Paranaense women,,Brazil,-25.448333,-49.276944
Mississippi Veterans Memorial Stadium,2011 Jackson State Tigers football team,,United States,32.329639,-90.179778
Mississippi Veterans Memorial Stadium,2012 Jackson State Tigers football team,,United States,32.329639,-90.179778
Mississippi Veterans Memorial Stadium,Jackson State Tigers football,,United States,32.329639,-90.179778
Mississippi Veterans Memorial Stadium,Jackson State Tigers and Lady Tigers,,United States,32.329639,-90.179778
Mississippi Veterans Memorial Stadium,2013 Jackson State Tigers football team,,United States,32.329639,-90.179778
Mississippi Veterans Memorial Stadium,2014 Jackson State Tigers football team,,United States,32.329639,-90.179778
Mississippi Veterans Memorial Stadium,2015 Jackson State Tigers football team,,United States,32.329639,-90.179778
Mississippi Veterans Memorial Stadium,2016 Jackson State Tigers football team,,United States,32.329639,-90.179778
Mississippi Veterans Memorial Stadium,2010 Jackson State Tigers football team,,United States,32.329639,-90.179778
Mississippi Veterans Memorial Stadium,1974 Jackson State Tigers football team,,United States,32.329639,-90.179778
Okzhetpes Stadium,FC Okzhetpes,,Kazakhstan,53.285278,69.391667
Estadio Pepe Gonçalvez,Universidad de Las Palmas CF,,Spain,28.118125,-15.438525
Estadio Pepe Gonçalvez,AD Huracán,,Spain,28.118125,-15.438525
Arthur Ashe Stadium,,,United States,40.749886111,-73.847033333
Stadio Ennio Tardini,Parma Calcio 1913,,Italy,44.794916666,10.338444444
Stadio Ennio Tardini,Parma Calcio 2022,,Italy,44.794916666,10.338444444
BC Place,Vancouver Whitecaps FC,,Canada,49.276666666,-123.111944444
BC Place,BC Lions,,Canada,49.276666666,-123.111944444
BC Place,Vancouver Nighthawks,,Canada,49.276666666,-123.111944444
BC Place,2015 FIFA Women's World Cup Final,,Canada,49.276666666,-123.111944444
Lumen Field,Seattle Seahawks,,United States,47.595277777,-122.331666666
Lumen Field,Seattle Sounders FC,,United States,47.595277777,-122.331666666
Lumen Field,Seattle Reign FC,,United States,47.595277777,-122.331666666
Lumen Field,2012 Washington Huskies football team,,United States,47.595277777,-122.331666666
Lumen Field,Seattle Sea Dragons,,United States,47.595277777,-122.331666666
Plovdiv Stadium,,,Bulgaria,42.149722,24.719722
Dalian Jinzhou Stadium,Dalian Shide F.C.,,People's Republic of China,39.0953,121.7191
Dalian Jinzhou Stadium,Dalian Transcendence F.C.,,People's Republic of China,39.0953,121.7191
Dalian Jinzhou Stadium,Dalian Boyang F.C.,,People's Republic of China,39.0953,121.7191
Dens Park,Dundee F.C.,,United Kingdom,56.475264,-2.973194
Estadio General Francisco Morazán,Marathón Reservas,,Honduras,15.507455555,-88.033416666
Estadio General Francisco Morazán,Palestino F.C.,,Honduras,15.507455555,-88.033416666
Estadio General Francisco Morazán,Parrillas One,,Honduras,15.507455555,-88.033416666
Estadio General Francisco Morazán,Real España Las Vegas,,Honduras,15.507455555,-88.033416666
Brighton Community Stadium,Brighton & Hove Albion F.C.,,United Kingdom,50.861822222,-0.083277777
Brighton Community Stadium,2015 Rugby World Cup,,United Kingdom,50.861822222,-0.083277777
Sixfields Stadium,Northampton Town F.C.,,United Kingdom,52.235197,-0.93345
Sixfields Stadium,Sheffield Eagles,,United Kingdom,52.235197,-0.93345
Gradski stadion,FK Borac Banja Luka,,Bosnia and Herzegovina,44.7761,17.1996
King Baudouin Stadium,UEFA Euro 2000,,Belgium,50.895705555,4.334083333
King Baudouin Stadium,Belgium men's national football team,,Belgium,50.895705555,4.334083333
King Baudouin Stadium,UEFA Euro 1972,,Belgium,50.895705555,4.334083333
King Baudouin Stadium,UEFA Euro 1972 finals,,Belgium,50.895705555,4.334083333
King Baudouin Stadium,Royal Racing Club de Bruxelles,,Belgium,50.895705555,4.334083333
King Baudouin Stadium,2018 Belgian Athletics Championships,,Belgium,50.895705555,4.334083333
King Baudouin Stadium,2019 Belgian Athletics Championships,,Belgium,50.895705555,4.334083333
King Baudouin Stadium,2020 Belgian Athletics Championships,,Belgium,50.895705555,4.334083333
Sungui Baseball Stadium,,,South Korea,37.4667,126.643
Masan Baseball Stadium,,,South Korea,35.220797,128.581058
Gudeok Baseball Stadium,,,South Korea,35.194278,129.061306
Cheongju Baseball Stadium,,,South Korea,36.638611,127.47
Borås Arena,IF Elfsborg,,Sweden,57.73457,12.934334
Borås Arena,Dalsjöfors GoIF,,Sweden,57.73457,12.934334
Borås Arena,Norrby IF,,Sweden,57.73457,12.934334
Borås Arena,Bergdalens IK,,Sweden,57.73457,12.934334
Shahid Dr. Azodi Stadium,S.C. Damash,,Iran,37.264627,49.589072
Shahid Dr. Azodi Stadium,Esteghlal Rasht F.C.,,Iran,37.264627,49.589072
Shahid Dr. Azodi Stadium,Sepidrood Rasht F.C.,,Iran,37.264627,49.589072
Shahid Dr. Azodi Stadium,Pegah F.C.,,Iran,37.264627,49.589072
Herndon Stadium,Atlanta Beat,,United States,33.756,-84.4088
Estadio Regional de Antofagasta,Club Deportes Antofagasta,,Chile,-23.67013889,-70.40458333
Estadio Regional de Antofagasta,Q59829451,,Chile,-23.67013889,-70.40458333
Chichibunomiya Rugby Stadium,Japan national rugby union team,,Japan,35.672603,139.718169
Chichibunomiya Rugby Stadium,NTT Shining Arcs,,Japan,35.672603,139.718169
Chichibunomiya Rugby Stadium,Sunwolves,,Japan,35.672603,139.718169
Chichibunomiya Rugby Stadium,2016 Sunwolves season,,Japan,35.672603,139.718169
Chichibunomiya Rugby Stadium,2017 Sunwolves season,,Japan,35.672603,139.718169
Chichibunomiya Rugby Stadium,2018 Sunwolves season,,Japan,35.672603,139.718169
Chichibunomiya Rugby Stadium,Q68303497,,Japan,35.672603,139.718169
Estadio Augusto César Sandino,FC Villa Clara,,Cuba,22.404167,-79.955
Rate Field,Chicago White Sox,,United States,41.83,-87.633888888
EverBank Field,Jacksonville Jaguars,,United States,30.323889,-81.6375
EverBank Field,All Elite Wrestling,,United States,30.323889,-81.6375
Q635513,,,Brazil,-14.52395,-40.368233
Khankendi Stadium,Lernayin Artsakh Stepanakert,,Azerbaijan,39.821111,46.753056
Olympia,Helsingborgs IF,,Sweden,56.049444444,12.706944444
Olympia,HIF Akademi,,Sweden,56.049444444,12.706944444
Argentine Polo Ground,,,Argentina,-34.57125,-58.42672222
Q639696,Associação Garibaldi de Esportes,,Brazil,-29.245183,-51.539033
Q639696,Q10292271,,Brazil,-29.245183,-51.539033
Q639696,Q28679707,,Brazil,-29.245183,-51.539033
Stade Jean-Antoine Moueix,FC Libourne,,France,44.90799,-0.23501
Stade Jean-Antoine Moueix,UA Libourne,,France,44.90799,-0.23501
United Center,Chicago Bulls,,United States,41.880555555,-87.674166666
United Center,Chicago Blackhawks,,United States,41.880555555,-87.674166666
FedExForum,Memphis Grizzlies,,United States,35.138333333,-90.050555555
FedExForum,2005–06 Memphis Tigers men's basketball team,,United States,35.138333333,-90.050555555
FedExForum,2006–07 Memphis Tigers men's basketball team,,United States,35.138333333,-90.050555555
FedExForum,2007–08 Memphis Tigers men's basketball team,,United States,35.138333333,-90.050555555
FedExForum,2008–09 Memphis Tigers men's basketball team,,United States,35.138333333,-90.050555555
FedExForum,2009–10 Memphis Tigers men's basketball team,,United States,35.138333333,-90.050555555
FedExForum,2010–11 Memphis Tigers men's basketball team,,United States,35.138333333,-90.050555555
FedExForum,2011–12 Memphis Tigers men's basketball team,,United States,35.138333333,-90.050555555
FedExForum,2012–13 Memphis Tigers men's basketball team,,United States,35.138333333,-90.050555555
FedExForum,2013–14 Memphis Tigers men's basketball team,,United States,35.138333333,-90.050555555
FedExForum,Memphis Tigers men's basketball,,United States,35.138333333,-90.050555555
FedExForum,2014–15 Memphis Tigers men's basketball team,,United States,35.138333333,-90.050555555
FedExForum,2015–16 Memphis Tigers men's basketball team,,United States,35.138333333,-90.050555555
FedExForum,2016–17 Memphis Tigers men's basketball team,,United States,35.138333333,-90.050555555
FedExForum,2018–19 Memphis Tigers men's basketball team,,United States,35.138333333,-90.050555555
Atlanta-Fulton County Stadium,Atlanta Chiefs,,United States,33.73944444,-84.38944444
Arena Pantaloneta,Cuiabá Esporte Clube,,Brazil,-15.603056,-56.120556
Arena Pantaloneta,Cuiabá Arsenal,,Brazil,-15.603056,-56.120556
Arena Pantaloneta,CE Operário Várzea-Grandense,,Brazil,-15.603056,-56.120556
Arena Amazônia,América Futebol Clube,,Brazil,-3.083056,-60.028056
Arena Amazônia,Olímpico Clube,,Brazil,-3.083056,-60.028056
Arena Amazônia,Esporte Clube Iranduba da Amazônia,,Brazil,-3.083056,-60.028056
Arena Amazônia,Q25388553,,Brazil,-3.083056,-60.028056
Arena Amazônia,Torneio Super Series,,Brazil,-3.083056,-60.028056
Arena Amazônia,Associação Esportiva 3B da Amazônia,,Brazil,-3.083056,-60.028056
Haberfeld Stadium,Hapoel Rishon LeZion F.C.,,Israel,31.974994,34.752839
Hillsborough Stadium,Sheffield Wednesday F.C.,,United Kingdom,53.411388888,-1.500555555
Hillsborough Stadium,UEFA Euro 1996,,United Kingdom,53.411388888,-1.500555555
Hillsborough Stadium,Sheffield Eagles,,United Kingdom,53.411388888,-1.500555555
Hillsborough Stadium,Sheffield Wednesday F.C. Academy,,United Kingdom,53.411388888,-1.500555555
Monumental Río Parapití,Club Sportivo 2 de Mayo,,Paraguay,-22.539167,-55.745556
Lang Park,Brisbane Broncos,,Australia,-27.464722222,153.009444444
Lang Park,Brisbane Roar FC,,Australia,-27.464722222,153.009444444
Lang Park,2003 Rugby World Cup,,Australia,-27.464722222,153.009444444
Lang Park,Queensland Reds,,Australia,-27.464722222,153.009444444
Lang Park,Brisbane Broncos (women's rugby league),,Australia,-27.464722222,153.009444444
Motor Stadium,,,Poland,51.23888889,22.565
Estádio Algarve,UEFA Euro 2004,,Portugal,37.088333,-7.974722
Estádio Algarve,Louletano D.C.,,Portugal,37.088333,-7.974722
Estádio Algarve,S.C. Farense,,Portugal,37.088333,-7.974722
Stadio Antonio Molinari,Campobasso FC,,Italy,41.57,14.630833
Stadio Antonio Molinari,Campobasso FC,,Italy,41.5701,14.6309
Stadio Antonio Molinari,Q126956491,,Italy,41.57,14.630833
Stadio Antonio Molinari,Q126956491,,Italy,41.5701,14.6309
Stadio Antonio Molinari,Q136261932,,Italy,41.57,14.630833
Stadio Antonio Molinari,Q136261932,,Italy,41.5701,14.6309
Jaber Al-Ahmad International Stadium,Kuwait national football team,,Kuwait,29.271427777,47.918611111
Teslim Balogun Stadium,COD United Amazons F.C.,,Nigeria,6.49944,3.36083
Teslim Balogun Stadium,2023 Lagos International Badminton Championships,,Nigeria,6.49944,3.36083
Teslim Balogun Stadium,2024 Lagos International Badminton Championships,,Nigeria,6.49944,3.36083
Teslim Balogun Stadium,2025  Lagos International Badminton Championships,,Nigeria,6.49944,3.36083
Estádio do Pacaembu,athletics at the 1963 Pan American Games,,Brazil,-23.548639,-46.665111
Arena do Grêmio,Grêmio FBPA,,Brazil,-29.973444,-51.194403
Friedrich-Ludwig-Jahn-Sportpark,BFC Dynamo,,Germany,52.543056,13.405278
Friedrich-Ludwig-Jahn-Sportpark,Q520247,,Germany,52.543056,13.405278
Friedrich-Ludwig-Jahn-Sportpark,Türkiyemspor Berlin,,Germany,52.543056,13.405278
Friedrich-Ludwig-Jahn-Sportpark,1998 German Athletics Championships,,Germany,52.543056,13.405278
Friedrich-Ludwig-Jahn-Sportpark,FC Bundestag,,Germany,52.543056,13.405278
Friedrich-Ludwig-Jahn-Sportpark,1. FC Union Berlin II,,Germany,52.543056,13.405278
Sausalito Stadium,Everton de Viña del Mar,,Chile,-33.014444444,-71.535
Centre sportif de Colovray,FC Stade Nyonnais,,Switzerland,46.370711,6.226201
Centre sportif de Colovray,Nyon Rugby Club,,Switzerland,46.370711,6.226201
Stade Louis Achille,,,France,14.60278,-61.08418
Hallenstadion,ZSC Lions,,Switzerland,47.411389,8.551667
Stade Olympique de la Pontaise,FC Lausanne-Sport,,Switzerland,46.534,6.625
Stade Olympique de la Pontaise,2019 Athletissima,,Switzerland,46.534,6.625
Stade Olympique de la Pontaise,2021 Athletissima,,Switzerland,46.534,6.625
Makomanai Open Stadium,speed skating at the 1990 Asian Winter Games,,Japan,42.996388888,141.343055555
Onikan Stadium,Bridge F.C.,,Nigeria,6.44247222,3.40219444
Onikan Stadium,Stationery Stores F.C.,,Nigeria,6.44247222,3.40219444
Onikan Stadium,ACB Lagos,,Nigeria,6.44247222,3.40219444
Onikan Stadium,First Bank F.C.,,Nigeria,6.44247222,3.40219444
Onikan Stadium,Union Bank F.C.,,Nigeria,6.44247222,3.40219444
Onikan Stadium,C.O.D United football club of Lagos,,Nigeria,6.44247222,3.40219444
Onikan Stadium,Ikorodu United F.C.,,Nigeria,6.44247222,3.40219444
Onikan Stadium,Ikorodu City F.C.,,Nigeria,6.44247222,3.40219444
Enyimba International Stadium,Enyimba International F.C.,,Nigeria,5.10194444,7.37583333
Samuel Ogbemudia Stadium,Bendel Insurance F.C.,,Nigeria,6.398611,5.611944
Dan Anyiam Stadium,Heartland F.C.,,Nigeria,5.483889,7.043889
Dan Anyiam Stadium,Bussdor United F.C.,,Nigeria,5.483889,7.043889
Estadio Centenario Ciudad de Quilmes,Quilmes Atlético Club,,Argentina,-34.741778,-58.251889
Sharks Stadium,Sharks F.C.,,Nigeria,4.76556,7.02194
Estadio Jorge Luis Hirschi,Estudiantes de La Plata,,Argentina,-34.912,-57.9389
Estadio Jorge Luis Hirschi,Estudiantes de La Plata (women),,Argentina,-34.912,-57.9389
Estadio Juan Canuto Pettengill,Club 12 de Octubre,,Paraguay,-25.395917,-57.340694
Estadio Juan Canuto Pettengill,Club 12 de Octubre,,Paraguay,-25.39591667,-57.34069444
Estadio Municipal de Calama,,,Chile,-22.460278,-68.920556
Turf Moor,Burnley F.C.,,United Kingdom,53.789064,-2.230225
Estadio Ester Roa Rebolledo,C.C.D. Arturo Fernández Vial,,Chile,-36.815278,-73.023333
Estadio Ester Roa Rebolledo,C.D. Universidad de Concepción,,Chile,-36.815278,-73.023333
Estadio Ester Roa Rebolledo,Club Deportes Concepción,,Chile,-36.815278,-73.023333
Estadio Ester Roa Rebolledo,Q2837465,,Chile,-36.815278,-73.023333
Estadio Ester Roa Rebolledo,C.D. Arturo Fernández Vial (women),,Chile,-36.815278,-73.023333
Estadio Municipal Nelson Oyarzún Arenas,Club Deportivo Ñublense,,Chile,-36.618056,-72.1075
Estadio Bicentenario de La Florida,Audax Italiano,,Chile,-33.540833,-70.578333
Estadio Bicentenario de La Florida,Q8208954,,Chile,-33.540833,-70.578333
Estadio Bicentenario de La Florida,Q18691693,,Chile,-33.540833,-70.578333
Estadio La Portada,Club Deportes La Serena,,Chile,-29.911111,-71.251944
Estadio La Portada,Q20014092,,Chile,-29.911111,-71.251944
Estadio Roberto Bettega,,,Paraguay,-25.23638889,-57.56875
Estadio Municipal Sin Iluminacion,C.D. Palestino,,Chile,-33.52083333,-70.67277778
Schauinsland-Reisen-Arena,MSV Duisburg,,Germany,51.409028,6.778639
Q685936,Olímpico Esporte Clube,,Brazil,-11.276944,-37.791667
Isidoro Beaton Stadium,Barrio Fino F.C.,,Belize,17.252177777,-88.786366666
Isidoro Beaton Stadium,Belmopan Blaze,,Belize,17.252177777,-88.786366666
Isidoro Beaton Stadium,Belmopan Bandits,,Belize,17.252177777,-88.786366666
Isidoro Beaton Stadium,Police United FC,,Belize,17.252177777,-88.786366666
Eulachhallen,2008 European 10 m Events Championships,,Switzerland,47.5033,8.71167
Eulachhallen,1996 Swiss Badminton Championships,,Switzerland,47.5033,8.71167
Eulachhallen,1996 Swiss Badminton Championships – men's singles,,Switzerland,47.5033,8.71167
Eulachhallen,1996 Swiss Badminton Championships – women's singles,,Switzerland,47.5033,8.71167
Eulachhallen,1996 Swiss Badminton Championships – men's doubles,,Switzerland,47.5033,8.71167
Eulachhallen,1996 Swiss Badminton Championships – women's doubles,,Switzerland,47.5033,8.71167
Eulachhallen,1996 Swiss Badminton Championships – mixed doubles,,Switzerland,47.5033,8.71167
Stanford Stadium,Stanford Cardinal,,United States,37.434444444,-122.161111111
Stanford Stadium,1933 Stanford Indians football team,,United States,37.434444444,-122.161111111
Stanford Stadium,1936 Stanford Indians football team,,United States,37.434444444,-122.161111111
Stanford Stadium,1939 Stanford Indians football team,,United States,37.434444444,-122.161111111
Stanford Stadium,1940 Stanford Indians football team,,United States,37.434444444,-122.161111111
Stanford Stadium,1941 Stanford Indians football team,,United States,37.434444444,-122.161111111
Stanford Stadium,1947 Stanford Indians football team,,United States,37.434444444,-122.161111111
Stanford Stadium,1958 Stanford Indians football team,,United States,37.434444444,-122.161111111
Stanford Stadium,1960 Stanford Indians football team,,United States,37.434444444,-122.161111111
Stanford Stadium,1965 Stanford Indians football team,,United States,37.434444444,-122.161111111
Stanford Stadium,1970 Stanford Indians football team,,United States,37.434444444,-122.161111111
Stanford Stadium,1971 Stanford Indians football team,,United States,37.434444444,-122.161111111
Stanford Stadium,1973 Stanford Cardinals football team,,United States,37.434444444,-122.161111111
Stanford Stadium,1974 Stanford Cardinals football team,,United States,37.434444444,-122.161111111
Stanford Stadium,1977 Stanford Cardinals football team,,United States,37.434444444,-122.161111111
Stanford Stadium,1978 Stanford Cardinals football team,,United States,37.434444444,-122.161111111
Stanford Stadium,1979 Stanford Cardinals football team,,United States,37.434444444,-122.161111111
Stanford Stadium,1981 Stanford Cardinals football team,,United States,37.434444444,-122.161111111
Stanford Stadium,1982 Stanford Cardinal football team,,United States,37.434444444,-122.161111111
Stanford Stadium,1983 Stanford Cardinal football team,,United States,37.434444444,-122.161111111
Stanford Stadium,1984 Stanford Cardinal football team,,United States,37.434444444,-122.161111111
Stanford Stadium,1985 Stanford Cardinal football team,,United States,37.434444444,-122.161111111
Stanford Stadium,1986 Stanford Cardinal football team,,United States,37.434444444,-122.161111111
Stanford Stadium,1987 Stanford Cardinal football team,,United States,37.434444444,-122.161111111
Stanford Stadium,1988 Stanford Cardinal football team,,United States,37.434444444,-122.161111111
Estádio José Alvalade,Sporting CP,,Portugal,38.761194444,-9.160783333
Estádio José Alvalade,UEFA Euro 2004,,Portugal,38.761194444,-9.160783333
Estádio José Alvalade,Sporting CP (Athletics),,Portugal,38.761194444,-9.160783333
Estádio José Alvalade,Sporting CP B,,Portugal,38.761194444,-9.160783333
Estádio José Alvalade,Sporting CP (women),,Portugal,38.761194444,-9.160783333
Lal Bahadur Shastri Stadium,1976 Asian Badminton Championships,,India,17.399333,78.473333
Lal Bahadur Shastri Stadium,Hyderabad Heroes,,India,17.399333,78.473333
Lal Bahadur Shastri Stadium,1976 Asian Badminton Championships – men's doubles,,India,17.399333,78.473333
Lal Bahadur Shastri Stadium,1976 Asian Badminton Championships – men's singles,,India,17.399333,78.473333
Lal Bahadur Shastri Stadium,1976 Asian Badminton Championships – women's doubles,,India,17.399333,78.473333
Lal Bahadur Shastri Stadium,1976 Asian Badminton Championships – women's singles,,India,17.399333,78.473333
Lal Bahadur Shastri Stadium,1976 Asian Badminton Championships – mixed doubles,,India,17.399333,78.473333
Lal Bahadur Shastri Stadium,1976 Asian Badminton Championships – Men's team,,India,17.399333,78.473333
Baba Yara Stadium,Asante Kotoko F.C.,,Ghana,6.682681,-1.605111
Baba Yara Stadium,King Faisal Babes,,Ghana,6.682681,-1.605111
Baba Yara Stadium,BA Stars,,Ghana,6.682681,-1.605111
Örjans Vall,Halmstads BK,,Sweden,56.684166666,12.866388888
Örjans Vall,IS Halmia,,Sweden,56.684166666,12.866388888
Oracle Park,San Francisco Giants,,United States,37.778333333,-122.389444444
Oracle Park,2011 California Golden Bears football team,,United States,37.778333333,-122.389444444
Abbasiyyin Stadium,Al-Wahda SC Damascus,,Syria,33.52286,36.32004
Abbasiyyin Stadium,Damascus Al-Ahli Club,,Syria,33.52286,36.32004
Abbasiyyin Stadium,Al-wathbaa,,Syria,33.52286,36.32004
Abbasiyyin Stadium,Al-Shorta SC,,Syria,33.52286,36.32004
Lanxess Arena,Kölner Haie,,Germany,50.93843,6.9829
Lanxess Arena,Köln 99ers,,Germany,50.93843,6.9829
Lanxess Arena,2020–21 EHF Champions League,,Germany,50.93843,6.9829
Lanxess Arena,2021–22 EHF Champions League,,Germany,50.93843,6.9829
Eden Park,2011 Rugby World Cup,,New Zealand,-36.875277777,174.745
Eden Park,Auckland RFU,,New Zealand,-36.875277777,174.745
Eden Park,Blues,,New Zealand,-36.875277777,174.745
Eden Park,1987 Rugby World Cup,,New Zealand,-36.875277777,174.745
Eden Park,Auckland cricket team,,New Zealand,-36.875277777,174.745
Eden Park,2022 Super Rugby Pacific Final,,New Zealand,-36.875277777,174.745
Eden Park,Blues Women,,New Zealand,-36.875277777,174.745
Wedaustadion,1993 German Athletics Championships,,Germany,51.409033,6.778664
Chiemgau-Arena,,,Germany,47.7144,12.6475
Estadio Campeones Olímpicos,,,Uruguay,-34.1046737,-56.2073784
Parque Palermo,Central Español,,Uruguay,-34.897864,-56.153556
Parque Abraham Paladino,C.A. Progreso,,Uruguay,-34.873333,-56.234444
Estadio Parque Capurro,Centro Atlético Fénix,,Uruguay,-34.87338056,-56.21235833
Estadio Arquitecto Antonio Eleuterio Ubilla,Cerro Largo FC,,Uruguay,-32.359708,-54.169328
Estadio Arquitecto Antonio Eleuterio Ubilla,Q5707032,,Uruguay,-32.359708,-54.169328
Melbourne Cricket Ground,Collingwood Football Club,,Australia,-37.819943,144.983447
Melbourne Cricket Ground,Essendon Football Club,,Australia,-37.819943,144.983447
Melbourne Cricket Ground,2006 Commonwealth Games,,Australia,-37.819943,144.983447
Melbourne Cricket Ground,Carlton Football Club,,Australia,-37.819943,144.983447
Melbourne Cricket Ground,Melbourne Football Club,,Australia,-37.819943,144.983447
Melbourne Cricket Ground,Hawthorn Football Club,,Australia,-37.819943,144.983447
Melbourne Cricket Ground,Victoria cricket team,,Australia,-37.819943,144.983447
Melbourne Cricket Ground,Richmond Football Club,,Australia,-37.819943,144.983447
Melbourne Cricket Ground,Melbourne Cricket Club,,Australia,-37.819943,144.983447
Melbourne Cricket Ground,Melbourne Stars,,Australia,-37.819943,144.983447
Helsinki Olympic Stadium,Finland men's national football team,,Finland,60.18689398,24.92606242
Helsinki Olympic Stadium,1961 European Allround Speed Skating Championships,,Finland,60.18689398,24.92606242
Helsinki Olympic Stadium,FinnPa,,Finland,60.18689398,24.92606242
Helsinki Olympic Stadium,1956 European Allround Speed Skating Championships,,Finland,60.18689398,24.92606242
Helsinki Olympic Stadium,1950 European Allround Speed Skating Championships,,Finland,60.18689398,24.92606242
Helsinki Olympic Stadium,1948 World All-Round Speed Skating Championships for Men,,Finland,60.18689398,24.92606242
Helsinki Olympic Stadium,2014 Finland–Sweden Athletics International,,Finland,60.18689398,24.92606242
Lawson Tama Stadium,Marist F.C.,,Solomon Islands,-9.436667,159.971389
Lawson Tama Stadium,Koloale F.C.,,Solomon Islands,-9.436667,159.971389
Lawson Tama Stadium,Kossa F.C.,,Solomon Islands,-9.436667,159.971389
Lawson Tama Stadium,Solomon Warriors F.C.,,Solomon Islands,-9.436667,159.971389
Lawson Tama Stadium,Honiara Rangers F.C.,,Solomon Islands,-9.436667,159.971389
Lawson Tama Stadium,Makuru FC,,Solomon Islands,-9.436667,159.971389
Lawson Tama Stadium,Malaita Kingz F.C.,,Solomon Islands,-9.436667,159.971389
Lawson Tama Stadium,Western United F.C.,,Solomon Islands,-9.436667,159.971389
Lawson Tama Stadium,Real Kakamora F.C.,,Solomon Islands,-9.436667,159.971389
Lawson Tama Stadium,Hana F.C.,,Solomon Islands,-9.436667,159.971389
Lawson Tama Stadium,X-Beam F.C.,,Solomon Islands,-9.436667,159.971389
Lawson Tama Stadium,Henderson Eels F.C.,,Solomon Islands,-9.436667,159.971389
Abubakar Umar Memorial Stadium,,,Nigeria,10.31472222,11.13791667
Abubarkar Tafawa Balewa Stadium,Wikki Tourists F.C.,,Nigeria,10.31944444,9.83527778
Estádio Nacional de Brasília,Q2619886,,Brazil,-15.7835,-47.899164
Estádio Nacional de Brasília,Brasília Futebol Clube,,Brazil,-15.7835,-47.899164
Estádio Nacional de Brasília,Capital Clube de Futebol,,Brazil,-15.7835,-47.899164
Estádio Nacional de Brasília,Centro de Futebol Zico Sociedade Esportiva,,Brazil,-15.7835,-47.899164
Estádio Nacional de Brasília,Legiaõ FC,,Brazil,-15.7835,-47.899164
Estádio Nacional de Brasília,Centro de Futebol Zico de Brasília Sociedade Esportiva,,Brazil,-15.7835,-47.899164
Estádio Nacional de Brasília,Q65168393,,Brazil,-15.7835,-47.899164
Stade Ernest-Argelès,,,France,43.6369,1.40167
Accra Sports Stadium,Accra Hearts of Oak SC,,Ghana,5.551388888,-0.191944444
Accra Sports Stadium,Accra Hearts of Oak SC,,Ghana,5.5516,-0.19184
Accra Sports Stadium,Legon Cities FC,,Ghana,5.551388888,-0.191944444
Accra Sports Stadium,Legon Cities FC,,Ghana,5.5516,-0.19184
Accra Sports Stadium,Accra Great Olympics F.C.,,Ghana,5.551388888,-0.191944444
Accra Sports Stadium,Accra Great Olympics F.C.,,Ghana,5.5516,-0.19184
Accra Sports Stadium,Sporting Saint Mirren F.C.,,Ghana,5.551388888,-0.191944444
Accra Sports Stadium,Sporting Saint Mirren F.C.,,Ghana,5.5516,-0.19184
Accra Sports Stadium,2023 African Games,,Ghana,5.551388888,-0.191944444
Accra Sports Stadium,2023 African Games,,Ghana,5.5516,-0.19184
Accra Sports Stadium,Accra Lions FC,,Ghana,5.551388888,-0.191944444
Accra Sports Stadium,Accra Lions FC,,Ghana,5.5516,-0.19184
Samut Songkhram Stadium,Samut Songkhram F.C.,,Thailand,13.41425,99.999865
Foxboro Stadium,New England Tea Men,,United States,42.0927,-71.267441666
Adams Park,Wycombe Wanderers F.C.,,United Kingdom,51.630555555,-0.800277777
Adams Park,Reading F.C. Women,,United Kingdom,51.630555555,-0.800277777
Estadio Defensores del Chaco,Paraguay men's national football team,,Paraguay,-25.29207222,-57.65738056
Estadio Defensores del Chaco,Paraguay women's national football team,,Paraguay,-25.29207222,-57.65738056
Estadio Defensores del Chaco,Paraguay national under-20 football team,,Paraguay,-25.29207222,-57.65738056
Estadio Defensores del Chaco,Paraguay Under-23,,Paraguay,-25.29207222,-57.65738056
Wagener Stadium,Amsterdamsche Hockey & Bandy Club,,Netherlands,52.319444444,4.854166666
Estadio de Béisbol Monterrey,,,Mexico,25.718516666,-100.31575
Estadio de Béisbol Monterrey,,,Mexico,25.718517,-100.31575
Gillette Stadium,New England Patriots,,United States,42.090944444,-71.264344444
Gillette Stadium,New England Revolution,,United States,42.090944444,-71.264344444
Gillette Stadium,2012 UMass Minutemen football team,,United States,42.090944444,-71.264344444
Gillette Stadium,2014 UMass Minutemen football team,,United States,42.090944444,-71.264344444
Gillette Stadium,2013 UMass Minutemen football team,,United States,42.090944444,-71.264344444
Gillette Stadium,2015 UMass Minutemen football team,,United States,42.090944444,-71.264344444
Gillette Stadium,2016 UMass Minutemen football team,,United States,42.090944444,-71.264344444
Gillette Stadium,New England Revolution II,,United States,42.090944444,-71.264344444
Stade de la Meinau,RC Strasbourg Alsace,,France,48.55942,7.75738
Stade de la Meinau,UEFA Euro 1984,,France,48.55942,7.75738
Giants Stadium,Red Bull New York,,United States,40.813726,-74.074433
Giants Stadium,New York Cosmos,,United States,40.813726,-74.074433
Giants Stadium,New York/New Jersey Knights,,United States,40.813726,-74.074433
Giants Stadium,1993 Rutgers Scarlet Knights football team,,United States,40.813726,-74.074433
Minyuan Stadium,,,People's Republic of China,39.111119,117.198754
Aspmyra Stadion,FK Bodø/Glimt,,Norway,67.2775,14.384166666
Aspmyra Stadion,IK Grand Bodø,,Norway,67.2775,14.384166666
Aspmyra Stadion,FK Bodø/Glimt Kvinner,,Norway,67.2775,14.384166666
Vivaldão,Nacional Futebol Clube,,Brazil,-3.083056,-60.028056
Vivaldão,Atlético Rio Negro Clube,,Brazil,-3.083056,-60.028056
Vivaldão,Q10378277,,Brazil,-3.083056,-60.028056
Afghanistan Football Federation Stadium,Mawjhai Amu F.C.,,Afghanistan,34.52,69.196667
Afghanistan Football Federation Stadium,De Abasin Sape F.C.,,Afghanistan,34.52,69.196667
Afghanistan Football Federation Stadium,De Maiwand Atalan F.C.,,Afghanistan,34.52,69.196667
Afghanistan Football Federation Stadium,De Spin Ghar Bazan F.C.,,Afghanistan,34.52,69.196667
Afghanistan Football Federation Stadium,Simorgh Alborz F.C.,,Afghanistan,34.52,69.196667
Afghanistan Football Federation Stadium,Toofaan Harirod F.C.,,Afghanistan,34.52,69.196667
Afghanistan Football Federation Stadium,Oqaban Hindukush F.C.,,Afghanistan,34.52,69.196667
Memorial Stadium,Nebraska Cornhuskers,,United States,40.821022711,-96.705499407
Memorial Stadium,1923 Nebraska Cornhuskers football team,,United States,40.821022711,-96.705499407
Memorial Stadium,1924 Nebraska Cornhuskers football team,,United States,40.821022711,-96.705499407
Memorial Stadium,1925 Nebraska Cornhuskers football team,,United States,40.821022711,-96.705499407
Memorial Stadium,1926 Nebraska Cornhuskers football team,,United States,40.821022711,-96.705499407
Memorial Stadium,1927 Nebraska Cornhuskers football team,,United States,40.821022711,-96.705499407
Memorial Stadium,1928 Nebraska Cornhuskers football team,,United States,40.821022711,-96.705499407
Memorial Stadium,1929 Nebraska Cornhuskers football team,,United States,40.821022711,-96.705499407
Memorial Stadium,1930 Nebraska Cornhuskers football team,,United States,40.821022711,-96.705499407
Memorial Stadium,1931 Nebraska Cornhuskers football team,,United States,40.821022711,-96.705499407
Memorial Stadium,1932 Nebraska Cornhuskers football team,,United States,40.821022711,-96.705499407
Memorial Stadium,1933 Nebraska Cornhuskers football team,,United States,40.821022711,-96.705499407
Memorial Stadium,1934 Nebraska Cornhuskers football team,,United States,40.821022711,-96.705499407
Memorial Stadium,1935 Nebraska Cornhuskers football team,,United States,40.821022711,-96.705499407
Memorial Stadium,1936 Nebraska Cornhuskers football team,,United States,40.821022711,-96.705499407
Memorial Stadium,1937 Nebraska Cornhuskers football team,,United States,40.821022711,-96.705499407
Memorial Stadium,1938 Nebraska Cornhuskers football team,,United States,40.821022711,-96.705499407
Memorial Stadium,1939 Nebraska Cornhuskers football team,,United States,40.821022711,-96.705499407
Memorial Stadium,1940 Nebraska Cornhuskers football team,,United States,40.821022711,-96.705499407
Memorial Stadium,1941 Nebraska Cornhuskers football team,,United States,40.821022711,-96.705499407
Memorial Stadium,1942 Nebraska Cornhuskers football team,,United States,40.821022711,-96.705499407
Memorial Stadium,1943 Nebraska Cornhuskers football team,,United States,40.821022711,-96.705499407
Memorial Stadium,1944 Nebraska Cornhuskers football team,,United States,40.821022711,-96.705499407
Memorial Stadium,1945 Nebraska Cornhuskers football team,,United States,40.821022711,-96.705499407
Memorial Stadium,1946 Nebraska Cornhuskers football team,,United States,40.821022711,-96.705499407
Memorial Stadium,1947 Nebraska Cornhuskers football team,,United States,40.821022711,-96.705499407
Memorial Stadium,1948 Nebraska Cornhuskers football team,,United States,40.821022711,-96.705499407
Memorial Stadium,1949 Nebraska Cornhuskers football team,,United States,40.821022711,-96.705499407
Memorial Stadium,1950 Nebraska Cornhuskers football team,,United States,40.821022711,-96.705499407
Memorial Stadium,1951 Nebraska Cornhuskers football team,,United States,40.821022711,-96.705499407
Memorial Stadium,1952 Nebraska Cornhuskers football team,,United States,40.821022711,-96.705499407
Memorial Stadium,1953 Nebraska Cornhuskers football team,,United States,40.821022711,-96.705499407
Memorial Stadium,1954 Nebraska Cornhuskers football team,,United States,40.821022711,-96.705499407
Memorial Stadium,1955 Nebraska Cornhuskers football team,,United States,40.821022711,-96.705499407
Memorial Stadium,1956 Nebraska Cornhuskers football team,,United States,40.821022711,-96.705499407
Memorial Stadium,1958 Nebraska Cornhuskers football team,,United States,40.821022711,-96.705499407
Memorial Stadium,1959 Nebraska Cornhuskers football team,,United States,40.821022711,-96.705499407
Memorial Stadium,1960 Nebraska Cornhuskers football team,,United States,40.821022711,-96.705499407
Memorial Stadium,1961 Nebraska Cornhuskers football team,,United States,40.821022711,-96.705499407
Memorial Stadium,1962 Nebraska Cornhuskers football team,,United States,40.821022711,-96.705499407
Memorial Stadium,1963 Nebraska Cornhuskers football team,,United States,40.821022711,-96.705499407
Memorial Stadium,1964 Nebraska Cornhuskers football team,,United States,40.821022711,-96.705499407
Memorial Stadium,1965 Nebraska Cornhuskers football team,,United States,40.821022711,-96.705499407
Memorial Stadium,1966 Nebraska Cornhuskers football team,,United States,40.821022711,-96.705499407
Memorial Stadium,1967 Nebraska Cornhuskers football team,,United States,40.821022711,-96.705499407
Memorial Stadium,1968 Nebraska Cornhuskers football team,,United States,40.821022711,-96.705499407
Memorial Stadium,1969 Nebraska Cornhuskers football team,,United States,40.821022711,-96.705499407
Memorial Stadium,1970 Nebraska Cornhuskers football team,,United States,40.821022711,-96.705499407
Memorial Stadium,1971 Nebraska Cornhuskers football team,,United States,40.821022711,-96.705499407
Memorial Stadium,1972 Nebraska Cornhuskers football team,,United States,40.821022711,-96.705499407
Memorial Stadium,1973 Nebraska Cornhuskers football team,,United States,40.821022711,-96.705499407
Memorial Stadium,1974 Nebraska Cornhuskers football team,,United States,40.821022711,-96.705499407
Memorial Stadium,1975 Nebraska Cornhuskers football team,,United States,40.821022711,-96.705499407
Memorial Stadium,1976 Nebraska Cornhuskers football team,,United States,40.821022711,-96.705499407
Memorial Stadium,1977 Nebraska Cornhuskers football team,,United States,40.821022711,-96.705499407
Memorial Stadium,1978 Nebraska Cornhuskers football team,,United States,40.821022711,-96.705499407
Memorial Stadium,1979 Nebraska Cornhuskers football team,,United States,40.821022711,-96.705499407
Memorial Stadium,1980 Nebraska Cornhuskers football team,,United States,40.821022711,-96.705499407
Memorial Stadium,1982 Nebraska Cornhuskers football team,,United States,40.821022711,-96.705499407
Memorial Stadium,1983 Nebraska Cornhuskers football team,,United States,40.821022711,-96.705499407
Memorial Stadium,1984 Nebraska Cornhuskers football team,,United States,40.821022711,-96.705499407
Memorial Stadium,1985 Nebraska Cornhuskers football team,,United States,40.821022711,-96.705499407
Memorial Stadium,1986 Nebraska Cornhuskers football team,,United States,40.821022711,-96.705499407
Memorial Stadium,1987 Nebraska Cornhuskers football team,,United States,40.821022711,-96.705499407
Memorial Stadium,1988 Nebraska Cornhuskers football team,,United States,40.821022711,-96.705499407
Memorial Stadium,1989 Nebraska Cornhuskers football team,,United States,40.821022711,-96.705499407
Stanford Stadium,1989 Stanford Cardinal football team,,United States,37.434444444,-122.161111111
Stanford Stadium,1990 Stanford Cardinal football team,,United States,37.434444444,-122.161111111
Stanford Stadium,1991 Stanford Cardinal football team,,United States,37.434444444,-122.161111111
Stanford Stadium,1992 Stanford Cardinal football team,,United States,37.434444444,-122.161111111
Stanford Stadium,1994 Stanford Cardinal football team,,United States,37.434444444,-122.161111111
Stanford Stadium,1995 Stanford Cardinal football team,,United States,37.434444444,-122.161111111
Stanford Stadium,1996 Stanford Cardinal football team,,United States,37.434444444,-122.161111111
Stanford Stadium,1998 Stanford Cardinal football team,,United States,37.434444444,-122.161111111
Stanford Stadium,1999 Stanford Cardinal football team,,United States,37.434444444,-122.161111111
Stanford Stadium,2000 Stanford Cardinal football team,,United States,37.434444444,-122.161111111
Stanford Stadium,2001 Stanford Cardinal football team,,United States,37.434444444,-122.161111111
Stanford Stadium,2002 Stanford Cardinal football team,,United States,37.434444444,-122.161111111
Stanford Stadium,2003 Stanford Cardinal football team,,United States,37.434444444,-122.161111111
Stanford Stadium,2004 Stanford Cardinal football team,,United States,37.434444444,-122.161111111
Stanford Stadium,2005 Stanford Cardinal football team,,United States,37.434444444,-122.161111111
Stanford Stadium,2006 Stanford Cardinal football team,,United States,37.434444444,-122.161111111
Stanford Stadium,2007 Stanford Cardinal football team,,United States,37.434444444,-122.161111111
Stanford Stadium,2008 Stanford Cardinal football team,,United States,37.434444444,-122.161111111
Stanford Stadium,2009 Stanford Cardinal football team,,United States,37.434444444,-122.161111111
Stanford Stadium,2010 Stanford Cardinal football team,,United States,37.434444444,-122.161111111
Stanford Stadium,2011 Stanford Cardinal football team,,United States,37.434444444,-122.161111111
Stanford Stadium,2012 Stanford Cardinal football team,,United States,37.434444444,-122.161111111
Stanford Stadium,2013 Stanford Cardinal football team,,United States,37.434444444,-122.161111111
Stanford Stadium,Stanford Cardinal football,,United States,37.434444444,-122.161111111
Stanford Stadium,1957 Stanford Indians football team,,United States,37.434444444,-122.161111111
Stanford Stadium,1975 Stanford Cardinals football team,,United States,37.434444444,-122.161111111
Stanford Stadium,2014 Stanford Cardinal football team,,United States,37.434444444,-122.161111111
Stanford Stadium,1954 Stanford Indians football team,,United States,37.434444444,-122.161111111
Stanford Stadium,1924 Stanford football team,,United States,37.434444444,-122.161111111
Stanford Stadium,1925 Stanford football team,,United States,37.434444444,-122.161111111
Stanford Stadium,1926 Stanford football team,,United States,37.434444444,-122.161111111
Stanford Stadium,1927 Stanford football team,,United States,37.434444444,-122.161111111
Stanford Stadium,1934 Stanford Indians football team,,United States,37.434444444,-122.161111111
Stanford Stadium,1935 Stanford Indians football team,,United States,37.434444444,-122.161111111
Stanford Stadium,1950 Stanford Indians football team,,United States,37.434444444,-122.161111111
Stanford Stadium,1951 Stanford Indians football team,,United States,37.434444444,-122.161111111
Stanford Stadium,1955 Stanford Indians football team,,United States,37.434444444,-122.161111111
Stanford Stadium,1956 Stanford Indians football team,,United States,37.434444444,-122.161111111
Stanford Stadium,1959 Stanford Indians football team,,United States,37.434444444,-122.161111111
Stanford Stadium,1961 Stanford Indians football team,,United States,37.434444444,-122.161111111
Stanford Stadium,1962 Stanford Indians football team,,United States,37.434444444,-122.161111111
Stanford Stadium,1963 Stanford Indians football team,,United States,37.434444444,-122.161111111
Stanford Stadium,1972 Stanford Cardinals football team,,United States,37.434444444,-122.161111111
Stanford Stadium,1980 Stanford Cardinals football team,,United States,37.434444444,-122.161111111
Stanford Stadium,1993 Stanford Cardinal football team,,United States,37.434444444,-122.161111111
Stanford Stadium,1997 Stanford Cardinal football team,,United States,37.434444444,-122.161111111
Stanford Stadium,1976 Stanford Cardinals football team,,United States,37.434444444,-122.161111111
Stanford Stadium,1964 Stanford Indians football team,,United States,37.434444444,-122.161111111
Stanford Stadium,1966 Stanford Indians football team,,United States,37.434444444,-122.161111111
Stanford Stadium,1967 Stanford Indians football team,,United States,37.434444444,-122.161111111
Stanford Stadium,1968 Stanford Indians football team,,United States,37.434444444,-122.161111111
Stanford Stadium,1969 Stanford Indians football team,,United States,37.434444444,-122.161111111
Stanford Stadium,1928 Stanford football team,,United States,37.434444444,-122.161111111
Stanford Stadium,1948 Stanford Indians football team,,United States,37.434444444,-122.161111111
Stanford Stadium,1952 Stanford Indians football team,,United States,37.434444444,-122.161111111
Stanford Stadium,1953 Stanford Indians football team,,United States,37.434444444,-122.161111111
Stanford Stadium,1929 Stanford football team,,United States,37.434444444,-122.161111111
Stanford Stadium,1932 Stanford Indians football team,,United States,37.434444444,-122.161111111
Stanford Stadium,1942 Stanford Indians football team,,United States,37.434444444,-122.161111111
Stanford Stadium,1946 Stanford Indians football team,,United States,37.434444444,-122.161111111
Stanford Stadium,1949 Stanford Indians football team,,United States,37.434444444,-122.161111111
Stanford Stadium,1931 Stanford Indians football team,,United States,37.434444444,-122.161111111
Stanford Stadium,1922 Stanford football team,,United States,37.434444444,-122.161111111
Stanford Stadium,1923 Stanford football team,,United States,37.434444444,-122.161111111
Stanford Stadium,1930 Stanford football team,,United States,37.434444444,-122.161111111
Stanford Stadium,1937 Stanford Indians football team,,United States,37.434444444,-122.161111111
Stanford Stadium,1938 Stanford Indians football team,,United States,37.434444444,-122.161111111
Stanford Stadium,1932 United States Olympic Trials,,United States,37.434444444,-122.161111111
Stanford Stadium,2016 Stanford Cardinal football team,,United States,37.434444444,-122.161111111
Stanford Stadium,1941 NCAA Track and Field Championships,,United States,37.434444444,-122.161111111
Stanford Stadium,2017 Stanford Cardinal football team,,United States,37.434444444,-122.161111111
Stanford Stadium,1960 United States Olympic Trials,,United States,37.434444444,-122.161111111
Stanford Stadium,2018 Stanford Cardinal football team,,United States,37.434444444,-122.161111111
Stanford Stadium,1962 USA–USSR Track and Field Dual Meet,,United States,37.434444444,-122.161111111
Stanford Stadium,2019 Stanford Cardinal football team,,United States,37.434444444,-122.161111111
Beaver Stadium,Penn State Nittany Lions,,United States,40.812222222,-77.856111111
Beaver Stadium,2002 Penn State Nittany Lions football team,,United States,40.812222222,-77.856111111
Beaver Stadium,2003 Penn State Nittany Lions football team,,United States,40.812222222,-77.856111111
Beaver Stadium,2004 Penn State Nittany Lions football team,,United States,40.812222222,-77.856111111
Beaver Stadium,2005 Penn State Nittany Lions football team,,United States,40.812222222,-77.856111111
Beaver Stadium,2006 Penn State Nittany Lions football team,,United States,40.812222222,-77.856111111
Beaver Stadium,2007 Penn State Nittany Lions football team,,United States,40.812222222,-77.856111111
Beaver Stadium,2008 Penn State Nittany Lions football team,,United States,40.812222222,-77.856111111
Beaver Stadium,2009 Penn State Nittany Lions football team,,United States,40.812222222,-77.856111111
Beaver Stadium,2010 Penn State Nittany Lions football team,,United States,40.812222222,-77.856111111
Beaver Stadium,2011 Penn State Nittany Lions football team,,United States,40.812222222,-77.856111111
Beaver Stadium,2012 Penn State Nittany Lions football team,,United States,40.812222222,-77.856111111
Beaver Stadium,Penn State Nittany Lions football,,United States,40.812222222,-77.856111111
Beaver Stadium,2014 Penn State Nittany Lions football team,,United States,40.812222222,-77.856111111
Beaver Stadium,2013 Penn State Nittany Lions football team,,United States,40.812222222,-77.856111111
Beaver Stadium,1966 Penn State Nittany Lions football team,,United States,40.812222222,-77.856111111
Beaver Stadium,1987 Penn State Nittany Lions football team,,United States,40.812222222,-77.856111111
Beaver Stadium,1981 Penn State Nittany Lions football team,,United States,40.812222222,-77.856111111
Beaver Stadium,1969 Penn State Nittany Lions football team,,United States,40.812222222,-77.856111111
Beaver Stadium,2015 Penn State Nittany Lions football team,,United States,40.812222222,-77.856111111
Beaver Stadium,1993 Penn State Nittany Lions football team,,United States,40.812222222,-77.856111111
Beaver Stadium,1994 Penn State Nittany Lions football team,,United States,40.812222222,-77.856111111
Beaver Stadium,1995 Penn State Nittany Lions football team,,United States,40.812222222,-77.856111111
Beaver Stadium,1996 Penn State Nittany Lions football team,,United States,40.812222222,-77.856111111
Beaver Stadium,1997 Penn State Nittany Lions football team,,United States,40.812222222,-77.856111111
Memorial Stadium,1990 Nebraska Cornhuskers football team,,United States,40.821022711,-96.705499407
Memorial Stadium,1991 Nebraska Cornhuskers football team,,United States,40.821022711,-96.705499407
Memorial Stadium,1992 Nebraska Cornhuskers football team,,United States,40.821022711,-96.705499407
Memorial Stadium,1993 Nebraska Cornhuskers football team,,United States,40.821022711,-96.705499407
Memorial Stadium,1994 Nebraska Cornhuskers football team,,United States,40.821022711,-96.705499407
Memorial Stadium,1995 Nebraska Cornhuskers football team,,United States,40.821022711,-96.705499407
Memorial Stadium,1996 Nebraska Cornhuskers football team,,United States,40.821022711,-96.705499407
Memorial Stadium,1997 Nebraska Cornhuskers football team,,United States,40.821022711,-96.705499407
Memorial Stadium,1998 Nebraska Cornhuskers football team,,United States,40.821022711,-96.705499407
Memorial Stadium,1999 Nebraska Cornhuskers football team,,United States,40.821022711,-96.705499407
Memorial Stadium,2000 Nebraska Cornhuskers football team,,United States,40.821022711,-96.705499407
Memorial Stadium,2001 Nebraska Cornhuskers football team,,United States,40.821022711,-96.705499407
Memorial Stadium,2002 Nebraska Cornhuskers football team,,United States,40.821022711,-96.705499407
Memorial Stadium,2003 Nebraska Cornhuskers football team,,United States,40.821022711,-96.705499407
Memorial Stadium,2004 Nebraska Cornhuskers football team,,United States,40.821022711,-96.705499407
Memorial Stadium,2005 Nebraska Cornhuskers football team,,United States,40.821022711,-96.705499407
Memorial Stadium,2006 Nebraska Cornhuskers football team,,United States,40.821022711,-96.705499407
Memorial Stadium,2007 Nebraska Cornhuskers football team,,United States,40.821022711,-96.705499407
Memorial Stadium,2008 Nebraska Cornhuskers football team,,United States,40.821022711,-96.705499407
Memorial Stadium,2009 Nebraska Cornhuskers football team,,United States,40.821022711,-96.705499407
Memorial Stadium,2010 Nebraska Cornhuskers football team,,United States,40.821022711,-96.705499407
Memorial Stadium,2012 Nebraska Cornhuskers football team,,United States,40.821022711,-96.705499407
Memorial Stadium,2013 Nebraska Cornhuskers football team,,United States,40.821022711,-96.705499407
Memorial Stadium,Nebraska Cornhuskers football,,United States,40.821022711,-96.705499407
Memorial Stadium,2011 Nebraska Cornhuskers football team,,United States,40.821022711,-96.705499407
Memorial Stadium,2014 Nebraska Cornhuskers football team,,United States,40.821022711,-96.705499407
Memorial Stadium,1957 Nebraska Cornhuskers football team,,United States,40.821022711,-96.705499407
Memorial Stadium,1981 Nebraska Cornhuskers football team,,United States,40.821022711,-96.705499407
Memorial Stadium,2015 Nebraska Cornhuskers football team,,United States,40.821022711,-96.705499407
Memorial Stadium,2016 Nebraska Cornhuskers football team,,United States,40.821022711,-96.705499407
Memorial Stadium,1942 NCAA Track and Field Championships,,United States,40.821022711,-96.705499407
Memorial Stadium,1953 NCAA Track and Field Championships,,United States,40.821022711,-96.705499407
Memorial Stadium,1959 NCAA Track and Field Championships,,United States,40.821022711,-96.705499407
Memorial Stadium,2017 Nebraska Cornhuskers football team,,United States,40.821022711,-96.705499407
Memorial Stadium,2018 Nebraska Cornhuskers football team,,United States,40.821022711,-96.705499407
Memorial Stadium,2019 Nebraska Cornhuskers football team,,United States,40.821022711,-96.705499407
Memorial Stadium,2020 Nebraska Cornhuskers football team,,United States,40.821022711,-96.705499407
Memorial Stadium,2021 Nebraska Cornhuskers football team,,United States,40.821022711,-96.705499407
PMRL Stadium,,,Papua New Guinea,-9.465,147.191667
Estadio Sergio Antonio Reyes,Savio Fútbol Club,,Honduras,14.780751,-88.782272
Estadio Sergio Antonio Reyes,Q5773620,,Honduras,14.780751,-88.782272
Stade Chaban-Delmas,2007 Rugby World Cup,,France,44.829167,-0.598056
Stade Chaban-Delmas,1999 Rugby World Cup,,France,44.829167,-0.598056
Stade Chaban-Delmas,Union Bordeaux Bègles,,France,44.829167,-0.598056
Gifu Nagaragawa Stadium,FC Gifu,,Japan,35.441337,136.766052
Gifu Nagaragawa Stadium,2018 Asian Junior Athletics Championships,,Japan,35.441337,136.766052
Rohonci Street Stadium,,,Hungary,47.234762,16.607117
Pomorie Stadium,PFC Chernomorets Pomorie,,Bulgaria,42.565985,27.636656
Zvolen Ice Stadium,,,Slovakia,48.566111,19.120556
Lokomotíva Stadium,FC VSS Košice,,Slovakia,48.740836,21.244497
"Žalgiris Stadium, Vilnius",FK REO,,Lithuania,54.6933,25.2903
Ahmadu Bello Stadium,,,Nigeria,10.49944444,7.43138889
Guangdong Olympic Center,Guangdong Sunray Cave F.C.,,People's Republic of China,23.137656,113.403519
Guangdong Olympic Center,2009 Asian Athletics Championships,,People's Republic of China,23.137656,113.403519
Guangdong Olympic Center,Asian University Athletics Championships,,People's Republic of China,23.137656,113.403519
Yuexiushan Stadium,Guangzhou City F.C.,,People's Republic of China,23.139216,113.260739
Ahmad bin Ali Stadium,Al-Rayyan,,Qatar,25.330538,51.341279
Ahmad bin Ali Stadium,Al-Sailiya Sports Club,,Qatar,25.330538,51.341279
Ahmad bin Ali Stadium,Al Rayyan Basketball Team,,Qatar,25.330538,51.341279
Ahmad bin Ali Stadium,Al-Shahaniya Sports Club,,Qatar,25.330538,51.341279
Guangzhou Higher Education Mega Center Central Stadium,,,People's Republic of China,23.057986,113.38617
Ajinomoto Stadium,Tokyo Verdy,,Japan,35.664278,139.527139
Ajinomoto Stadium,FC Tokyo,,Japan,35.664278,139.527139
Ajinomoto Stadium,2019 Rugby World Cup,,Japan,35.664278,139.527139
Ajinomoto Stadium,2013 Japan Championships in Athletics,,Japan,35.664278,139.527139
Ajinomoto Stadium,rugby sevens at the 2020 Summer Olympics,,Japan,35.664278,139.527139
Akdeniz University Stadium,Antalyaspor,,Turkey,36.893611111,30.646666666
Akhisar Şehir Stadium,,,Turkey,38.916575,27.83811667
Vélodrome de Vincennes,Celtic de Paris,,France,48.82596,2.41173
Hamad bin Khalifa Stadium,Al Ahli SC,,Qatar,25.25189167,51.53536111
Adush Muça Stadium,KS Bylis Ballsh,,Albania,40.60194444,19.74083333
Meneng Stadium,,,Nauru,-0.540555555,166.930277777
Deutsches Stadion,,,Germany,52.514722,13.239167
Stade Pierre de Coubertin,Paris Basket Racing,,France,48.835265565,2.256179755
Stade Pierre de Coubertin,2010 Badminton World Championships – women's doubles,,France,48.835265565,2.256179755
Stade Pierre de Coubertin,2010 Badminton World Championships – women's singles,,France,48.835265565,2.256179755
Stade Pierre de Coubertin,2010 Badminton World Championships – men's doubles,,France,48.835265565,2.256179755
Stade Pierre de Coubertin,2010 Badminton World Championships,,France,48.835265565,2.256179755
Stade Pierre de Coubertin,2010 Badminton World Championships – men's singles,,France,48.835265565,2.256179755
Stade Pierre de Coubertin,2010 Badminton World Championships – mixed doubles,,France,48.835265565,2.256179755
Stade Pierre de Coubertin,2007 French Super Series,,France,48.835265565,2.256179755
Stade Pierre de Coubertin,Paris Saint-Germain Handball,,France,48.835265565,2.256179755
Stade Pierre de Coubertin,2008 French Super Series,,France,48.835265565,2.256179755
Stade Pierre de Coubertin,1967 French Open Badminton Championships,,France,48.835265565,2.256179755
Stade Pierre de Coubertin,1969 French Open Badminton Championships,,France,48.835265565,2.256179755
Stade Pierre de Coubertin,1971 French Open Badminton Championships,,France,48.835265565,2.256179755
Stade Pierre de Coubertin,2010 French Super Series,,France,48.835265565,2.256179755
Stade Pierre de Coubertin,2009 French Super Series,,France,48.835265565,2.256179755
Stade Pierre de Coubertin,2011 French Super Series,,France,48.835265565,2.256179755
Stade Pierre de Coubertin,2012 French Super Series,,France,48.835265565,2.256179755
Stade Pierre de Coubertin,2013 French Super Series,,France,48.835265565,2.256179755
Stade Pierre de Coubertin,2014 French Super Series,,France,48.835265565,2.256179755
Stade Pierre de Coubertin,2015 French Open Super Series,,France,48.835265565,2.256179755
Stade Pierre de Coubertin,2016 French Super Series,,France,48.835265565,2.256179755
Stade Pierre de Coubertin,1967 French Open Badminton Championships – men's singles,,France,48.835265565,2.256179755
Stade Pierre de Coubertin,1969 French Open Badminton Championships – men's singles,,France,48.835265565,2.256179755
Stade Pierre de Coubertin,1971 French Open Badminton Championships – men's singles,,France,48.835265565,2.256179755
Stade Pierre de Coubertin,2007 French Super Series – men's singles,,France,48.835265565,2.256179755
Stade Pierre de Coubertin,2008 French Super Series – men's singles,,France,48.835265565,2.256179755
Stade Pierre de Coubertin,2009 French Super Series – men's singles,,France,48.835265565,2.256179755
Stade Pierre de Coubertin,2010 French Super Series – men's singles,,France,48.835265565,2.256179755
Stade Pierre de Coubertin,2011 French Super Series – men's singles,,France,48.835265565,2.256179755
Stade Pierre de Coubertin,2012 French Super Series – men's singles,,France,48.835265565,2.256179755
Stade Pierre de Coubertin,2013 French Super Series – men's singles,,France,48.835265565,2.256179755
Stade Pierre de Coubertin,2014 French Super Series – men's singles,,France,48.835265565,2.256179755
Stade Pierre de Coubertin,2015 French Super Series – men's singles,,France,48.835265565,2.256179755
Stade Pierre de Coubertin,2016 French Super Series – men's singles,,France,48.835265565,2.256179755
Stade Pierre de Coubertin,1967 French Open Badminton Championships – women's singles,,France,48.835265565,2.256179755
Stade Pierre de Coubertin,1969 French Open Badminton Championships – women's singles,,France,48.835265565,2.256179755
Stade Pierre de Coubertin,1971 French Open Badminton Championships – women's singles,,France,48.835265565,2.256179755
Stade Pierre de Coubertin,2007 French Super Series – women's singles,,France,48.835265565,2.256179755
Stade Pierre de Coubertin,2008 French Super Series – women's singles,,France,48.835265565,2.256179755
Stade Pierre de Coubertin,2009 French Super Series – women's singles,,France,48.835265565,2.256179755
Stade Pierre de Coubertin,2010 French Super Series – women's singles,,France,48.835265565,2.256179755
Stade Pierre de Coubertin,2011 French Super Series – women's singles,,France,48.835265565,2.256179755
Stade Pierre de Coubertin,2012 French Super Series – women's singles,,France,48.835265565,2.256179755
Stade Pierre de Coubertin,2013 French Super Series – women's singles,,France,48.835265565,2.256179755
Stade Pierre de Coubertin,2014 French Super Series – women's singles,,France,48.835265565,2.256179755
Stade Pierre de Coubertin,2015 French Super Series – women's singles,,France,48.835265565,2.256179755
Stade Pierre de Coubertin,2016 French Super Series – women's singles,,France,48.835265565,2.256179755
Stade Pierre de Coubertin,1967 French Open Badminton Championships – men's doubles,,France,48.835265565,2.256179755
Stade Pierre de Coubertin,1969 French Open Badminton Championships – men's doubles,,France,48.835265565,2.256179755
Stade Pierre de Coubertin,1971 French Open Badminton Championships – men's doubles,,France,48.835265565,2.256179755
Stade Pierre de Coubertin,2007 French Super Series – men's doubles,,France,48.835265565,2.256179755
Stade Pierre de Coubertin,2008 French Super Series – men's doubles,,France,48.835265565,2.256179755
Stade Pierre de Coubertin,2009 French Super Series – men's doubles,,France,48.835265565,2.256179755
Stade Pierre de Coubertin,2010 French Super Series – men's doubles,,France,48.835265565,2.256179755
Stade Pierre de Coubertin,2011 French Super Series – men's doubles,,France,48.835265565,2.256179755
Stade Pierre de Coubertin,2012 French Super Series – men's doubles,,France,48.835265565,2.256179755
Stade Pierre de Coubertin,2013 French Super Series – men's doubles,,France,48.835265565,2.256179755
Stade Pierre de Coubertin,2014 French Super Series – men's doubles,,France,48.835265565,2.256179755
Stade Pierre de Coubertin,2015 French Super Series – men's doubles,,France,48.835265565,2.256179755
Stade Pierre de Coubertin,2016 French Super Series – men's doubles,,France,48.835265565,2.256179755
Stade Pierre de Coubertin,1967 French Open Badminton Championships – women's doubles,,France,48.835265565,2.256179755
Stade Pierre de Coubertin,1969 French Open Badminton Championships – women's doubles,,France,48.835265565,2.256179755
Stade Pierre de Coubertin,1971 French Open Badminton Championships – women's doubles,,France,48.835265565,2.256179755
Stade Pierre de Coubertin,2007 French Super Series – women's doubles,,France,48.835265565,2.256179755
Stade Pierre de Coubertin,2008 French Super Series – women's doubles,,France,48.835265565,2.256179755
Stade Pierre de Coubertin,2009 French Super Series – women's doubles,,France,48.835265565,2.256179755
Stade Pierre de Coubertin,2010 French Super Series – women's doubles,,France,48.835265565,2.256179755
Stade Pierre de Coubertin,2011 French Super Series – women's doubles,,France,48.835265565,2.256179755
Stade Pierre de Coubertin,2012 French Super Series – women's doubles,,France,48.835265565,2.256179755
Stade Pierre de Coubertin,2013 French Super Series – women's doubles,,France,48.835265565,2.256179755
Stade Pierre de Coubertin,2014 French Super Series – women's doubles,,France,48.835265565,2.256179755
Stade Pierre de Coubertin,2015 French Super Series – women's doubles,,France,48.835265565,2.256179755
Stade Pierre de Coubertin,2016 French Super Series – women's doubles,,France,48.835265565,2.256179755
Stade Pierre de Coubertin,1967 French Open Badminton Championships – mixed doubles,,France,48.835265565,2.256179755
Stade Pierre de Coubertin,1969 French Open Badminton Championships – mixed doubles,,France,48.835265565,2.256179755
Stade Pierre de Coubertin,1971 French Open Badminton Championships – mixed doubles,,France,48.835265565,2.256179755
Stade Pierre de Coubertin,2007 French Super Series – mixed doubles,,France,48.835265565,2.256179755
Stade Pierre de Coubertin,2008 French Super Series – mixed doubles,,France,48.835265565,2.256179755
Stade Pierre de Coubertin,2009 French Super Series – mixed doubles,,France,48.835265565,2.256179755
Stade Pierre de Coubertin,2010 French Super Series – mixed doubles,,France,48.835265565,2.256179755
Stade Pierre de Coubertin,2011 French Super Series – mixed doubles,,France,48.835265565,2.256179755
Stade Pierre de Coubertin,2012 French Super Series – mixed doubles,,France,48.835265565,2.256179755
Stade Pierre de Coubertin,2013 French Super Series – mixed doubles,,France,48.835265565,2.256179755
Stade Pierre de Coubertin,2014 French Super Series – mixed doubles,,France,48.835265565,2.256179755
Stade Pierre de Coubertin,2015 French Super Series – mixed doubles,,France,48.835265565,2.256179755
Stade Pierre de Coubertin,2016 French Super Series – mixed doubles,,France,48.835265565,2.256179755
Stade Pierre de Coubertin,2017 French Super Series,,France,48.835265565,2.256179755
Stade Pierre de Coubertin,2018 French Open Badminton Championships,,France,48.835265565,2.256179755
Stade Pierre de Coubertin,2013 French Super Series – men's doubles eightfinals,,France,48.835265565,2.256179755
Stade Pierre de Coubertin,2013 French Super Series – men's doubles quarterfinals,,France,48.835265565,2.256179755
Stade Pierre de Coubertin,2013 French Super Series – men's singles eightfinals,,France,48.835265565,2.256179755
Stade Pierre de Coubertin,2013 French Super Series – men's singles quarterfinals,,France,48.835265565,2.256179755
Stade Pierre de Coubertin,2013 French Super Series – women's doubles eightfinals,,France,48.835265565,2.256179755
Stade Pierre de Coubertin,2013 French Super Series – women's doubles quarterfinals,,France,48.835265565,2.256179755
Stade Pierre de Coubertin,2013 French Super Series – women's singles eigthfinals,,France,48.835265565,2.256179755
Stade Pierre de Coubertin,2013 French Super Series – women's singles quarterfinals,,France,48.835265565,2.256179755
Stade Pierre de Coubertin,2013 French Super Series – mixed doubles eightfinals,,France,48.835265565,2.256179755
Stade Pierre de Coubertin,2013 French Super Series – mixed doubles quarterfinals,,France,48.835265565,2.256179755
Stade Pierre de Coubertin,2013 French Super Series – men's doubles eigthfinals match 1,,France,48.835265565,2.256179755
Stade Pierre de Coubertin,2013 French Super Series – men's doubles eigthfinals match 2,,France,48.835265565,2.256179755
Stade Pierre de Coubertin,2013 French Super Series – men's doubles eigthfinals match 3,,France,48.835265565,2.256179755
Stade Pierre de Coubertin,2013 French Super Series – men's doubles eigthfinals match 4,,France,48.835265565,2.256179755
Stade Pierre de Coubertin,2013 French Super Series – men's doubles eigthfinals match 8,,France,48.835265565,2.256179755
Stade Pierre de Coubertin,2013 French Super Series – men's doubles quarterfinals match 1,,France,48.835265565,2.256179755
Stade Pierre de Coubertin,2013 French Super Series – men's doubles quarterfinals match 2,,France,48.835265565,2.256179755
Stade Pierre de Coubertin,2013 French Super Series – men's doubles quarterfinals match 4,,France,48.835265565,2.256179755
Stade Pierre de Coubertin,2013 French Super Series – men's singles eightfinals match 1,,France,48.835265565,2.256179755
Stade Pierre de Coubertin,2013 French Super Series – men's singles eightfinals match 2,,France,48.835265565,2.256179755
Stade Pierre de Coubertin,2013 French Super Series – men's singles eightfinals match 5,,France,48.835265565,2.256179755
Stade Pierre de Coubertin,2013 French Super Series – men's singles eightfinals match 4,,France,48.835265565,2.256179755
Stade Pierre de Coubertin,2013 French Super Series – men's singles eightfinals match 6,,France,48.835265565,2.256179755
Stade Pierre de Coubertin,2013 French Super Series – men's singles quarterfinals match 1,,France,48.835265565,2.256179755
Stade Pierre de Coubertin,2013 French Super Series – men's singles quarterfinals match 2,,France,48.835265565,2.256179755
Stade Pierre de Coubertin,2013 French Super Series – mixed doubles eightfinals match 2,,France,48.835265565,2.256179755
Stade Pierre de Coubertin,2013 French Super Series – mixed doubles eightfinals match 3,,France,48.835265565,2.256179755
Stade Pierre de Coubertin,2013 French Super Series – mixed doubles eightfinals match 4,,France,48.835265565,2.256179755
Stade Pierre de Coubertin,2013 French Super Series – mixed doubles eightfinals match 5,,France,48.835265565,2.256179755
Stade Pierre de Coubertin,2013 French Super Series – mixed doubles eightfinals match 6,,France,48.835265565,2.256179755
Stade Pierre de Coubertin,2013 French Super Series – mixed doubles eightfinals match 7,,France,48.835265565,2.256179755
Stade Pierre de Coubertin,2013 French Super Series – mixed doubles eightfinals match 8,,France,48.835265565,2.256179755
Stade Pierre de Coubertin,2013 French Super Series – mixed doubles quarterfinals match 2,,France,48.835265565,2.256179755
Stade Pierre de Coubertin,2013 French Super Series – mixed doubles quarterfinals match 3,,France,48.835265565,2.256179755
Stade Pierre de Coubertin,2013 French Super Series – women's doubles eigthfinals match 2,,France,48.835265565,2.256179755
Stade Pierre de Coubertin,2013 French Super Series – women's doubles eigthfinals match 3,,France,48.835265565,2.256179755
Stade Pierre de Coubertin,2013 French Super Series – women's doubles eigthfinals match 5,,France,48.835265565,2.256179755
Stade Pierre de Coubertin,2013 French Super Series – women's doubles eigthfinals match 6,,France,48.835265565,2.256179755
Beaver Stadium,1998 Penn State Nittany Lions football team,,United States,40.812222222,-77.856111111
Beaver Stadium,1999 Penn State Nittany Lions football team,,United States,40.812222222,-77.856111111
Beaver Stadium,2000 Penn State Nittany Lions football team,,United States,40.812222222,-77.856111111
Beaver Stadium,2001 Penn State Nittany Lions football team,,United States,40.812222222,-77.856111111
Beaver Stadium,1992 Penn State Nittany Lions football team,,United States,40.812222222,-77.856111111
Beaver Stadium,1971 Penn State Nittany Lions football team,,United States,40.812222222,-77.856111111
Beaver Stadium,1960 Penn State Nittany Lions football team,,United States,40.812222222,-77.856111111
Beaver Stadium,1961 Penn State Nittany Lions football team,,United States,40.812222222,-77.856111111
Beaver Stadium,1962 Penn State Nittany Lions football team,,United States,40.812222222,-77.856111111
Beaver Stadium,1963 Penn State Nittany Lions football team,,United States,40.812222222,-77.856111111
Beaver Stadium,1964 Penn State Nittany Lions football team,,United States,40.812222222,-77.856111111
Beaver Stadium,1965 Penn State Nittany Lions football team,,United States,40.812222222,-77.856111111
Beaver Stadium,1967 Penn State Nittany Lions football team,,United States,40.812222222,-77.856111111
Beaver Stadium,1968 Penn State Nittany Lions football team,,United States,40.812222222,-77.856111111
Beaver Stadium,1970 Penn State Nittany Lions football team,,United States,40.812222222,-77.856111111
Beaver Stadium,1972 Penn State Nittany Lions football team,,United States,40.812222222,-77.856111111
Beaver Stadium,1973 Penn State Nittany Lions football team,,United States,40.812222222,-77.856111111
Beaver Stadium,1974 Penn State Nittany Lions football team,,United States,40.812222222,-77.856111111
Beaver Stadium,1975 Penn State Nittany Lions football team,,United States,40.812222222,-77.856111111
Beaver Stadium,1976 Penn State Nittany Lions football team,,United States,40.812222222,-77.856111111
Beaver Stadium,1977 Penn State Nittany Lions football team,,United States,40.812222222,-77.856111111
Beaver Stadium,1978 Penn State Nittany Lions football team,,United States,40.812222222,-77.856111111
Beaver Stadium,1979 Penn State Nittany Lions football team,,United States,40.812222222,-77.856111111
Beaver Stadium,1980 Penn State Nittany Lions football team,,United States,40.812222222,-77.856111111
Beaver Stadium,1982 Penn State Nittany Lions football team,,United States,40.812222222,-77.856111111
Beaver Stadium,1983 Penn State Nittany Lions football team,,United States,40.812222222,-77.856111111
Beaver Stadium,1984 Penn State Nittany Lions football team,,United States,40.812222222,-77.856111111
Beaver Stadium,1985 Penn State Nittany Lions football team,,United States,40.812222222,-77.856111111
Beaver Stadium,1986 Penn State Nittany Lions football team,,United States,40.812222222,-77.856111111
Beaver Stadium,1988 Penn State Nittany Lions football team,,United States,40.812222222,-77.856111111
Beaver Stadium,1989 Penn State Nittany Lions football team,,United States,40.812222222,-77.856111111
Beaver Stadium,1990 Penn State Nittany Lions football team,,United States,40.812222222,-77.856111111
Beaver Stadium,1991 Penn State Nittany Lions football team,,United States,40.812222222,-77.856111111
Beaver Stadium,2016 Penn State Nittany Lions football team,,United States,40.812222222,-77.856111111
Beaver Stadium,2017 Penn State Nittany Lions football team,,United States,40.812222222,-77.856111111
Beaver Stadium,2018 Penn State Nittany Lions football team,,United States,40.812222222,-77.856111111
Beaver Stadium,2019 Penn State Nittany Lions football team,,United States,40.812222222,-77.856111111
La Rosaleda Stadium,Málaga CF,,Spain,36.734092,-4.426422
La Rosaleda Stadium,CD Málaga,,Spain,36.734092,-4.426422
La Rosaleda Stadium,Málaga CF Femenino,,Spain,36.734092,-4.426422
Arnos Vale Stadium,Saint Vincent and the Grenadines men's national football team,,Saint Vincent and the Grenadines,13.141861111,-61.211805555
Arnos Vale Stadium,Windward Islands cricket team,,Saint Vincent and the Grenadines,13.141861111,-61.211805555
Arnos Vale Stadium,Avenues United FC,,Saint Vincent and the Grenadines,13.141861111,-61.211805555
Arnos Vale Stadium,Saint Vincent and the Grenadines national cricket team,,Saint Vincent and the Grenadines,13.141861111,-61.211805555
Arosvallen,,,Sweden,59.62044722,16.54104444
Xinzhuang Baseball Stadium,Fubon Guardians,,Taiwan,25.041158,121.447718
Yanggakdo Stadium,April 25 Sports Club,,North Korea,38.991547222,125.743525
Yanggakdo Stadium,Amnokgang Sports Club,,North Korea,38.991547222,125.743525
Yanggakdo Stadium,Sobaeksu Sports Club,,North Korea,38.991547222,125.743525
Yanggakdo Stadium,Ryomyong Sports Club,,North Korea,38.991547222,125.743525
National Stadium,Chinese Taipei men's national football team,,Taiwan,22.702778,120.295
National Stadium,Taiwan Power Company F.C.,,Taiwan,22.702778,120.295
National Stadium,Taipei City Bank F.C.,,Taiwan,22.702778,120.295
National Stadium,Kaohsiung Attackers FC Women,,Taiwan,22.702778,120.295
Gigante de Arroyito Stadium,Club Atlético Rosario Central,,Argentina,-32.913997,-60.674567
Gigante de Arroyito Stadium,Rosario Central women,,Argentina,-32.913997,-60.674567
WerkTalent Stadion,ADO Den Haag,,Netherlands,52.062778,4.383056
WerkTalent Stadion,ADO Den Haag Vrouwen,,Netherlands,52.062778,4.383056
WerkTalent Stadion,2014 Men's Hockey World Cup,,Netherlands,52.062778,4.383056
WerkTalent Stadion,2014 Women's Hockey World Cup,,Netherlands,52.062778,4.383056
Stadion Maksimir,Croatia men's national football team,,Croatia,45.818858333,16.018077777
Stadion Maksimir,GNK Dinamo Zagreb,,Croatia,45.818858333,16.018077777
Stadion Maksimir,UEFA Euro 1976,,Croatia,45.818858333,16.018077777
Stadion Maksimir,HNK Gorica,,Croatia,45.818858333,16.018077777
Stadion Maksimir,NK Lokomotiva,,Croatia,45.818858333,16.018077777
Ashgabat Stadium,FC Ahal,,Turkmenistan,37.92805556,58.35027778
Stockholm Olympic Stadium,Djurgårdens IF Dam,,Sweden,59.345278,18.078889
Stockholm Olympic Stadium,Djurgårdens IF Fotboll,,Sweden,59.345278,18.078889
Stockholm Olympic Stadium,1947 European Allround Speed Skating Championships,,Sweden,59.345278,18.078889
Stockholm Olympic Stadium,2019 DN Galan,,Sweden,59.345278,18.078889
Stadion Miejski in Kraków,Wisła Kraków,,Poland,50.063611,19.911944
Jinan Olympic Sports Center Stadium,Shandong Taishan F.C.,,People's Republic of China,36.656646,117.110052
Percival Molson Memorial Stadium,Montreal Alouettes,,Canada,45.510083333,-73.580666666
Percival Molson Memorial Stadium,McGill Redbirds soccer,,Canada,45.510083333,-73.580666666
Percival Molson Memorial Stadium,St. Hyacinthe-Donnacona Navy,,Canada,45.510083333,-73.580666666
Finn Park,Finn Harps F.C.,,Ireland,54.798087698,-7.779730672
Cicero Stadium,Red Sea FC,,Eritrea,15.34927222,38.92125556
Cicero Stadium,Hintsa FC,,Eritrea,15.34927222,38.92125556
Cicero Stadium,Mdlaw Megbi,,Eritrea,15.34927222,38.92125556
Cicero Stadium,Asmara Brewery,,Eritrea,15.34927222,38.92125556
Cicero Stadium,Adulis Club,,Eritrea,15.34927222,38.92125556
Cicero Stadium,Edaga Hamus,,Eritrea,15.34927222,38.92125556
Cicero Stadium,Tele SC,,Eritrea,15.34927222,38.92125556
Cicero Stadium,Tesfa FC,,Eritrea,15.34927222,38.92125556
Cicero Stadium,Asmara Calcio,,Eritrea,15.34927222,38.92125556
Complexo Desportivo do Sport Clube de Freamunde,S.C. Freamunde,,Portugal,41.27638889,-8.33944444
Stade Pierre de Coubertin,2013 French Super Series – women's doubles eigthfinals match 7,,France,48.835265565,2.256179755
Stade Pierre de Coubertin,2013 French Super Series – women's doubles eigthfinals match 8,,France,48.835265565,2.256179755
Stade Pierre de Coubertin,2013 French Super Series – women's doubles quarterfinals match 2,,France,48.835265565,2.256179755
Stade Pierre de Coubertin,2013 French Super Series – women's doubles quarterfinals match 3,,France,48.835265565,2.256179755
Stade Pierre de Coubertin,2013 French Super Series – women's singles eigthfinals match 1,,France,48.835265565,2.256179755
Stade Pierre de Coubertin,2013 French Super Series – women's singles eigthfinals match 3,,France,48.835265565,2.256179755
Stade Pierre de Coubertin,2013 French Super Series – women's singles eigthfinals match 5,,France,48.835265565,2.256179755
Stade Pierre de Coubertin,2013 French Super Series – women's singles eigthfinals match 6,,France,48.835265565,2.256179755
Stade Pierre de Coubertin,2013 French Super Series – women's singles eigthfinals match 7,,France,48.835265565,2.256179755
Stade Pierre de Coubertin,2013 French Super Series – women's singles quarterfinals match 1,,France,48.835265565,2.256179755
Stade Pierre de Coubertin,2013 French Super Series – women's singles quarterfinals match 2,,France,48.835265565,2.256179755
Stade Pierre de Coubertin,2013 French Super Series – women's singles quarterfinals match 3,,France,48.835265565,2.256179755
Stade Pierre de Coubertin,2013 French Super Series – women's singles quarterfinals match 4,,France,48.835265565,2.256179755
Stade Pierre de Coubertin,2019 French Open Badminton Championships,,France,48.835265565,2.256179755
Stade Pierre de Coubertin,2022 French Open Badminton Championships,,France,48.835265565,2.256179755
Stade Pierre de Coubertin,2021 French Open Badminton Championships,,France,48.835265565,2.256179755
Stade Pierre de Coubertin,2017 French Open Badminton Championships – Men's doubles,,France,48.835265565,2.256179755
Stade Pierre de Coubertin,2018 French Open Badminton Championships – Men's doubles,,France,48.835265565,2.256179755
Stade Pierre de Coubertin,2019 French Open Badminton Championships – Men's doubles,,France,48.835265565,2.256179755
Stade Pierre de Coubertin,2021 French Open Badminton Championships – Men's doubles,,France,48.835265565,2.256179755
Stade Pierre de Coubertin,2022 French Open Badminton Championships – Men's doubles,,France,48.835265565,2.256179755
Stade Pierre de Coubertin,2017 French Open Badminton Championships – Men's singles,,France,48.835265565,2.256179755
Stade Pierre de Coubertin,2018 French Open Badminton Championships – Men's singles,,France,48.835265565,2.256179755
Stade Pierre de Coubertin,2019 French Open Badminton Championships – Men's singles,,France,48.835265565,2.256179755
Stade Pierre de Coubertin,2021 French Open Badminton Championships – Men's singles,,France,48.835265565,2.256179755
Stade Pierre de Coubertin,2022 French Open Badminton Championships – Men's singles,,France,48.835265565,2.256179755
Stade Pierre de Coubertin,2017 French Open Badminton Championships – Women's doubles,,France,48.835265565,2.256179755
Stade Pierre de Coubertin,2018 French Open Badminton Championships – Women's doubles,,France,48.835265565,2.256179755
Stade Pierre de Coubertin,2019 French Open Badminton Championships – Women's doubles,,France,48.835265565,2.256179755
Stade Pierre de Coubertin,2021 French Open Badminton Championships – Women's doubles,,France,48.835265565,2.256179755
Stade Pierre de Coubertin,2022 French Open Badminton Championships – Women's doubles,,France,48.835265565,2.256179755
Stade Pierre de Coubertin,2017 French Open Badminton Championships – Women's singles,,France,48.835265565,2.256179755
Stade Pierre de Coubertin,2018 French Open Badminton Championships – Women's singles,,France,48.835265565,2.256179755
Stade Pierre de Coubertin,2019 French Open Badminton Championships – Women's singles,,France,48.835265565,2.256179755
Stade Pierre de Coubertin,2021 French Open Badminton Championships – Women's singles,,France,48.835265565,2.256179755
Stade Pierre de Coubertin,2022 French Open Badminton Championships – Women's singles,,France,48.835265565,2.256179755
Stade Pierre de Coubertin,2017 French Open Badminton Championships – Mixed doubles,,France,48.835265565,2.256179755
Stade Pierre de Coubertin,2018 French Open Badminton Championships – Mixed doubles,,France,48.835265565,2.256179755
Stade Pierre de Coubertin,2019 French Open Badminton Championships – Mixed doubles,,France,48.835265565,2.256179755
Stade Pierre de Coubertin,2021 French Open Badminton Championships – Mixed doubles,,France,48.835265565,2.256179755
Stade Pierre de Coubertin,2022 French Open Badminton Championships – Mixed doubles,,France,48.835265565,2.256179755
OWL Arena,,,Germany,52.063056,8.348889
Heinz-Steyer-Stadion,Dresdner SC,,Germany,51.060923,13.726233
Heinz-Steyer-Stadion,Dresden Monarchs,,Germany,51.060923,13.726233
Heinz-Steyer-Stadion,SC Einheit Dresden,,Germany,51.060923,13.726233
Heinz-Steyer-Stadion,Dresdner SC Fußball 98,,Germany,51.060923,13.726233
Kaftanzoglio National Stadium,G.S. Iraklis Thessalonikis (men's association football),,Greece,40.625497222,22.967002777
Kaftanzoglio National Stadium,1991 European Athletics Junior Championships,,Greece,40.625497222,22.967002777
Estadio Humberto Micheletti,C.D. Honduras Progreso,,Honduras,15.400672,-87.815287
Estadio Humberto Micheletti,C.D. Lenca,,Honduras,15.400672,-87.815287
Estadio Humberto Micheletti,Honduras Salzburg,,Honduras,15.400672,-87.815287
Stade Iba Mar Diop,Q135067636,,Senegal,14.6795,-17.4469
Q3495629,,,Ivory Coast,5.30825,-3.98259
Q3495630,,,Ivory Coast,8.02887,-2.78903
Q3495632,,,France,48.6359,2.45182
Isparta Atatürk Stadium,Ispartaspor,,Turkey,37.7681,30.5611
Q3495634,,,France,48.44152,0.10198
Q3495638,,,France,-21.04641,55.717699
Q3495643,,,France,43.25843,5.38651
Stade Jean-Bouin (Nîmes),,,France,43.84657,4.37639
Q3495646,,,France,43.20645,2.33331
Stade Jean-Laffon,Perpignan FC,,France,42.68732,2.87622
Q3495651,,,France,-21.2861,55.4658
Abdessalem Kazouz sports complex,ES Zarzis,,Tunisia,33.491667,11.110556
"Estadio Jorge ""Calero"" Suárez",A.D. Isidro Metapán,,El Salvador,14.332069444,-89.449002777
Joseph Marien Stadium,Royale Union Saint-Gilloise,,Belgium,50.8178,4.32917
Estadio José Gregorio Martínez,Alacranes Del Norte,,El Salvador,14.042669444,-88.967897222
Estadio José Gregorio Martínez,A.D. Chalatenango,,El Salvador,14.042669444,-88.967897222
Estadio José Gregorio Martínez,Atlético Comalapa,,El Salvador,14.042669444,-88.967897222
Stade Jules Lemaire,,,France,50.638,3.10052
Estadio Juan Francisco Barraza,C.D. Águila,,El Salvador,13.482576,-88.169038
Estadio Juan Francisco Barraza,C.D. Dragón,,El Salvador,13.482576,-88.169038
Stade Jules Ribet,Saint-Gaudens Bears,,France,43.11749,0.72781
Stade Jules Ribet,Stade saint-gaudinois,,France,43.11749,0.72781
Estadio Julián Tesucún,Heredia Jaguares de Peten,,Guatemala,16.981944,-89.903889
Stade Klébert Picard,US Stade Tamponnaise,,France,-21.27166,55.5215
Stade La Fougère,,,France,43.6601,-1.29629
Q3495685,Club San Sebastián de León,,Mexico,21.1163,-101.666
Stade Lambrakis,SS Jeanne d'Arc,,France,-20.93305,55.30052
Langstaff stadium,,,France,49.50719,0.0984
RCAF Old Stadium,Cambodian Army Association F.C.,,Cambodia,11.586389,104.915
Larbi Zaouli Stadium,,,Morocco,33.5971,-7.54667
Las Flores Stadium,C.D. Jalapa,,Guatemala,14.64,-89.98583333
Estadio León Gómez,C.D. Petrotela,,Honduras,15.779845,-87.450421
Estadio León Gómez,Tela F.C.,,Honduras,15.779845,-87.450421
Estadio Los Cuchumatanes,Deportivo Xinabajul,,Guatemala,15.320833,-91.481667
Estadio Los Cuchumatanes,Halcones Fútbol Club,,Guatemala,15.320833,-91.481667
Estadio Los Cuchumatanes,Q25406729,,Guatemala,15.320833,-91.481667
Q3495709,,,Belgium,50.6259,3.40829
Stade Louis Villemer,,,France,49.10398,-1.06346
Estádio Luso-Brasileiro,Associação Atlética Portuguesa,,Brazil,-22.801636,-43.207775
Estádio Luso-Brasileiro,União de Marechal Hermes Futebol Clube,,Brazil,-22.801636,-43.207775
Léo-Lagrange stadium,,,France,46.81142,4.84795
Stade Mamadou Konaté,,,Mali,12.6488,-8.0154
Q3495723,,,Brazil,-22.863,-43.3775
Q3495724,,,France,49.35176,1.0897
Q3495728,,,France,47.86695,1.92686
Stade Marcel-Deflandre,Stade Rochelais,,France,46.1583,-1.17836
Stade Marcel-Verchère,Football Bourg-en-Bresse Péronnas 01,,France,46.21002,5.2371
Stade Marcel-Verchère,Union Sportive Bressane,,France,46.21002,5.2371
Stade Marcel Saupin,,,France,47.212733,-1.538563
Estadio Marcelino Imbers,C.D. Atlético Balboa,,El Salvador,13.333056,-87.846111
Estadio Marcelino Imbers,C.D. Pasaquina,,El Salvador,13.333056,-87.846111
Estadio Marcelino Imbers,Ciclon de Golfo,,El Salvador,13.333056,-87.846111
Estadio Mario Camposeco,C.S.D. Xelajú MC,,Guatemala,14.841944,-91.517222
Estadio Marquesa de la Ensenada,Deportivo Marquense,,Guatemala,14.967045,-91.7917
Q3495753,,,France,49.915,1.08722
Stade Maurice Rigaud,ASPTT Albi,,France,43.92391,2.16393
stade Maurice-David,Provence Rugby,,France,43.52764,5.42284
Stade Maurice Trélut,Tarbes Pyrénées Rugby,,France,43.22076,0.07234
Stade Maurice Trélut,Tarbes Pyrénées Football,,France,43.22076,0.07234
Menaouer Kerbouci Stadium,OM Arzew,,Algeria,35.8604,-0.313219
Stade Messaoud-Zougar,MC El Eulma,,Algeria,36.1443,5.72245
Stade Michel Bendichou,US Colomiers,,France,43.61981,1.3273
Michel Soulier Stadium,,,Belgium,50.468,4.8855
Mohamed Benhaddad Stadium,RC Kouba,,Algeria,36.7295,3.09002
Stade Mimoun Al Arsi,Chabab Rif Al Hoceima,,Morocco,35.246944,-3.933333
Stade Mimoun Al Arsi,Raja Al Hoceima,,Morocco,35.246944,-3.933333
Moulay Rachid Stadium,,,Morocco,27.1463,-13.1924
Moulay Rachid Stadium,,,Morocco,27.1462,-13.1917
Stade Moulonguet,,,France,49.88034,2.30131
Estadio Municipal Amatitlán,Deportivo Amatitlán,,Guatemala,14.48722222,-90.61611111
Estadio Municipal de Balboa,,,Panama,8.95777778,-79.55916667
Městský stadion,MFK Vítkovice,,Czech Republic,49.8044,18.2558
Městský stadion,FC Vitkovice,,Czech Republic,49.8044,18.2558
Stade Octave-Birembaut,,,France,50.417169,2.932963
Estadio Nilmo Edwards,C.D.S. Vida,,Honduras,15.786107,-86.785945
Estadio Nilmo Edwards,Club Deportivo Victoria,,Honduras,15.786107,-86.785945
Estadio Nilmo Edwards,C.D. Atlántida,,Honduras,15.786107,-86.785945
Estadio Nilmo Edwards,Victoria Leyde,,Honduras,15.786107,-86.785945
Ortelli Stadium,,,France,43.73763,7.39742
Stadionul Orășenesc,FC Iskra-Stal,,Moldova,47.7745613,29.0043086
Stadionul Orășenesc,Iskra Rîbnița,,Moldova,47.7745613,29.0043086
Q3495803,,,Algeria,36.7289,4.01404
Ouezzin-Coulibaly Stadium,,,Mali,12.65445,-7.99886
Uvays Akhtayev Stadium,FC Erzu Grozny,,Russia,43.3267,45.6952
Q3495810,FC Avirons,,France,-21.2349,55.3402
Stade Paul Julius Bénard,Saint-Pauloise FC,,France,-20.98243,55.29014
Philippidès Stadium,,,France,43.61799,3.86825
Stade Pierre Rajon,CS Bourgoin-Jallieu,,France,45.59043,5.28783
Stade Pierre Rajon,FC Bourgoin-Jallieu,,France,45.59043,5.28783
Q3495822,,,France,43.52623,-1.48744
Stade Pere Jego,Racing de Casablanca,,Morocco,33.5574,-7.65149
Stade Pere Jego,Étoile de Casablanca,,Morocco,33.5574,-7.65149
Metalist Stadium,UEFA Euro 2012,,Ukraine,49.980858,36.261703
Metalist Stadium,FC Metalist Kharkiv,,Ukraine,49.980858,36.261703
Metalist Stadium,FC Metalist 1925 Kharkiv,,Ukraine,49.980858,36.261703
Palais des Sports de Gerland,ASUL Lyon Volley-Ball,,France,45.72408056,4.82815833
Stade Vuillermet,,,France,45.724016,4.880987
Matmut Stadium,,,France,45.721328,4.876014
Colosseum,,,Italy,41.890277777,12.492222222
Vicarage Road,Watford F.C.,,United Kingdom,51.649928,-0.401606
Vicarage Road,Hanham Athletic F.C.,,United Kingdom,51.649928,-0.401606
DATCU Stadium,North Texas Mean Green,,United States,33.203611111,-97.159444444
DATCU Stadium,2011 North Texas Mean Green football team,,United States,33.203611111,-97.159444444
DATCU Stadium,2012 North Texas Mean Green football team,,United States,33.203611111,-97.159444444
DATCU Stadium,2013 North Texas Mean Green football team,,United States,33.203611111,-97.159444444
DATCU Stadium,North Texas Mean Green football,,United States,33.203611111,-97.159444444
DATCU Stadium,2014 North Texas Mean Green football team,,United States,33.203611111,-97.159444444
DATCU Stadium,2015 North Texas Mean Green football team,,United States,33.203611111,-97.159444444
DATCU Stadium,2016 North Texas Mean Green football team,,United States,33.203611111,-97.159444444
DATCU Stadium,2017 North Texas Mean Green football team,,United States,33.203611111,-97.159444444
DATCU Stadium,2018 North Texas Mean Green football team,,United States,33.203611111,-97.159444444
DATCU Stadium,2019 North Texas Mean Green football team,,United States,33.203611111,-97.159444444
Stade de France,France men's national association football team,,France,48.924444444,2.36
Stade de France,2007 Rugby World Cup,,France,48.924444444,2.36
Stade de France,UEFA Euro 2016,,France,48.924444444,2.36
Stade de France,France national rugby union team,,France,48.924444444,2.36
Stade de France,1999 Rugby World Cup,,France,48.924444444,2.36
Stade de France,UEFA Euro 2016 finals: Portugal v France,,France,48.924444444,2.36
Stade de France,2024 Summer Paralympics,,France,48.924444444,2.36
Gateshead International Stadium,Gateshead F.C.,,United Kingdom,54.961111111,-1.579722222
Gateshead International Stadium,2000 European Cup,,United Kingdom,54.961111111,-1.579722222
Gateshead International Stadium,1989 European Cup,,United Kingdom,54.961111111,-1.579722222
Gateshead International Stadium,Newcastle Thunder,,United Kingdom,54.961111111,-1.579722222
Gateshead International Stadium,Newcastle United W.F.C.,,United Kingdom,54.961111111,-1.579722222
Gateshead International Stadium,1999 World Masters Athletics Championships,,United Kingdom,54.961111111,-1.579722222
Gateshead International Stadium,2021 Birmingham Grand Prix,,United Kingdom,54.961111111,-1.579722222
Estadio Domingo Burgueño,Deportivo Maldonado,,Uruguay,-34.914444,-54.955278
Sydney Entertainment Centre,,,Australia,-33.878333,151.202778
Stade Henri Desgrange,La Roche VF,,France,46.67131,-1.44065
Stade de la Rabine,Vannes OC,,France,47.65178,-2.76104
Stade de la Rabine,Rugby Club Vannes,,France,47.65178,-2.76104
Madejski Stadium,Reading F.C.,,United Kingdom,51.422222222,-0.982777777
Madejski Stadium,London Irish RFC,,United Kingdom,51.422222222,-0.982777777
Madejski Stadium,Reading F.C. Women,,United Kingdom,51.422222222,-0.982777777
Madejski Stadium,Reading F.C. Under-21s and Academy,,United Kingdom,51.422222222,-0.982777777
Olympiysky Sports Complex,2010 World Team Table Tennis Championships,,Russia,55.781044444,37.626425
Olympiysky Sports Complex,2010 World Wrestling Championships,,Russia,55.781044444,37.626425
Olympiysky Sports Complex,1989 World Amateur Boxing Championships,,Russia,55.781044444,37.626425
Olympiysky Sports Complex,2010 World Rhythmic Gymnastics Championships,,Russia,55.781044444,37.626425
Olympiysky Sports Complex,2013 European Artistic Gymnastics Championships,,Russia,55.781044444,37.626425
Olympiysky Sports Complex,2010 World Wrestling Championships – Men's Greco-Roman 55 kg,,Russia,55.781044444,37.626425
Olympiysky Sports Complex,2010 World Wrestling Championships – Men's Greco-Roman 120 kg,,Russia,55.781044444,37.626425
Olympiysky Sports Complex,2010 World Wrestling Championships – Men's Greco-Roman 60 kg,,Russia,55.781044444,37.626425
Olympiysky Sports Complex,2010 World Wrestling Championships – Men's Greco-Roman 66 kg,,Russia,55.781044444,37.626425
Olympiysky Sports Complex,2010 World Wrestling Championships – Men's Greco-Roman 74 kg,,Russia,55.781044444,37.626425
Olympiysky Sports Complex,2010 World Wrestling Championships – Men's Greco-Roman 84 kg,,Russia,55.781044444,37.626425
Olympiysky Sports Complex,2010 World Wrestling Championships – Men's Greco-Roman 96 kg,,Russia,55.781044444,37.626425
Olympiysky Sports Complex,2010 World Wrestling Championships – men's freestyle 120 kg,,Russia,55.781044444,37.626425
Olympiysky Sports Complex,2010 World Wrestling Championships – men's freestyle 55 kg,,Russia,55.781044444,37.626425
Olympiysky Sports Complex,2010 World Wrestling Championships – men's freestyle 60 kg,,Russia,55.781044444,37.626425
Olympiysky Sports Complex,2010 World Wrestling Championships – men's freestyle 66 kg,,Russia,55.781044444,37.626425
Olympiysky Sports Complex,2010 World Wrestling Championships – men's freestyle 74 kg,,Russia,55.781044444,37.626425
Olympiysky Sports Complex,2010 World Wrestling Championships – men's freestyle 84 kg,,Russia,55.781044444,37.626425
Olympiysky Sports Complex,2010 World Wrestling Championships – men's freestyle 96 kg,,Russia,55.781044444,37.626425
Olympiysky Sports Complex,2010 World Wrestling Championships – women's freestyle 48 kg,,Russia,55.781044444,37.626425
Olympiysky Sports Complex,2010 World Wrestling Championships – women's freestyle 51 kg,,Russia,55.781044444,37.626425
Olympiysky Sports Complex,2010 World Wrestling Championships – women's freestyle 55 kg,,Russia,55.781044444,37.626425
Olympiysky Sports Complex,2010 World Wrestling Championships – women's freestyle 59 kg,,Russia,55.781044444,37.626425
Olympiysky Sports Complex,2010 World Wrestling Championships – women's freestyle 63 kg,,Russia,55.781044444,37.626425
Olympiysky Sports Complex,2010 World Wrestling Championships – women's freestyle 67 kg,,Russia,55.781044444,37.626425
Olympiysky Sports Complex,2010 World Wrestling Championships – women's freestyle 72 kg,,Russia,55.781044444,37.626425
Parken Stadium,Denmark men's national football team,,Denmark,55.702469,12.572203
Parken Stadium,F.C. Copenhagen,,Denmark,55.702469,12.572203
Parken Stadium,UEFA Euro 2020,,Denmark,55.702469,12.572203
Estadio Saroldi,Club Atlético River Plate,,Uruguay,-34.86213611,-56.20163889
Estadio Saroldi,Olimpia Football Club,,Uruguay,-34.86213611,-56.20163889
Pedro Arispe Olympic Stadium,Rampla Juniors Football Club,,Uruguay,-34.893108,-56.245413
Estadio Suppici,Plaza Colonia,,Uruguay,-34.46694444,-57.84527778
Fenway Park,Boston Beacons,,United States,42.346388888,-71.0975
Fenway Park,Boston Red Sox,,United States,42.346388888,-71.0975
Fenway Park,1928 Boston College Eagles football team,,United States,42.346388888,-71.0975
Fenway Park,1929 Boston College Eagles football team,,United States,42.346388888,-71.0975
Fenway Park,1914 Boston College Eagles football team,,United States,42.346388888,-71.0975
Jinshan Sports Centre,,,People's Republic of China,30.732392,121.335756
Flamurtari Stadium,Flamurtari Vlorë,,Albania,40.45592222,19.48898611
Flamurtari Stadium,KF Vlora,,Albania,40.45592222,19.48898611
Cluj Arena,FC Universitatea Cluj,,Romania,46.768333,23.572222
Cluj Arena,CFF Olimpia Cluj,,Romania,46.768333,23.572222
Cluj Arena,CS Universitatea Cluj-Napoca,,Romania,46.768333,23.572222
Cluj Arena,2020 Balkan Athletics Championships,,Romania,46.768333,23.572222
Umm Salal Stadium,,,Qatar,25.42,51.4
Samarra Stadium,Samarra FC,,Iraq,34.200099,43.884619
Don Valley Stadium,Sheffield Eagles,,United Kingdom,53.3961,-1.4258
Don Valley Stadium,1994 AAA Championships,,United Kingdom,53.3961,-1.4258
Kasakhi Marzik Stadium,FC Dinamo Yerevan,,Armenia,40.291111,44.352222
Kasakhi Marzik Stadium,FC Kasakh,,Armenia,40.291111,44.352222
Chungcheng Stadium,,,Taiwan,22.62540833,120.33483611
Stadio Mario Rigamonti,Brescia Calcio,,Italy,45.570556,10.236944
Stadio Mario Rigamonti,Union Brescia,,Italy,45.570556,10.236944
Stadio Giuseppe Sinigaglia,Como 1907,,Italy,45.81388889,9.07222222
Stadio Giuseppe Sinigaglia,Como 1907,,Italy,45.813782,9.072363
Stadio Euganeo,Calcio Padova,,Italy,45.432222,11.858333
Stadio Euganeo,Biancoscudati Padova,,Italy,45.432222,11.858333
Stadio Euganeo,2007 Italian Athletics Championships,,Italy,45.432222,11.858333
Stade Ahmed Bsiri,,,Tunisia,37.2789,9.86558
Bou Ali Lahouar Stadium,ES Hammam-Sousse,,Tunisia,35.8549,10.5986
Arena Garibaldi – Stadio Romeo Anconetani,Pisa SC,,Italy,43.725278,10.4
International Stadium Yokohama,Yokohama F. Marinos,,Japan,35.510044,139.606247
International Stadium Yokohama,2019 Rugby World Cup,,Japan,35.510044,139.606247
Stade Francis Turcan,FC Martigues,,France,43.407277,5.04935
Carrow Road,Norwich City F.C.,,United Kingdom,52.622222222,1.309166666
Estadio Cuauhtémoc,Ángeles de Puebla,,Mexico,19.078056,-98.164444
Estadio Cuauhtémoc,Puebla F.C.,,Mexico,19.078056,-98.164444
Estadio Cuauhtémoc,Cruz Azul,,Mexico,19.078056,-98.164444
Estadio Cuauhtémoc,Puebla FC Reserves,,Mexico,19.078056,-98.164444
Estadio Cuauhtémoc,Club Puebla,,Mexico,19.078056,-98.164444
Stadio dei Marmi,,,Italy,41.933699,12.457874
Allianz Arena,FC Bayern Munich,,Germany,48.218775,11.624752777
Allianz Arena,UEFA Euro 2020,,Germany,48.218775,11.624752777
Allianz Arena,Hapoel Hadera F.C.,,Germany,48.218775,11.624752777
Allianz Arena,2021–22 FC Bayern Munich season,,Germany,48.218775,11.624752777
Hafezieh Stadium,Bargh Shiraz F.C.,,Iran,29.623865,52.556062
Hafezieh Stadium,Payam Mokhaberat Shiraz F.C.,,Iran,29.623865,52.556062
Hafezieh Stadium,Bahman Shiraz F.C.,,Iran,29.623865,52.556062
Hafezieh Stadium,Kara Shiraz F.C.,,Iran,29.623865,52.556062
Hafezieh Stadium,New Bargh Fars F.C.,,Iran,29.623865,52.556062
Wembley Stadium,England men's national association football team,,United Kingdom,51.555555555,-0.279444444
Wembley Stadium,England women's national football team,,United Kingdom,51.555555555,-0.279444444
Wembley Stadium,UEFA Euro 2020,,United Kingdom,51.555555555,-0.279444444
Wembley Stadium,2015 Rugby World Cup,,United Kingdom,51.555555555,-0.279444444
Wembley Stadium,2011 UEFA Champions League Final,,United Kingdom,51.555555555,-0.279444444
Wembley Stadium,UEFA Euro 2020 finals,,United Kingdom,51.555555555,-0.279444444
UPMC Park,Erie SeaWolves,,United States,42.126944,-80.08
Kyocera Dome Osaka,Osaka Kintetsu Buffaloes,,Japan,34.6693,135.476102777
Kyocera Dome Osaka,Orix Buffaloes,,Japan,34.6693,135.476102777
Commonwealth Stadium,Edmonton Elks,,Canada,53.559722222,-113.476111111
Commonwealth Stadium,Edmonton Aviators,,Canada,53.559722222,-113.476111111
Commonwealth Stadium,Edmonton Drillers,,Canada,53.559722222,-113.476111111
Munich Olympic Stadium,UEFA Euro 1988,,Germany,48.173055555,11.546666666
Munich Olympic Stadium,UEFA Euro 1988 finals,,Germany,48.173055555,11.546666666
Munich Olympic Stadium,1997 European Cup,,Germany,48.173055555,11.546666666
Munich Olympic Stadium,1992 German Athletics Championships,,Germany,48.173055555,11.546666666
Munich Olympic Stadium,SV Türkgücü-Ataspor München,,Germany,48.173055555,11.546666666
Beijing National Stadium,,,People's Republic of China,39.991544,116.390478
Incheon Munhak Sports Complex,2005 Asian Athletics Championships,,South Korea,37.434984,126.690699
Volksparkstadion,Hamburger SV,,Germany,53.586944,9.898611
Volksparkstadion,UEFA Euro 1988,,Germany,53.586944,9.898611
Volksparkstadion,FC Grün-Weiß Piesteritz,,Germany,53.586944,9.898611
Volksparkstadion,Hamburg Sea Devils,,Germany,53.586944,9.898611
Arena AufSchalke,Schalke 04,,Germany,51.554502777,7.067588888
Estadio Nuevo José Zorrilla,Real Valladolid,,Spain,41.644444,-4.761111
MHPArena,VfB Stuttgart,,Germany,48.792222,9.231944
MHPArena,UEFA Euro 1988,,Germany,48.792222,9.231944
MHPArena,1986 European Athletics Championships,,Germany,48.792222,9.231944
MHPArena,2001 German Athletics Championships,,Germany,48.792222,9.231944
MHPArena,1993 World Championships in Athletics – men's 110 metres hurdles,,Germany,48.792222,9.231944
MHPArena,1993 World Championships in Athletics – men's 3000 metres steeplechase,,Germany,48.792222,9.231944
MHPArena,1993 World Championships in Athletics – women's 100 metres,,Germany,48.792222,9.231944
Niedersachsenstadion,Hannover 96,,Germany,52.36,9.731111
Niedersachsenstadion,UEFA Euro 1988,,Germany,52.36,9.731111
Niedersachsenstadion,1991 German Athletics Championships,,Germany,52.36,9.731111
Niedersachsenstadion,1979 World Masters Athletics Championships,,Germany,52.36,9.731111
Robert F. Kennedy Memorial Stadium,Team America,,United States,38.89,-76.971944444
Robert F. Kennedy Memorial Stadium,Washington Diplomats,,United States,38.89,-76.971944444
Robert F. Kennedy Memorial Stadium,Washington Whips,,United States,38.89,-76.971944444
Robert F. Kennedy Memorial Stadium,1994 Washington Redskins season,,United States,38.89,-76.971944444
Robert F. Kennedy Memorial Stadium,Orlando Renegades,,United States,38.89,-76.971944444
Robert F. Kennedy Memorial Stadium,Washington Senators,,United States,38.89,-76.971944444
Riverfront Stadium,,,United States,39.096666666,-84.508333333
Maracanã Stadium,2016 Summer Olympics,,Brazil,-22.912166666,-43.230163888
Maracanã Stadium,Clube de Regatas do Flamengo,,Brazil,-22.912166666,-43.230163888
Maracanã Stadium,Fluminense F.C.,,Brazil,-22.912166666,-43.230163888
Maracanã Stadium,Brazil men's national football team,,Brazil,-22.912166666,-43.230163888
Maracanã Stadium,Brazil women's national football team,,Brazil,-22.912166666,-43.230163888
Soccer City Stadium,South Africa men's national association football team,,South Africa,-26.234806,27.982378
Soccer City Stadium,Kaizer Chiefs F.C.,,South Africa,-26.234806,27.982378
Soccer City Stadium,Kaizer Chiefs B,,South Africa,-26.234806,27.982378
Bernabéu,Real Madrid Club de Fútbol,,Spain,40.45306,-3.68835
Bernabéu,1964 European Challenge Cup,,Spain,40.45306,-3.68835
Bernabéu,2009–10 Real Madrid C.F. season,,Spain,40.45306,-3.68835
Bernabéu,1964 European Nations' Cup finals,,Spain,40.45306,-3.68835
Kensington Oval,Barbados national cricket team,,Barbados,13.105,-59.6225
Kensington Oval,Barbados Royals,,Barbados,13.105,-59.6225
Zayed Sports City Stadium,2018 World Cup Taekwondo Team Championships,,United Arab Emirates,24.416088888,54.453591666
Cape Town Stadium,Cape Town Spurs F.C.,,South Africa,-33.903461111,18.411152777
Cape Town Stadium,Stormers,,South Africa,-33.903461111,18.411152777
Cape Town Stadium,Cape Town City F.C.,,South Africa,-33.903461111,18.411152777
Cape Town Stadium,2022 United Rugby Championship Final,,South Africa,-33.903461111,18.411152777
Cape Town Stadium,2023 United Rugby Championship final,,South Africa,-33.903461111,18.411152777
Stade Wobi Bobo-Dioulasso,US FRAN,,Burkina Faso,11.18194444,-4.29694444
Stade Wobi Bobo-Dioulasso,Bobo Sport,,Burkina Faso,11.18194444,-4.29694444
Malmö stadion,UEFA Euro 1992,,Sweden,55.586111111,12.989166666
Malmö stadion,IFK Malmö,,Sweden,55.586111111,12.989166666
Malmö stadion,KSF Prespa Birlik,,Sweden,55.586111111,12.989166666
Shell Energy Stadium,Houston Dynamo FC,,United States,29.7522,-95.3524
Shell Energy Stadium,2012 Texas Southern Tigers football team,,United States,29.7522,-95.3524
Shell Energy Stadium,Texas Southern Tigers,,United States,29.7522,-95.3524
Shell Energy Stadium,Texas Southern Tigers football,,United States,29.7522,-95.3524
Shell Energy Stadium,Houston Dash,,United States,29.7522,-95.3524
Shell Energy Stadium,2013 Texas Southern Tigers football team,,United States,29.7522,-95.3524
Shell Energy Stadium,2014 Texas Southern Tigers football team,,United States,29.7522,-95.3524
Shell Energy Stadium,2015 Texas Southern Tigers football team,,United States,29.7522,-95.3524
Shell Energy Stadium,2016 Texas Southern Tigers football team,,United States,29.7522,-95.3524
Kazimierz Górski National Stadium,UEFA Euro 2012,,Poland,52.239444,21.045556
Kazimierz Górski National Stadium,Poland men's national football team,,Poland,52.239444,21.045556
Donbass Arena,UEFA Euro 2012,,Ukraine,48.020833,37.809722
Donbass Arena,FC Shakhtar Donetsk,,Ukraine,48.020833,37.809722
Nelson Mandela Bay Stadium,Southern Kings,,South Africa,-33.937778,25.598889
Nelson Mandela Bay Stadium,Eastern Province Kings,,South Africa,-33.937778,25.598889
Tuvalu Sports Ground,Nui,,Tuvalu,-8.523889,179.198611
Tuvalu Sports Ground,Tuvalu national football team,,Tuvalu,-8.523889,179.198611
Tuvalu Sports Ground,F.C. Manu Laeva,,Tuvalu,-8.523889,179.198611
Tuvalu Sports Ground,Tamanuku,,Tuvalu,-8.523889,179.198611
Tuvalu Sports Ground,F.C. Niutao,,Tuvalu,-8.523889,179.198611
Tuvalu Sports Ground,F.C. Nanumaga,,Tuvalu,-8.523889,179.198611
Tuvalu Sports Ground,F.C. Tofaga,,Tuvalu,-8.523889,179.198611
Tuvalu Sports Ground,Nauti F.C.,,Tuvalu,-8.523889,179.198611
Tuvalu Sports Ground,Lakena United,,Tuvalu,-8.523889,179.198611
Tuvalu Sports Ground,Manu Laeva,,Tuvalu,-8.523889,179.198611
Tuvalu Sports Ground,Nauti,,Tuvalu,-8.523889,179.198611
Tuvalu Sports Ground,Tofaga,,Tuvalu,-8.523889,179.198611
Tuvalu Sports Ground,Nui FC,,Tuvalu,-8.523889,179.198611
Stade Numa-Daly Magenta,A.S. Lössi,,France,-22.26417143,166.4679427
Stade Numa-Daly Magenta,AS Magenta,,France,-22.26417143,166.4679427
Stade Numa-Daly Magenta,A.S. Mont-Dore,,France,-22.26417143,166.4679427
Stade Numa-Daly Magenta,Gaïtcha FCN,,France,-22.26417143,166.4679427
Stade Numa-Daly Magenta,USC Nouméa,,France,-22.26417143,166.4679427
Stade Numa-Daly Magenta,Olympique de Nouméa,,France,-22.26417143,166.4679427
Ernst-Happel-Stadion,Austria men's national football team,,Austria,48.207222222,16.420833333
Ernst-Happel-Stadion,UEFA Euro 2008,,Austria,48.207222222,16.420833333
Ernst-Happel-Stadion,UEFA Euro 2008 finals,,Austria,48.207222222,16.420833333
Peter Mokaba Stadium,Black Leopards F.C.,,South Africa,-23.924689,29.468765
Peter Mokaba Stadium,Baroka F.C.,,South Africa,-23.924689,29.468765
Peter Mokaba Stadium,Polokwane City F.C.,,South Africa,-23.924689,29.468765
Mbombela Stadium,Mpumalanga Black Aces F.C.,,South Africa,-25.461888888,30.929777777
Mbombela Stadium,Pumas,,South Africa,-25.461888888,30.929777777
Royal Bafokeng Stadium,Platinum Stars F.C.,,South Africa,-25.578611111,27.160833333
Tsentral Stadium,,,Georgia,41.655202,41.637246
David Abashidze Stadium,FC Zestaponi,,Georgia,42.111213,43.02568
Central Stadium,,,Russia,48.734444,44.548333
Jonava City Stadium,FK Jonava,,Lithuania,55.078,24.2717
Almaty Central Stadium,FC Alma-Ata,,Kazakhstan,43.238331,76.92435
Almaty Central Stadium,FC Kairat,,Kazakhstan,43.238331,76.92435
Almaty Central Stadium,FC Megasport,,Kazakhstan,43.238331,76.92435
Almaty Central Stadium,Kazakhstan national under-21 football team,,Kazakhstan,43.238331,76.92435
Almaty Central Stadium,FC Kairat Academy,,Kazakhstan,43.238331,76.92435
Pavlodar Central Stadium,FC Irtysh Pavlodar,,Kazakhstan,52.276383,76.949712
Pavlodar Central Stadium,FC Irtysh Pavlodar,,Soviet Union,52.276383,76.949712
Pavlodar Central Stadium,FC Aksu,,Kazakhstan,52.276383,76.949712
Pavlodar Central Stadium,FC Aksu,,Soviet Union,52.276383,76.949712
Hampden Park,Scotland men's national football team,,United Kingdom,55.825863888,-4.252002777
Hampden Park,UEFA Euro 2020,,United Kingdom,55.825863888,-4.252002777
Hampden Park,Queen's Park F.C.,,United Kingdom,55.825863888,-4.252002777
Hampden Park,Scotland women's national football team,,United Kingdom,55.825863888,-4.252002777
Hampden Park,1999 Rugby World Cup,,United Kingdom,55.825863888,-4.252002777
Stadion Wankdorf,BSC Young Boys,,Switzerland,46.962778,7.465
Stadion Wankdorf,UEFA Euro 2008,,Switzerland,46.962778,7.465
Roman Shukhevych Ternopil city stadium,FC Ternopil,,Ukraine,49.553056,25.609167
Roman Shukhevych Ternopil city stadium,FC Nyva Ternopil,,Ukraine,49.553056,25.609167
Guiyang Olympic Sports Center,Guizhou Renhe F.C.,,People's Republic of China,26.620721,106.605749
Guiyang Olympic Sports Center,Guizhou F.C.,,People's Republic of China,26.620721,106.605749
Zhongshan Soccer Stadium,,,Taiwan,25.0695,121.521056
Camping World Stadium,Orlando City SC,,United States,28.539166666,-81.402777777
Camping World Stadium,Orlando Thunder,,United States,28.539166666,-81.402777777
Camping World Stadium,1979 UCF Knights football team,,United States,28.539166666,-81.402777777
Camping World Stadium,2000 UCF Golden Knights football team,,United States,28.539166666,-81.402777777
Camping World Stadium,2001 UCF Golden Knights football team,,United States,28.539166666,-81.402777777
Camping World Stadium,2002 UCF Golden Knights football team,,United States,28.539166666,-81.402777777
Camping World Stadium,2003 UCF Golden Knights football team,,United States,28.539166666,-81.402777777
Camping World Stadium,2004 UCF Golden Knights football team,,United States,28.539166666,-81.402777777
Camping World Stadium,2005 UCF Golden Knights football team,,United States,28.539166666,-81.402777777
Camping World Stadium,2006 UCF Golden Knights football team,,United States,28.539166666,-81.402777777
Camping World Stadium,Orlando Sundogs,,United States,28.539166666,-81.402777777
Camping World Stadium,1991 UCF Knights football team,,United States,28.539166666,-81.402777777
Camping World Stadium,1992 UCF Knights football team,,United States,28.539166666,-81.402777777
Camping World Stadium,1993 UCF Golden Knights football team,,United States,28.539166666,-81.402777777
Camping World Stadium,1994 UCF Golden Knights football team,,United States,28.539166666,-81.402777777
Camping World Stadium,1995 UCF Golden Knights football team,,United States,28.539166666,-81.402777777
Camping World Stadium,1996 UCF Golden Knights football team,,United States,28.539166666,-81.402777777
Camping World Stadium,1997 UCF Golden Knights football team,,United States,28.539166666,-81.402777777
Camping World Stadium,1998 UCF Golden Knights football team,,United States,28.539166666,-81.402777777
Camping World Stadium,1999 UCF Golden Knights football team,,United States,28.539166666,-81.402777777
Camping World Stadium,1981 UCF Knights football team,,United States,28.539166666,-81.402777777
Camping World Stadium,1982 UCF Knights football team,,United States,28.539166666,-81.402777777
Camping World Stadium,1983 UCF Knights football team,,United States,28.539166666,-81.402777777
Camping World Stadium,1984 UCF Knights football team,,United States,28.539166666,-81.402777777
Camping World Stadium,1985 UCF Knights football team,,United States,28.539166666,-81.402777777
Camping World Stadium,1986 UCF Knights football team,,United States,28.539166666,-81.402777777
Camping World Stadium,1987 UCF Knights football team,,United States,28.539166666,-81.402777777
Camping World Stadium,1988 UCF Knights football team,,United States,28.539166666,-81.402777777
Camping World Stadium,1989 UCF Knights football team,,United States,28.539166666,-81.402777777
Camping World Stadium,Orlando Guardians,,United States,28.539166666,-81.402777777
Camping World Stadium,1980 UCF Knights football team,,United States,28.539166666,-81.402777777
Sóstói Stadion,Fehérvár FC,,Hungary,47.17369444,18.41536111
Falcon Stadium,Air Force Falcons football,,United States,38.996944,-104.842222
Falcon Stadium,1978 Air Force Falcons football team,,United States,38.996944,-104.842222
Falcon Stadium,1985 Air Force Falcons football team,,United States,38.996944,-104.842222
Falcon Stadium,1987 Air Force Falcons football team,,United States,38.996944,-104.842222
Falcon Stadium,1989 Air Force Falcons football team,,United States,38.996944,-104.842222
Falcon Stadium,2002 Air Force Falcons football team,,United States,38.996944,-104.842222
Falcon Stadium,2003 Air Force Falcons football team,,United States,38.996944,-104.842222
Falcon Stadium,2004 Air Force Falcons football team,,United States,38.996944,-104.842222
Falcon Stadium,2005 Air Force Falcons football team,,United States,38.996944,-104.842222
Falcon Stadium,2006 Air Force Falcons football team,,United States,38.996944,-104.842222
Falcon Stadium,2007 Air Force Falcons football team,,United States,38.996944,-104.842222
Falcon Stadium,2008 Air Force Falcons football team,,United States,38.996944,-104.842222
Falcon Stadium,2009 Air Force Falcons football team,,United States,38.996944,-104.842222
Falcon Stadium,2010 Air Force Falcons football team,,United States,38.996944,-104.842222
Falcon Stadium,2011 Air Force Falcons football team,,United States,38.996944,-104.842222
Falcon Stadium,2012 Air Force Falcons football team,,United States,38.996944,-104.842222
Falcon Stadium,1991 Air Force Falcons football team,,United States,38.996944,-104.842222
Falcon Stadium,2000 Air Force Falcons football team,,United States,38.996944,-104.842222
Falcon Stadium,2013 Air Force Falcons football team,,United States,38.996944,-104.842222
Falcon Stadium,2001 Air Force Falcons football team,,United States,38.996944,-104.842222
Falcon Stadium,1988 Air Force Falcons football team,,United States,38.996944,-104.842222
Falcon Stadium,2014 Air Force Falcons football team,,United States,38.996944,-104.842222
Falcon Stadium,2015 Air Force Falcons football team,,United States,38.996944,-104.842222
Falcon Stadium,2016 Air Force Falcons football team,,United States,38.996944,-104.842222
Falcon Stadium,1995 Air Force Falcons football team,,United States,38.996944,-104.842222
Falcon Stadium,1998 Air Force Falcons football team,,United States,38.996944,-104.842222
Falcon Stadium,1999 Air Force Falcons football team,,United States,38.996944,-104.842222
Falcon Stadium,1997 Air Force Falcons football team,,United States,38.996944,-104.842222
Falcon Stadium,1996 Air Force Falcons football team,,United States,38.996944,-104.842222
Falcon Stadium,1994 Air Force Falcons football team,,United States,38.996944,-104.842222
Falcon Stadium,1993 Air Force Falcons football team,,United States,38.996944,-104.842222
Falcon Stadium,1992 Air Force Falcons football team,,United States,38.996944,-104.842222
Falcon Stadium,1990 Air Force Falcons football team,,United States,38.996944,-104.842222
Falcon Stadium,1986 Air Force Falcons football team,,United States,38.996944,-104.842222
Falcon Stadium,1984 Air Force Falcons football team,,United States,38.996944,-104.842222
Falcon Stadium,1981 Air Force Falcons football team,,United States,38.996944,-104.842222
Falcon Stadium,1975 Air Force Falcons football team,,United States,38.996944,-104.842222
Falcon Stadium,1973 Air Force Falcons football team,,United States,38.996944,-104.842222
Falcon Stadium,1968 Air Force Falcons football team,,United States,38.996944,-104.842222
Falcon Stadium,2019 Air Force Falcons football team,,United States,38.996944,-104.842222
LaVell Edwards Stadium,BYU Cougars,,United States,40.2575,-111.654444
LaVell Edwards Stadium,BYU Cougars football,,United States,40.2575,-111.654444
LaVell Edwards Stadium,1972 BYU Cougars football team,,United States,40.2575,-111.654444
LaVell Edwards Stadium,1974 BYU Cougars football team,,United States,40.2575,-111.654444
LaVell Edwards Stadium,1975 BYU Cougars football team,,United States,40.2575,-111.654444
LaVell Edwards Stadium,1976 BYU Cougars football team,,United States,40.2575,-111.654444
LaVell Edwards Stadium,1977 BYU Cougars football team,,United States,40.2575,-111.654444
LaVell Edwards Stadium,1978 BYU Cougars football team,,United States,40.2575,-111.654444
LaVell Edwards Stadium,1979 BYU Cougars football team,,United States,40.2575,-111.654444
LaVell Edwards Stadium,1980 BYU Cougars football team,,United States,40.2575,-111.654444
LaVell Edwards Stadium,1981 BYU Cougars football team,,United States,40.2575,-111.654444
LaVell Edwards Stadium,1982 BYU Cougars football team,,United States,40.2575,-111.654444
LaVell Edwards Stadium,1983 BYU Cougars football team,,United States,40.2575,-111.654444
LaVell Edwards Stadium,1984 BYU Cougars football team,,United States,40.2575,-111.654444
LaVell Edwards Stadium,1990 BYU Cougars football team,,United States,40.2575,-111.654444
LaVell Edwards Stadium,1992 BYU Cougars football team,,United States,40.2575,-111.654444
LaVell Edwards Stadium,1996 BYU Cougars football team,,United States,40.2575,-111.654444
LaVell Edwards Stadium,1997 BYU Cougars football team,,United States,40.2575,-111.654444
LaVell Edwards Stadium,2000 BYU Cougars football team,,United States,40.2575,-111.654444
LaVell Edwards Stadium,2001 BYU Cougars football team,,United States,40.2575,-111.654444
LaVell Edwards Stadium,2002 BYU Cougars football team,,United States,40.2575,-111.654444
LaVell Edwards Stadium,2003 BYU Cougars football team,,United States,40.2575,-111.654444
LaVell Edwards Stadium,2004 BYU Cougars football team,,United States,40.2575,-111.654444
LaVell Edwards Stadium,2005 BYU Cougars football team,,United States,40.2575,-111.654444
LaVell Edwards Stadium,2006 BYU Cougars football team,,United States,40.2575,-111.654444
LaVell Edwards Stadium,2007 BYU Cougars football team,,United States,40.2575,-111.654444
LaVell Edwards Stadium,2008 BYU Cougars football team,,United States,40.2575,-111.654444
LaVell Edwards Stadium,2009 BYU Cougars football team,,United States,40.2575,-111.654444
LaVell Edwards Stadium,2010 BYU Cougars football team,,United States,40.2575,-111.654444
LaVell Edwards Stadium,2011 BYU Cougars football team,,United States,40.2575,-111.654444
LaVell Edwards Stadium,2012 BYU Cougars football team,,United States,40.2575,-111.654444
LaVell Edwards Stadium,2013 BYU Cougars football team,,United States,40.2575,-111.654444
LaVell Edwards Stadium,1973 BYU Cougars football team,,United States,40.2575,-111.654444
LaVell Edwards Stadium,2014 BYU Cougars football team,,United States,40.2575,-111.654444
LaVell Edwards Stadium,1986 BYU Cougars football team,,United States,40.2575,-111.654444
LaVell Edwards Stadium,1985 BYU Cougars football team,,United States,40.2575,-111.654444
LaVell Edwards Stadium,2015 BYU Cougars football team,,United States,40.2575,-111.654444
LaVell Edwards Stadium,2016 BYU Cougars football team,,United States,40.2575,-111.654444
LaVell Edwards Stadium,1975 NCAA Division I Outdoor Track and Field Championships,,United States,40.2575,-111.654444
LaVell Edwards Stadium,1967 NCAA University Division Outdoor Track and Field Championships,,United States,40.2575,-111.654444
LaVell Edwards Stadium,1989 BYU Cougars football team,,United States,40.2575,-111.654444
LaVell Edwards Stadium,1991 BYU Cougars football team,,United States,40.2575,-111.654444
LaVell Edwards Stadium,1993 BYU Cougars football team,,United States,40.2575,-111.654444
LaVell Edwards Stadium,1995 BYU Cougars football team,,United States,40.2575,-111.654444
LaVell Edwards Stadium,1965 BYU Cougars football team,,United States,40.2575,-111.654444
LaVell Edwards Stadium,2017 BYU Cougars football team,,United States,40.2575,-111.654444
LaVell Edwards Stadium,1999 BYU Cougars football team,,United States,40.2575,-111.654444
LaVell Edwards Stadium,1994 BYU Cougars football team,,United States,40.2575,-111.654444
LaVell Edwards Stadium,1987 BYU Cougars football team,,United States,40.2575,-111.654444
LaVell Edwards Stadium,1988 BYU Cougars football team,,United States,40.2575,-111.654444
LaVell Edwards Stadium,1998 BYU Cougars football team,,United States,40.2575,-111.654444
LaVell Edwards Stadium,2019 BYU Cougars football team,,United States,40.2575,-111.654444
LaVell Edwards Stadium,1967 BYU Cougars football team,,United States,40.2575,-111.654444
LaVell Edwards Stadium,1968 BYU Cougars football team,,United States,40.2575,-111.654444
LaVell Edwards Stadium,1969 BYU Cougars football team,,United States,40.2575,-111.654444
LaVell Edwards Stadium,1970 BYU Cougars football team,,United States,40.2575,-111.654444
LaVell Edwards Stadium,1971 BYU Cougars football team,,United States,40.2575,-111.654444
LaVell Edwards Stadium,1966 BYU Cougars football team,,United States,40.2575,-111.654444
Richmond Olympic Oval,2010 Canadian Open Badminton Championships,,Canada,49.174722,-123.151389
Richmond Olympic Oval,2011 Canadian Open Badminton Championships,,Canada,49.174722,-123.151389
Richmond Olympic Oval,2013 Canadian Open Badminton Championships,,Canada,49.174722,-123.151389
Richmond Olympic Oval,2011 World Senior Badminton Championships,,Canada,49.174722,-123.151389
Richmond Olympic Oval,2011 World Senior Badminton Championships O35,,Canada,49.174722,-123.151389
Richmond Olympic Oval,2011 World Senior Badminton Championships O35 – men's doubles,,Canada,49.174722,-123.151389
Richmond Olympic Oval,2011 World Senior Badminton Championships O35 – men's singles,,Canada,49.174722,-123.151389
Richmond Olympic Oval,2011 World Senior Badminton Championships O35 – women's doubles,,Canada,49.174722,-123.151389
Richmond Olympic Oval,2011 World Senior Badminton Championships O35 – women's singles,,Canada,49.174722,-123.151389
Richmond Olympic Oval,2011 World Senior Badminton Championships O35 – mixed doubles,,Canada,49.174722,-123.151389
Richmond Olympic Oval,2011 World Senior Badminton Championships O40,,Canada,49.174722,-123.151389
Richmond Olympic Oval,2011 World Senior Badminton Championships O40 – men's doubles,,Canada,49.174722,-123.151389
Richmond Olympic Oval,2011 World Senior Badminton Championships O40 – men's singles,,Canada,49.174722,-123.151389
Richmond Olympic Oval,2011 World Senior Badminton Championships O40 – women's doubles,,Canada,49.174722,-123.151389
Richmond Olympic Oval,2011 World Senior Badminton Championships O40 – women's singles,,Canada,49.174722,-123.151389
Richmond Olympic Oval,2011 World Senior Badminton Championships O40 – mixed doubles,,Canada,49.174722,-123.151389
Richmond Olympic Oval,2011 World Senior Badminton Championships O45,,Canada,49.174722,-123.151389
Richmond Olympic Oval,2011 World Senior Badminton Championships O45 – men's doubles,,Canada,49.174722,-123.151389
Richmond Olympic Oval,2011 World Senior Badminton Championships O45 – men's singles,,Canada,49.174722,-123.151389
Richmond Olympic Oval,2011 World Senior Badminton Championships O45 – women's doubles,,Canada,49.174722,-123.151389
Richmond Olympic Oval,2011 World Senior Badminton Championships O45 – women's singles,,Canada,49.174722,-123.151389
Richmond Olympic Oval,2011 World Senior Badminton Championships O45 – mixed doubles,,Canada,49.174722,-123.151389
Richmond Olympic Oval,2011 World Senior Badminton Championships O50,,Canada,49.174722,-123.151389
Richmond Olympic Oval,2011 World Senior Badminton Championships O50 – men's doubles,,Canada,49.174722,-123.151389
Richmond Olympic Oval,2011 World Senior Badminton Championships O50 – men's singles,,Canada,49.174722,-123.151389
Richmond Olympic Oval,2011 World Senior Badminton Championships O50 – women's doubles,,Canada,49.174722,-123.151389
Richmond Olympic Oval,2011 World Senior Badminton Championships O50 – women's singles,,Canada,49.174722,-123.151389
Richmond Olympic Oval,2011 World Senior Badminton Championships O50 – mixed doubles,,Canada,49.174722,-123.151389
Richmond Olympic Oval,2011 World Senior Badminton Championships O55,,Canada,49.174722,-123.151389
Richmond Olympic Oval,2011 World Senior Badminton Championships O55 – men's doubles,,Canada,49.174722,-123.151389
Richmond Olympic Oval,2011 World Senior Badminton Championships O55 – men's singles,,Canada,49.174722,-123.151389
Richmond Olympic Oval,2011 World Senior Badminton Championships O55 – women's doubles,,Canada,49.174722,-123.151389
Richmond Olympic Oval,2011 World Senior Badminton Championships O55 – women's singles,,Canada,49.174722,-123.151389
Richmond Olympic Oval,2011 World Senior Badminton Championships O55 – mixed doubles,,Canada,49.174722,-123.151389
Richmond Olympic Oval,2011 World Senior Badminton Championships O60,,Canada,49.174722,-123.151389
Richmond Olympic Oval,2011 World Senior Badminton Championships O60 – men's doubles,,Canada,49.174722,-123.151389
Richmond Olympic Oval,2011 World Senior Badminton Championships O60 – men's singles,,Canada,49.174722,-123.151389
Richmond Olympic Oval,2011 World Senior Badminton Championships O60 – women's doubles,,Canada,49.174722,-123.151389
Richmond Olympic Oval,2011 World Senior Badminton Championships O60 – women's singles,,Canada,49.174722,-123.151389
Richmond Olympic Oval,2011 World Senior Badminton Championships O60 – mixed doubles,,Canada,49.174722,-123.151389
Richmond Olympic Oval,2011 World Senior Badminton Championships O65,,Canada,49.174722,-123.151389
Richmond Olympic Oval,2011 World Senior Badminton Championships O65 – men's doubles,,Canada,49.174722,-123.151389
Richmond Olympic Oval,2011 World Senior Badminton Championships O65 – men's singles,,Canada,49.174722,-123.151389
Richmond Olympic Oval,2011 World Senior Badminton Championships O65 – women's doubles,,Canada,49.174722,-123.151389
Richmond Olympic Oval,2011 World Senior Badminton Championships O65 – women's singles,,Canada,49.174722,-123.151389
Richmond Olympic Oval,2011 World Senior Badminton Championships O65 – mixed doubles,,Canada,49.174722,-123.151389
Richmond Olympic Oval,2011 World Senior Badminton Championships O70,,Canada,49.174722,-123.151389
Richmond Olympic Oval,2011 World Senior Badminton Championships O70 – men's doubles,,Canada,49.174722,-123.151389
Richmond Olympic Oval,2011 World Senior Badminton Championships O70 – men's singles,,Canada,49.174722,-123.151389
Richmond Olympic Oval,2011 World Senior Badminton Championships O70 – women's doubles,,Canada,49.174722,-123.151389
Richmond Olympic Oval,2011 World Senior Badminton Championships O70 – women's singles,,Canada,49.174722,-123.151389
Richmond Olympic Oval,2011 World Senior Badminton Championships O70 – mixed doubles,,Canada,49.174722,-123.151389
Richmond Olympic Oval,2010 Canadian Open Badminton Championships – men's doubles,,Canada,49.174722,-123.151389
Richmond Olympic Oval,2011 Canadian Open Badminton Championships – men's doubles,,Canada,49.174722,-123.151389
Richmond Olympic Oval,2013 Canadian Open Badminton Championships – men's doubles,,Canada,49.174722,-123.151389
Richmond Olympic Oval,2010 Canadian Open Badminton Championships – men's singles,,Canada,49.174722,-123.151389
Richmond Olympic Oval,2011 Canadian Open Badminton Championships – men's singles,,Canada,49.174722,-123.151389
Richmond Olympic Oval,2013 Canadian Open Badminton Championships – men's singles,,Canada,49.174722,-123.151389
Richmond Olympic Oval,2010 Canadian Open Badminton Championships – women's doubles,,Canada,49.174722,-123.151389
Richmond Olympic Oval,2011 Canadian Open Badminton Championships – women's doubles,,Canada,49.174722,-123.151389
Richmond Olympic Oval,2013 Canadian Open Badminton Championships – women's doubles,,Canada,49.174722,-123.151389
Richmond Olympic Oval,2010 Canadian Open Badminton Championships – women's singles,,Canada,49.174722,-123.151389
Richmond Olympic Oval,2011 Canadian Open Badminton Championships – women's singles,,Canada,49.174722,-123.151389
Richmond Olympic Oval,2013 Canadian Open Badminton Championships – women's singles,,Canada,49.174722,-123.151389
Richmond Olympic Oval,2010 Canadian Open Badminton Championships – mixed doubles,,Canada,49.174722,-123.151389
Richmond Olympic Oval,2011 Canadian Open Badminton Championships – mixed doubles,,Canada,49.174722,-123.151389
Richmond Olympic Oval,2013 Canadian Open Badminton Championships – mixed doubles,,Canada,49.174722,-123.151389
Estadio Olímpico Patria,Club Universitario,,Bolivia,-19.032322,-65.257912
Estadio Olímpico Patria,Club Independiente Petrolero,,Bolivia,-19.032322,-65.257912
Estadio Olímpico Patria,Q3974536,,Bolivia,-19.032322,-65.257912
Estadio Olímpico Patria,Flamengo de Sucre,,Bolivia,-19.032322,-65.257912
Tamaz Stephania Stadium,FC Sioni Bolnisi,,Georgia,41.447996,44.535185
Whistler Olympic Park,Nordic skiing at the 2010 Winter Olympics,,Canada,50.1353,-123.119
Yves du Manoir Stadium,Racing 92,,France,48.93145,2.24961
Yves du Manoir Stadium,1938 European Athletics Championships,,France,48.93145,2.24961
Yves du Manoir Stadium,Racing Club de France,,France,48.93145,2.24961
Yves du Manoir Stadium,Rugby union at the Inter-allied games,,France,48.93145,2.24961
Atlanta Silverbacks Park,Atlanta Silverbacks,,United States,33.885353,-84.2484
Atlanta Silverbacks Park,Atlanta Silverbacks U23's,,United States,33.885353,-84.2484
Atlanta Silverbacks Park,Atlanta Silverbacks Women,,United States,33.885353,-84.2484
Atlanta Silverbacks Park,Atlanta Silverbacks Reserves,,United States,33.885353,-84.2484
Atlanta Silverbacks Park,Georgia FC,,United States,33.885353,-84.2484
State Farm Stadium,Arizona Cardinals,,United States,33.5275,-112.2625
State Farm Stadium,Fiesta Bowl,,United States,33.5275,-112.2625
Caesars Superdome,New Orleans Saints,,United States,29.950833333,-90.081111111
Caesars Superdome,New Orleans Bowl,,United States,29.950833333,-90.081111111
Caesars Superdome,1979 Tulane Green Wave football team,,United States,29.950833333,-90.081111111
Caesars Superdome,1980 Tulane Green Wave football team,,United States,29.950833333,-90.081111111
Caesars Superdome,1998 Tulane Green Wave football team,,United States,29.950833333,-90.081111111
Caesars Superdome,1999 Tulane Green Wave football team,,United States,29.950833333,-90.081111111
Caesars Superdome,2000 Tulane Green Wave football team,,United States,29.950833333,-90.081111111
Caesars Superdome,2001 Tulane Green Wave football team,,United States,29.950833333,-90.081111111
Caesars Superdome,2002 Tulane Green Wave football team,,United States,29.950833333,-90.081111111
Caesars Superdome,2003 Tulane Green Wave football team,,United States,29.950833333,-90.081111111
Caesars Superdome,2004 Tulane Green Wave football team,,United States,29.950833333,-90.081111111
Caesars Superdome,2006 Tulane Green Wave football team,,United States,29.950833333,-90.081111111
Caesars Superdome,2007 Tulane Green Wave football team,,United States,29.950833333,-90.081111111
Caesars Superdome,2008 Tulane Green Wave football team,,United States,29.950833333,-90.081111111
Caesars Superdome,2009 Tulane Green Wave football team,,United States,29.950833333,-90.081111111
Caesars Superdome,2010 Tulane Green Wave football team,,United States,29.950833333,-90.081111111
Caesars Superdome,2011 Tulane Green Wave football team,,United States,29.950833333,-90.081111111
Caesars Superdome,2012 Tulane Green Wave football team,,United States,29.950833333,-90.081111111
Caesars Superdome,2013 Tulane Green Wave football team,,United States,29.950833333,-90.081111111
Caesars Superdome,"Tulane Green Wave football, 1990–99",,United States,29.950833333,-90.081111111
Caesars Superdome,"Tulane Green Wave football, 1980–89",,United States,29.950833333,-90.081111111
Caesars Superdome,1975 Tulane Green Wave football team,,United States,29.950833333,-90.081111111
Caesars Superdome,1981 Tulane Green Wave football team,,United States,29.950833333,-90.081111111
Caesars Superdome,1977 Tulane Green Wave football team,,United States,29.950833333,-90.081111111
Caesars Superdome,1976 Tulane Green Wave football team,,United States,29.950833333,-90.081111111
Caesars Superdome,1982 Tulane Green Wave football team,,United States,29.950833333,-90.081111111
Caesars Superdome,1978 Tulane Green Wave football team,,United States,29.950833333,-90.081111111
Caesars Superdome,1984 Tulane Green Wave football team,,United States,29.950833333,-90.081111111
Caesars Superdome,1983 Tulane Green Wave football team,,United States,29.950833333,-90.081111111
Caesars Superdome,1985 Tulane Green Wave football team,,United States,29.950833333,-90.081111111
Stadio Renato Dall'Ara,Bologna F.C. 1909,,Italy,44.4922,11.3098
Stadio Renato Dall'Ara,1957 Italian Athletics Championships,,Italy,44.4922,11.3098
Stadio Renato Dall'Ara,1938 Italian Athletics Championships,,Italy,44.4922,11.3098
Stadio Renato Dall'Ara,1992 Italian Athletics Championships,,Italy,44.4922,11.3098
Ato Boldon Stadium,Central F.C.,,Trinidad and Tobago,10.42472222,-61.41722222
Ato Boldon Stadium,South Starworld Strikers,,Trinidad and Tobago,10.42472222,-61.41722222
Ato Boldon Stadium,Club Sando F.C.,,Trinidad and Tobago,10.42472222,-61.41722222
Sports Illustrated Stadium,Red Bull New York,,United States,40.736666666,-74.150277777
Sports Illustrated Stadium,Gotham FC,,United States,40.736666666,-74.150277777
Globe Arena,Morecambe F.C.,,United Kingdom,54.0615,-2.86716
Kuwait National Stadium,1983 Asian Athletics Championships,,Kuwait,29.342827777,47.952236111
Nnamdi Azikiwe Stadium,Enugu Rangers,,Nigeria,6.44416667,7.49638889
Solnahallen,Solna Vikings,,Sweden,59.358888888,17.988888888
Al Mina'a Stadium,Al-Mina'a SC,,Iraq,30.552356,47.778155
Dell Diamond,,,United States,30.5273,-97.6305
Ferro Carril Oeste Stadium,Ferro Carril Oeste,,Argentina,-34.6185,-58.447639
Ferro Carril Oeste Stadium,Ferro Carril Oeste women,,Argentina,-34.6185,-58.447639
Stadion Goce Delčev,FK Pobeda,,North Macedonia,41.343611,21.561944
Stadion Goce Delčev,FK 11 Oktomvri,,North Macedonia,41.343611,21.561944
Stadion Goce Delčev,FK Korzo,,North Macedonia,41.343611,21.561944
Stadion Goce Delčev,FK Mladost Carev Dvor,,North Macedonia,41.343611,21.561944
Stadion Goce Delčev,FK Pobeda Junior,,North Macedonia,41.343611,21.561944
Wentworth Park,Balmain SC,,Australia,-33.8775,151.193333
G'uzor Stadium,FC Shurtan Guzar,,Uzbekistan,38.618139,66.259139
Progress Stadium,FC Progress Chernyakhovsk,,Uzbekistan,41.570556,64.207222
Lokomotiv Stadium,Lokomotiv Tashkent,,Uzbekistan,41.361111,69.395
Estádio Prof. Dr. José Vieira de Carvalho,F.C. Maia,,Portugal,41.23456944,-8.61821944
Olympic Stadium of Nouakchott,FC Tevragh Zeïna,,Mauritania,18.10470278,-15.98545556
Olympic Stadium of Nouakchott,ASC Mauritel Mobile FC,,Mauritania,18.10470278,-15.98545556
Olympic Stadium of Nouakchott,ASAC Concorde,,Mauritania,18.10470278,-15.98545556
Olympic Stadium of Nouakchott,AS Garde Nationale,,Mauritania,18.10470278,-15.98545556
Olympic Stadium of Nouakchott,AS Armée Nationale,,Mauritania,18.10470278,-15.98545556
Olympic Stadium of Nouakchott,ASC Assaba,,Mauritania,18.10470278,-15.98545556
Olympic Stadium of Nouakchott,ASC Ksar,,Mauritania,18.10470278,-15.98545556
Olympic Stadium of Nouakchott,ASC Tidjikja,,Mauritania,18.10470278,-15.98545556
Olympic Stadium of Nouakchott,ASC Police,,Mauritania,18.10470278,-15.98545556
Olympic Stadium of Nouakchott,ASC El Ahmedi,,Mauritania,18.10470278,-15.98545556
Olympic Stadium of Nouakchott,Nouakchott King's,,Mauritania,18.10470278,-15.98545556
Olympic Stadium of Nouakchott,ASC Sonalec,,Mauritania,18.10470278,-15.98545556
Olympic Stadium of Nouakchott,Espoirs Nouakchott,,Mauritania,18.10470278,-15.98545556
Khalifa International Stadium,2006 Asian Games,,Qatar,25.263611111,51.448055555
Khalifa International Stadium,athletics at the 2011 Pan Arab Games,,Qatar,25.263611111,51.448055555
Khalifa International Stadium,Al-Mu'aidar Sports Club,,Qatar,25.263611111,51.448055555
Khalifa International Stadium,2019 Asian Athletics Championships,,Qatar,25.263611111,51.448055555
Khalifa International Stadium,2019 Doha Diamond League,,Qatar,25.263611111,51.448055555
Ohio Stadium,Ohio Glory,,United States,40.001667,-83.019722
Ohio Stadium,Ohio State Buckeyes,,United States,40.001667,-83.019722
Ohio Stadium,1922 Ohio State Buckeyes football team,,United States,40.001667,-83.019722
Ohio Stadium,1924 Ohio State Buckeyes football team,,United States,40.001667,-83.019722
Ohio Stadium,1925 Ohio State Buckeyes football team,,United States,40.001667,-83.019722
Ohio Stadium,1926 Ohio State Buckeyes football team,,United States,40.001667,-83.019722
Ohio Stadium,1927 Ohio State Buckeyes football team,,United States,40.001667,-83.019722
Ohio Stadium,1928 Ohio State Buckeyes football team,,United States,40.001667,-83.019722
Ohio Stadium,1929 Ohio State Buckeyes football team,,United States,40.001667,-83.019722
Ohio Stadium,1930 Ohio State Buckeyes football team,,United States,40.001667,-83.019722
Ohio Stadium,1931 Ohio State Buckeyes football team,,United States,40.001667,-83.019722
Ohio Stadium,1932 Ohio State Buckeyes football team,,United States,40.001667,-83.019722
Ohio Stadium,1933 Ohio State Buckeyes football team,,United States,40.001667,-83.019722
Ohio Stadium,1934 Ohio State Buckeyes football team,,United States,40.001667,-83.019722
Ohio Stadium,1935 Ohio State Buckeyes football team,,United States,40.001667,-83.019722
Ohio Stadium,1938 Ohio State Buckeyes football team,,United States,40.001667,-83.019722
Ohio Stadium,1939 Ohio State Buckeyes football team,,United States,40.001667,-83.019722
Ohio Stadium,1940 Ohio State Buckeyes football team,,United States,40.001667,-83.019722
Ohio Stadium,1941 Ohio State Buckeyes football team,,United States,40.001667,-83.019722
Ohio Stadium,1942 Ohio State Buckeyes football team,,United States,40.001667,-83.019722
Ohio Stadium,1943 Ohio State Buckeyes football team,,United States,40.001667,-83.019722
Ohio Stadium,1944 Ohio State Buckeyes football team,,United States,40.001667,-83.019722
Ohio Stadium,1945 Ohio State Buckeyes football team,,United States,40.001667,-83.019722
Ohio Stadium,1946 Ohio State Buckeyes football team,,United States,40.001667,-83.019722
Ohio Stadium,1947 Ohio State Buckeyes football team,,United States,40.001667,-83.019722
Ohio Stadium,1948 Ohio State Buckeyes football team,,United States,40.001667,-83.019722
Ohio Stadium,1949 Ohio State Buckeyes football team,,United States,40.001667,-83.019722
Ohio Stadium,1950 Ohio State Buckeyes football team,,United States,40.001667,-83.019722
Ohio Stadium,1951 Ohio State Buckeyes football team,,United States,40.001667,-83.019722
Ohio Stadium,1952 Ohio State Buckeyes football team,,United States,40.001667,-83.019722
Ohio Stadium,1953 Ohio State Buckeyes football team,,United States,40.001667,-83.019722
Ohio Stadium,1954 Ohio State Buckeyes football team,,United States,40.001667,-83.019722
Ohio Stadium,1955 Ohio State Buckeyes football team,,United States,40.001667,-83.019722
Ohio Stadium,1956 Ohio State Buckeyes football team,,United States,40.001667,-83.019722
Ohio Stadium,1957 Ohio State Buckeyes football team,,United States,40.001667,-83.019722
Ohio Stadium,1958 Ohio State Buckeyes football team,,United States,40.001667,-83.019722
Ohio Stadium,1959 Ohio State Buckeyes football team,,United States,40.001667,-83.019722
Ohio Stadium,1960 Ohio State Buckeyes football team,,United States,40.001667,-83.019722
Ohio Stadium,1961 Ohio State Buckeyes football team,,United States,40.001667,-83.019722
Ohio Stadium,1962 Ohio State Buckeyes football team,,United States,40.001667,-83.019722
Ohio Stadium,1963 Ohio State Buckeyes football team,,United States,40.001667,-83.019722
Ohio Stadium,1964 Ohio State Buckeyes football team,,United States,40.001667,-83.019722
Ohio Stadium,1965 Ohio State Buckeyes football team,,United States,40.001667,-83.019722
Ohio Stadium,1966 Ohio State Buckeyes football team,,United States,40.001667,-83.019722
Ohio Stadium,1967 Ohio State Buckeyes football team,,United States,40.001667,-83.019722
Ohio Stadium,1968 Ohio State Buckeyes football team,,United States,40.001667,-83.019722
Ohio Stadium,1969 Ohio State Buckeyes football team,,United States,40.001667,-83.019722
Ohio Stadium,1970 Ohio State Buckeyes football team,,United States,40.001667,-83.019722
Ohio Stadium,1971 Ohio State Buckeyes football team,,United States,40.001667,-83.019722
Ohio Stadium,1972 Ohio State Buckeyes football team,,United States,40.001667,-83.019722
Ohio Stadium,1973 Ohio State Buckeyes football team,,United States,40.001667,-83.019722
Ohio Stadium,1974 Ohio State Buckeyes football team,,United States,40.001667,-83.019722
Ohio Stadium,1975 Ohio State Buckeyes football team,,United States,40.001667,-83.019722
Ohio Stadium,1976 Ohio State Buckeyes football team,,United States,40.001667,-83.019722
Ohio Stadium,1977 Ohio State Buckeyes football team,,United States,40.001667,-83.019722
Ohio Stadium,1978 Ohio State Buckeyes football team,,United States,40.001667,-83.019722
Ohio Stadium,1979 Ohio State Buckeyes football team,,United States,40.001667,-83.019722
Ohio Stadium,1980 Ohio State Buckeyes football team,,United States,40.001667,-83.019722
Ohio Stadium,1982 Ohio State Buckeyes football team,,United States,40.001667,-83.019722
Ohio Stadium,1983 Ohio State Buckeyes football team,,United States,40.001667,-83.019722
Ohio Stadium,1984 Ohio State Buckeyes football team,,United States,40.001667,-83.019722
Ohio Stadium,1985 Ohio State Buckeyes football team,,United States,40.001667,-83.019722
Ohio Stadium,1986 Ohio State Buckeyes football team,,United States,40.001667,-83.019722
Ohio Stadium,1987 Ohio State Buckeyes football team,,United States,40.001667,-83.019722
Ohio Stadium,1988 Ohio State Buckeyes football team,,United States,40.001667,-83.019722
Ohio Stadium,1989 Ohio State Buckeyes football team,,United States,40.001667,-83.019722
Ohio Stadium,1990 Ohio State Buckeyes football team,,United States,40.001667,-83.019722
Ohio Stadium,1991 Ohio State Buckeyes football team,,United States,40.001667,-83.019722
Ohio Stadium,1992 Ohio State Buckeyes football team,,United States,40.001667,-83.019722
Ohio Stadium,1993 Ohio State Buckeyes football team,,United States,40.001667,-83.019722
Ohio Stadium,1994 Ohio State Buckeyes football team,,United States,40.001667,-83.019722
Ohio Stadium,1995 Ohio State Buckeyes football team,,United States,40.001667,-83.019722
Ohio Stadium,1996 Ohio State Buckeyes football team,,United States,40.001667,-83.019722
Ohio Stadium,1997 Ohio State Buckeyes football team,,United States,40.001667,-83.019722
Ohio Stadium,1998 Ohio State Buckeyes football team,,United States,40.001667,-83.019722
Ohio Stadium,1999 Ohio State Buckeyes football team,,United States,40.001667,-83.019722
Ohio Stadium,2000 Ohio State Buckeyes football team,,United States,40.001667,-83.019722
Ohio Stadium,2001 Ohio State Buckeyes football team,,United States,40.001667,-83.019722
Ohio Stadium,2002 Ohio State Buckeyes football team,,United States,40.001667,-83.019722
Ohio Stadium,2003 Ohio State Buckeyes football team,,United States,40.001667,-83.019722
Ohio Stadium,2004 Ohio State Buckeyes football team,,United States,40.001667,-83.019722
Ohio Stadium,2005 Ohio State Buckeyes football team,,United States,40.001667,-83.019722
Ohio Stadium,2006 Ohio State Buckeyes football team,,United States,40.001667,-83.019722
Ohio Stadium,2007 Ohio State Buckeyes football team,,United States,40.001667,-83.019722
Ohio Stadium,2008 Ohio State Buckeyes football team,,United States,40.001667,-83.019722
Ohio Stadium,2009 Ohio State Buckeyes football team,,United States,40.001667,-83.019722
Ohio Stadium,2010 Ohio State Buckeyes football team,,United States,40.001667,-83.019722
Ohio Stadium,2011 Ohio State Buckeyes football team,,United States,40.001667,-83.019722
Ohio Stadium,2012 Ohio State Buckeyes football team,,United States,40.001667,-83.019722
Ohio Stadium,2013 Ohio State Buckeyes football team,,United States,40.001667,-83.019722
Ohio Stadium,Ohio State Buckeyes football,,United States,40.001667,-83.019722
Ohio Stadium,1981 Ohio State Buckeyes football team,,United States,40.001667,-83.019722
Ohio Stadium,1923 Ohio State Buckeyes football team,,United States,40.001667,-83.019722
Ohio Stadium,1936 Ohio State Buckeyes football team,,United States,40.001667,-83.019722
Ohio Stadium,1937 Ohio State Buckeyes football team,,United States,40.001667,-83.019722
Ohio Stadium,2014 Ohio State Buckeyes football team,,United States,40.001667,-83.019722
Ohio Stadium,2015 Ohio State Buckeyes football team,,United States,40.001667,-83.019722
Ohio Stadium,2016 Ohio State Buckeyes football team,,United States,40.001667,-83.019722
Ohio Stadium,2017 Ohio State Buckeyes football team,,United States,40.001667,-83.019722
Ohio Stadium,2018 Ohio State Buckeyes football team,,United States,40.001667,-83.019722
Ohio Stadium,2019 Ohio State Buckeyes football team,,United States,40.001667,-83.019722
Argir Stadium,Argja Bóltfelag,,Faroe Islands,61.995,-6.80277778
Stadion ŁKS,ŁKS Łódź,,Poland,51.75875,19.42675
Hankyu Nishinomiya Stadium,,,Japan,34.743741,135.360644
Stade Robert Champroux,AS Athlétic Adjamé,,Ivory Coast,5.30527778,-3.99244444
Stade Robert Champroux,Stella Club d'Adjamé,,Ivory Coast,5.30527778,-3.99244444
Stade Robert Champroux,Williamsville AC,,Ivory Coast,5.30527778,-3.99244444
Oriel Park,Dundalk F.C.,,Ireland,53.998944,-6.416917
Oriel Park,Dundalk W.F.C.,,Ireland,53.998944,-6.416917
Reser Stadium,Oregon State Beavers,,United States,44.559444444,-123.281388888
Reser Stadium,1956 Oregon State Beavers football team,,United States,44.559444444,-123.281388888
Reser Stadium,1957 Oregon State Beavers football team,,United States,44.559444444,-123.281388888
Reser Stadium,1960 Oregon State Beavers football team,,United States,44.559444444,-123.281388888
Reser Stadium,1961 Oregon State Beavers football team,,United States,44.559444444,-123.281388888
Reser Stadium,1962 Oregon State Beavers football team,,United States,44.559444444,-123.281388888
Reser Stadium,1964 Oregon State Beavers football team,,United States,44.559444444,-123.281388888
Reser Stadium,1966 Oregon State Beavers football team,,United States,44.559444444,-123.281388888
Reser Stadium,1967 Oregon State Beavers football team,,United States,44.559444444,-123.281388888
Reser Stadium,1971 Oregon State Beavers football team,,United States,44.559444444,-123.281388888
Reser Stadium,1975 Oregon State Beavers football team,,United States,44.559444444,-123.281388888
Reser Stadium,1983 Oregon State Beavers football team,,United States,44.559444444,-123.281388888
Reser Stadium,1984 Oregon State Beavers football team,,United States,44.559444444,-123.281388888
Reser Stadium,1985 Oregon State Beavers football team,,United States,44.559444444,-123.281388888
Reser Stadium,1988 Oregon State Beavers football team,,United States,44.559444444,-123.281388888
Reser Stadium,1990 Oregon State Beavers football team,,United States,44.559444444,-123.281388888
Reser Stadium,1991 Oregon State Beavers football team,,United States,44.559444444,-123.281388888
Reser Stadium,1996 Oregon State Beavers football team,,United States,44.559444444,-123.281388888
Reser Stadium,1997 Oregon State Beavers football team,,United States,44.559444444,-123.281388888
Reser Stadium,1998 Oregon State Beavers football team,,United States,44.559444444,-123.281388888
Reser Stadium,1999 Oregon State Beavers football team,,United States,44.559444444,-123.281388888
Reser Stadium,2000 Oregon State Beavers football team,,United States,44.559444444,-123.281388888
Reser Stadium,2001 Oregon State Beavers football team,,United States,44.559444444,-123.281388888
Reser Stadium,2002 Oregon State Beavers football team,,United States,44.559444444,-123.281388888
Reser Stadium,2003 Oregon State Beavers football team,,United States,44.559444444,-123.281388888
Reser Stadium,2004 Oregon State Beavers football team,,United States,44.559444444,-123.281388888
Reser Stadium,2005 Oregon State Beavers football team,,United States,44.559444444,-123.281388888
Reser Stadium,2006 Oregon State Beavers football team,,United States,44.559444444,-123.281388888
Reser Stadium,2007 Oregon State Beavers football team,,United States,44.559444444,-123.281388888
Reser Stadium,2008 Oregon State Beavers football team,,United States,44.559444444,-123.281388888
Reser Stadium,2009 Oregon State Beavers football team,,United States,44.559444444,-123.281388888
Reser Stadium,2010 Oregon State Beavers football team,,United States,44.559444444,-123.281388888
Reser Stadium,2011 Oregon State Beavers football team,,United States,44.559444444,-123.281388888
Reser Stadium,2012 Oregon State Beavers football team,,United States,44.559444444,-123.281388888
Reser Stadium,2013 Oregon State Beavers football team,,United States,44.559444444,-123.281388888
Reser Stadium,Oregon State Beavers football,,United States,44.559444444,-123.281388888
Reser Stadium,1969 Oregon State Beavers football team,,United States,44.559444444,-123.281388888
Reser Stadium,1974 Oregon State Beavers football team,,United States,44.559444444,-123.281388888
Reser Stadium,1986 Oregon State Beavers football team,,United States,44.559444444,-123.281388888
Reser Stadium,2014 Oregon State Beavers football team,,United States,44.559444444,-123.281388888
Reser Stadium,2015 Oregon State Beavers football team,,United States,44.559444444,-123.281388888
Reser Stadium,1995 Oregon State Beavers football team,,United States,44.559444444,-123.281388888
Reser Stadium,2016 Oregon State Beavers football team,,United States,44.559444444,-123.281388888
Reser Stadium,1994 Oregon State Beavers football team,,United States,44.559444444,-123.281388888
Reser Stadium,1978 Oregon State Beavers football team,,United States,44.559444444,-123.281388888
Reser Stadium,1980 Oregon State Beavers football team,,United States,44.559444444,-123.281388888
Reser Stadium,1993 Oregon State Beavers football team,,United States,44.559444444,-123.281388888
Reser Stadium,1992 Oregon State Beavers football team,,United States,44.559444444,-123.281388888
Reser Stadium,1987 Oregon State Beavers football team,,United States,44.559444444,-123.281388888
Reser Stadium,1989 Oregon State Beavers football team,,United States,44.559444444,-123.281388888
Reser Stadium,1982 Oregon State Beavers football team,,United States,44.559444444,-123.281388888
Reser Stadium,1981 Oregon State Beavers football team,,United States,44.559444444,-123.281388888
Reser Stadium,1979 Oregon State Beavers football team,,United States,44.559444444,-123.281388888
Reser Stadium,1977 Oregon State Beavers football team,,United States,44.559444444,-123.281388888
Reser Stadium,1976 Oregon State Beavers football team,,United States,44.559444444,-123.281388888
Reser Stadium,1973 Oregon State Beavers football team,,United States,44.559444444,-123.281388888
Reser Stadium,1972 Oregon State Beavers football team,,United States,44.559444444,-123.281388888
Reser Stadium,1970 Oregon State Beavers football team,,United States,44.559444444,-123.281388888
Reser Stadium,1968 Oregon State Beavers football team,,United States,44.559444444,-123.281388888
Reser Stadium,1963 Oregon State Beavers football team,,United States,44.559444444,-123.281388888
Reser Stadium,1965 Oregon State Beavers football team,,United States,44.559444444,-123.281388888
Reser Stadium,1958 Oregon State Beavers football team,,United States,44.559444444,-123.281388888
Reser Stadium,1959 Oregon State Beavers football team,,United States,44.559444444,-123.281388888
Reser Stadium,1955 Oregon State Beavers football team,,United States,44.559444444,-123.281388888
Reser Stadium,1954 Oregon State Beavers football team,,United States,44.559444444,-123.281388888
Reser Stadium,2017 Oregon State Beavers football team,,United States,44.559444444,-123.281388888
Reser Stadium,2019 Oregon State Beavers football team,,United States,44.559444444,-123.281388888
MotoArena Toruń,,,Poland,53.015556,18.551111
Thamir Stadium,Al-Salmiya SC,,Kuwait,29.340833333,48.088333333
Estadio Gran Parque Central,Club Nacional de Football,,Uruguay,-34.8845,-56.159
Palmer Stadium,1950 Princeton Tigers football team,,United States,40.345755,-74.65003
Palmer Stadium,1951 Princeton Tigers football team,,United States,40.345755,-74.65003
Palmer Stadium,1920 Princeton Tigers football team,,United States,40.345755,-74.65003
Palmer Stadium,1922 Princeton Tigers football team,,United States,40.345755,-74.65003
Palmer Stadium,1933 Princeton Tigers football team,,United States,40.345755,-74.65003
Palmer Stadium,1935 Princeton Tigers football team,,United States,40.345755,-74.65003
Palmer Stadium,1913 Princeton Tigers football team,,United States,40.345755,-74.65003
Palmer Stadium,1914 Princeton Tigers football team,,United States,40.345755,-74.65003
Palmer Stadium,1917 Princeton Tigers football team,,United States,40.345755,-74.65003
Palmer Stadium,1918 Princeton Tigers football team,,United States,40.345755,-74.65003
Palmer Stadium,1919 Princeton Tigers football team,,United States,40.345755,-74.65003
Palmer Stadium,1921 Princeton Tigers football team,,United States,40.345755,-74.65003
Palmer Stadium,1923 Princeton Tigers football team,,United States,40.345755,-74.65003
Palmer Stadium,1924 Princeton Tigers football team,,United States,40.345755,-74.65003
Palmer Stadium,1925 Princeton Tigers football team,,United States,40.345755,-74.65003
Palmer Stadium,1926 Princeton Tigers football team,,United States,40.345755,-74.65003
Palmer Stadium,1927 Princeton Tigers football team,,United States,40.345755,-74.65003
Palmer Stadium,1928 Princeton Tigers football team,,United States,40.345755,-74.65003
Palmer Stadium,1929 Princeton Tigers football team,,United States,40.345755,-74.65003
Palmer Stadium,1930 Princeton Tigers football team,,United States,40.345755,-74.65003
Palmer Stadium,1931 Princeton Tigers football team,,United States,40.345755,-74.65003
Palmer Stadium,1932 Princeton Tigers football team,,United States,40.345755,-74.65003
Palmer Stadium,1934 Princeton Tigers football team,,United States,40.345755,-74.65003
Palmer Stadium,1947 Princeton Tigers football team,,United States,40.345755,-74.65003
Palmer Stadium,1941 Princeton Tigers football team,,United States,40.345755,-74.65003
National Stadium,Cook Islands national rugby union team,,Cook Islands,-21.205972222,-159.806777777
National Stadium,Puaikura FC,,Cook Islands,-21.205972222,-159.806777777
National Stadium,athletics at the 2009 Pacific Mini Games,,Cook Islands,-21.205972222,-159.806777777
National Stadium,2014 Oceania Junior Athletics Championships,,Cook Islands,-21.205972222,-159.806777777
Estadio El Cobre,Cobresal,,Chile,-26.251944,-69.628611
Centennial Olympic Stadium,,,United States,33.735555555,-84.389444444
Amerant Bank Arena,Florida Panthers,,United States,26.158333333,-80.325555555
Amerant Bank Arena,Miami Majesty,,United States,26.158333333,-80.325555555
Amerant Bank Arena,Florida ThunderCats,,United States,26.158333333,-80.325555555
Metallurg Bekabad Stadium,Metallurg Bekabad,,Uzbekistan,40.213367,69.27919
Kazhimukan Munaitpasov Stadium,FC Ordabasy,,Kazakhstan,42.335493,69.593568
Kazhimukan Munaitpasov Stadium,FC Ordabasy,,Soviet Union,42.335493,69.593568
Kazhimukan Munaitpasov Stadium,FC Yassi,,Kazakhstan,42.335493,69.593568
Kazhimukan Munaitpasov Stadium,FC Yassi,,Soviet Union,42.335493,69.593568
Bairiki National Stadium,,,Kiribati,1.32916,172.97694
"National Stadium, Dhaka",Bangladesh men's national football team,,Bangladesh,23.72801,90.41353
"National Stadium, Dhaka",Abahani Limited Dhaka,,Bangladesh,23.72801,90.41353
"National Stadium, Dhaka",Mohammedan SC,,Bangladesh,23.72801,90.41353
"National Stadium, Dhaka",2011 Bangladesh International Badminton Championships,,Bangladesh,23.72801,90.41353
"National Stadium, Dhaka",Brothers Union,,Bangladesh,23.72801,90.41353
"National Stadium, Dhaka",Muktijoddha Sangsad KC,,Bangladesh,23.72801,90.41353
"National Stadium, Dhaka",Sheikh Jamal Dhanmondi Club,,Bangladesh,23.72801,90.41353
"National Stadium, Dhaka",Bangladesh women's national football team,,Bangladesh,23.72801,90.41353
"National Stadium, Dhaka",Sheikh Russel KC,,Bangladesh,23.72801,90.41353
"National Stadium, Dhaka",Team BJMC,,Bangladesh,23.72801,90.41353
"National Stadium, Dhaka",Uttar Baridhara SC,,Bangladesh,23.72801,90.41353
"National Stadium, Dhaka",2011 Bangladesh International Badminton Championships – men's doubles,,Bangladesh,23.72801,90.41353
"National Stadium, Dhaka",2011 Bangladesh International Badminton Championships – men's singles,,Bangladesh,23.72801,90.41353
"National Stadium, Dhaka",2011 Bangladesh International Badminton Championships – women's doubles,,Bangladesh,23.72801,90.41353
"National Stadium, Dhaka",2011 Bangladesh International Badminton Championships – women's singles,,Bangladesh,23.72801,90.41353
"National Stadium, Dhaka",2011 Bangladesh International Badminton Championships – mixed doubles,,Bangladesh,23.72801,90.41353
"National Stadium, Dhaka",Bangladesh women's national under-20 football team,,Bangladesh,23.72801,90.41353
Stadion am Löschenhofweg,,,Germany,51.361244,6.633591
Daren Sammy Cricket Ground,Saint Lucia Kings,,Saint Lucia,14.070556,-60.931389
Stade de la Mosson,Montpellier Hérault Sport Club,,France,43.62061,3.81279
Stade de la Mosson,2007 Rugby World Cup,,France,43.62061,3.81279
Ben Hill Griffin Stadium,Florida Gators,,United States,29.65,-82.348611
Ben Hill Griffin Stadium,1996 Florida Gators football team,,United States,29.65,-82.348611
Ben Hill Griffin Stadium,2000 Florida Gators football team,,United States,29.65,-82.348611
Ben Hill Griffin Stadium,2001 Florida Gators football team,,United States,29.65,-82.348611
Ben Hill Griffin Stadium,2002 Florida Gators football team,,United States,29.65,-82.348611
Ben Hill Griffin Stadium,2003 Florida Gators football team,,United States,29.65,-82.348611
Ben Hill Griffin Stadium,2004 Florida Gators football team,,United States,29.65,-82.348611
Ben Hill Griffin Stadium,2005 Florida Gators football team,,United States,29.65,-82.348611
Ben Hill Griffin Stadium,2006 Florida Gators football team,,United States,29.65,-82.348611
Ben Hill Griffin Stadium,2007 Florida Gators football team,,United States,29.65,-82.348611
Ben Hill Griffin Stadium,2008 Florida Gators football team,,United States,29.65,-82.348611
Ben Hill Griffin Stadium,2009 Florida Gators football team,,United States,29.65,-82.348611
Ben Hill Griffin Stadium,2010 Florida Gators football team,,United States,29.65,-82.348611
Ben Hill Griffin Stadium,2011 Florida Gators football team,,United States,29.65,-82.348611
Ben Hill Griffin Stadium,2012 Florida Gators football team,,United States,29.65,-82.348611
Ben Hill Griffin Stadium,2013 Florida Gators football team,,United States,29.65,-82.348611
Ben Hill Griffin Stadium,Florida Gators football,,United States,29.65,-82.348611
Ben Hill Griffin Stadium,2014 Florida Gators football team,,United States,29.65,-82.348611
Ben Hill Griffin Stadium,1999 Florida Gators football team,,United States,29.65,-82.348611
Ben Hill Griffin Stadium,2015 Florida Gators football team,,United States,29.65,-82.348611
Ben Hill Griffin Stadium,1966 Florida Gators football team,,United States,29.65,-82.348611
Ben Hill Griffin Stadium,1995 Florida Gators football team,,United States,29.65,-82.348611
Ben Hill Griffin Stadium,2016 Florida Gators football team,,United States,29.65,-82.348611
Ben Hill Griffin Stadium,1930 Florida Gators football team,,United States,29.65,-82.348611
Ben Hill Griffin Stadium,1988 Florida Gators football team,,United States,29.65,-82.348611
Ben Hill Griffin Stadium,1964 Florida Gators football team,,United States,29.65,-82.348611
Ben Hill Griffin Stadium,1993 Florida Gators football team,,United States,29.65,-82.348611
Ben Hill Griffin Stadium,1932 Florida Gators football team,,United States,29.65,-82.348611
Ben Hill Griffin Stadium,1931 Florida Gators football team,,United States,29.65,-82.348611
Ben Hill Griffin Stadium,1933 Florida Gators football team,,United States,29.65,-82.348611
Ben Hill Griffin Stadium,1935 Florida Gators football team,,United States,29.65,-82.348611
Ben Hill Griffin Stadium,1934 Florida Gators football team,,United States,29.65,-82.348611
Ben Hill Griffin Stadium,1937 Florida Gators football team,,United States,29.65,-82.348611
Ben Hill Griffin Stadium,1936 Florida Gators football team,,United States,29.65,-82.348611
Ben Hill Griffin Stadium,1938 Florida Gators football team,,United States,29.65,-82.348611
Ben Hill Griffin Stadium,1939 Florida Gators football team,,United States,29.65,-82.348611
Ben Hill Griffin Stadium,1940 Florida Gators football team,,United States,29.65,-82.348611
Ben Hill Griffin Stadium,1941 Florida Gators football team,,United States,29.65,-82.348611
Ben Hill Griffin Stadium,1944 Florida Gators football team,,United States,29.65,-82.348611
Ben Hill Griffin Stadium,1942 Florida Gators football team,,United States,29.65,-82.348611
Ben Hill Griffin Stadium,1945 Florida Gators football team,,United States,29.65,-82.348611
Ben Hill Griffin Stadium,1946 Florida Gators football team,,United States,29.65,-82.348611
Ben Hill Griffin Stadium,1947 Florida Gators football team,,United States,29.65,-82.348611
Ben Hill Griffin Stadium,1948 Florida Gators football team,,United States,29.65,-82.348611
Ben Hill Griffin Stadium,1949 Florida Gators football team,,United States,29.65,-82.348611
Ben Hill Griffin Stadium,1950 Florida Gators football team,,United States,29.65,-82.348611
Ben Hill Griffin Stadium,1951 Florida Gators football team,,United States,29.65,-82.348611
Ben Hill Griffin Stadium,1953 Florida Gators football team,,United States,29.65,-82.348611
Ben Hill Griffin Stadium,1952 Florida Gators football team,,United States,29.65,-82.348611
Ben Hill Griffin Stadium,1954 Florida Gators football team,,United States,29.65,-82.348611
Ben Hill Griffin Stadium,1955 Florida Gators football team,,United States,29.65,-82.348611
Ben Hill Griffin Stadium,1957 Florida Gators football team,,United States,29.65,-82.348611
Ben Hill Griffin Stadium,1956 Florida Gators football team,,United States,29.65,-82.348611
Ben Hill Griffin Stadium,1958 Florida Gators football team,,United States,29.65,-82.348611
Ben Hill Griffin Stadium,1959 Florida Gators football team,,United States,29.65,-82.348611
Ben Hill Griffin Stadium,1960 Florida Gators football team,,United States,29.65,-82.348611
Ben Hill Griffin Stadium,1961 Florida Gators football team,,United States,29.65,-82.348611
Ben Hill Griffin Stadium,1962 Florida Gators football team,,United States,29.65,-82.348611
Ben Hill Griffin Stadium,1965 Florida Gators football team,,United States,29.65,-82.348611
Ben Hill Griffin Stadium,1963 Florida Gators football team,,United States,29.65,-82.348611
Ben Hill Griffin Stadium,1967 Florida Gators football team,,United States,29.65,-82.348611
Ben Hill Griffin Stadium,1968 Florida Gators football team,,United States,29.65,-82.348611
Ben Hill Griffin Stadium,1969 Florida Gators football team,,United States,29.65,-82.348611
Ben Hill Griffin Stadium,1970 Florida Gators football team,,United States,29.65,-82.348611
Ben Hill Griffin Stadium,1972 Florida Gators football team,,United States,29.65,-82.348611
Ben Hill Griffin Stadium,1971 Florida Gators football team,,United States,29.65,-82.348611
Ben Hill Griffin Stadium,1973 Florida Gators football team,,United States,29.65,-82.348611
Ben Hill Griffin Stadium,1976 Florida Gators football team,,United States,29.65,-82.348611
Ben Hill Griffin Stadium,1974 Florida Gators football team,,United States,29.65,-82.348611
Ben Hill Griffin Stadium,1977 Florida Gators football team,,United States,29.65,-82.348611
Ben Hill Griffin Stadium,1978 Florida Gators football team,,United States,29.65,-82.348611
Ben Hill Griffin Stadium,1979 Florida Gators football team,,United States,29.65,-82.348611
Ben Hill Griffin Stadium,1980 Florida Gators football team,,United States,29.65,-82.348611
Ben Hill Griffin Stadium,1975 Florida Gators football team,,United States,29.65,-82.348611
Ben Hill Griffin Stadium,1981 Florida Gators football team,,United States,29.65,-82.348611
Ben Hill Griffin Stadium,1983 Florida Gators football team,,United States,29.65,-82.348611
Ben Hill Griffin Stadium,1982 Florida Gators football team,,United States,29.65,-82.348611
Ben Hill Griffin Stadium,1984 Florida Gators football team,,United States,29.65,-82.348611
Ben Hill Griffin Stadium,1985 Florida Gators football team,,United States,29.65,-82.348611
Ben Hill Griffin Stadium,1986 Florida Gators football team,,United States,29.65,-82.348611
Ben Hill Griffin Stadium,1987 Florida Gators football team,,United States,29.65,-82.348611
Ben Hill Griffin Stadium,1989 Florida Gators football team,,United States,29.65,-82.348611
Ben Hill Griffin Stadium,1990 Florida Gators football team,,United States,29.65,-82.348611
Ben Hill Griffin Stadium,1991 Florida Gators football team,,United States,29.65,-82.348611
Ben Hill Griffin Stadium,1992 Florida Gators football team,,United States,29.65,-82.348611
Ben Hill Griffin Stadium,1994 Florida Gators football team,,United States,29.65,-82.348611
Ben Hill Griffin Stadium,1997 Florida Gators football team,,United States,29.65,-82.348611
Ben Hill Griffin Stadium,1998 Florida Gators football team,,United States,29.65,-82.348611
Ben Hill Griffin Stadium,2017 Florida Gators football team,,United States,29.65,-82.348611
Ben Hill Griffin Stadium,2018 Florida Gators football team,,United States,29.65,-82.348611
Ben Hill Griffin Stadium,2019 Florida Gators football team,,United States,29.65,-82.348611
St Andrew's,Birmingham City F.C.,,United Kingdom,52.475702777,-1.868188888
St Andrew's,Birmingham City W.F.C.,,United Kingdom,52.475702777,-1.868188888
Ullevi,UEFA Euro 1992,,Sweden,57.705833333,11.987222222
Ullevi,UEFA Euro 1992 finals,,Sweden,57.705833333,11.987222222
Ullevi,1959 European Allround Speed Skating Championships,,Sweden,57.705833333,11.987222222
Ullevi,1963 European Allround Speed Skating Championships,,Sweden,57.705833333,11.987222222
Ullevi,1999 European Athletics U23 Championships,,Sweden,57.705833333,11.987222222
Ullevi,1995 World Championships in Athletics – men's 3000 metres steeplechase,,Sweden,57.705833333,11.987222222
Ullevi,1995 World Championships in Athletics – men's 400 metres,,Sweden,57.705833333,11.987222222
Ullevi,1995 World Championships in Athletics – men's 4 × 400 metres relay,,Sweden,57.705833333,11.987222222
Tianjin Olympic Center Stadium,,,People's Republic of China,39.073444,117.169389
Mong Kok Stadium,Kitchee SC,,People's Republic of China,22.3261,114.173
Mong Kok Stadium,Kitchee SC,,British Hong Kong,22.3261,114.173
Mong Kok Stadium,Citizen AA,,People's Republic of China,22.3261,114.173
Mong Kok Stadium,Citizen AA,,British Hong Kong,22.3261,114.173
Mong Kok Stadium,Eastern FC,,People's Republic of China,22.3261,114.173
Mong Kok Stadium,Eastern FC,,British Hong Kong,22.3261,114.173
Mong Kok Stadium,Sun Hei SC,,People's Republic of China,22.3261,114.173
Mong Kok Stadium,Sun Hei SC,,British Hong Kong,22.3261,114.173
Mong Kok Stadium,Workable FC,,People's Republic of China,22.3261,114.173
Mong Kok Stadium,Workable FC,,British Hong Kong,22.3261,114.173
Sinatle Stadium,FC Merani Tbilisi,,Georgia,41.674824,44.859751
Osmanlı Stadyumu,Ankaraspor,,Turkey,40.0115,32.5024
Hellinikon Stadium,,,Greece,37.897597,23.729256
Suez Stadium,Petrojet FC,,Egypt,29.9575,32.5425
Suez Stadium,Suez Cement,,Egypt,29.9575,32.5425
Suez Stadium,Suez Montakhab,,Egypt,29.9575,32.5425
Chulalongkorn University Stadium,BBCU F.C.,,Thailand,13.7375,100.525833
Chulalongkorn University Stadium,Krung Thai Bank F.C.,,Thailand,13.7375,100.525833
Chulalongkorn University Stadium,Chamchuri United F.C.,,Thailand,13.7375,100.525833
Riverbank Arena,,,United Kingdom,51.549444,-0.020556
Ricoh Arena,Coventry City F.C.,,United Kingdom,52.448056,-1.495556
Ricoh Arena,Wasps RFC,,United Kingdom,52.448056,-1.495556
Ricoh Arena,The British International Open 2019,,United Kingdom,52.448056,-1.495556
Siu Sai Wan Sports Ground,Dreams Metro Gallery FC,,People's Republic of China,22.267434,114.249063
Siu Sai Wan Sports Ground,R&F (Hong Kong),,People's Republic of China,22.267434,114.249063
Shakhtyor Stadium,FC Shakhter Karagandy,,Kazakhstan,49.818618,73.075122
Shakhtyor Stadium,FC Shakhter Karagandy,,Soviet Union,49.818618,73.075122
Notre Dame Stadium,Notre Dame Fighting Irish,,United States,41.69833,-86.23389
Notre Dame Stadium,1943 Notre Dame Fighting Irish football team,,United States,41.69833,-86.23389
Notre Dame Stadium,1946 Notre Dame Fighting Irish football team,,United States,41.69833,-86.23389
Notre Dame Stadium,1949 Notre Dame Fighting Irish football team,,United States,41.69833,-86.23389
Notre Dame Stadium,1966 Notre Dame Fighting Irish football team,,United States,41.69833,-86.23389
Notre Dame Stadium,1970 Notre Dame Fighting Irish football team,,United States,41.69833,-86.23389
Notre Dame Stadium,1971 Notre Dame Fighting Irish football team,,United States,41.69833,-86.23389
Notre Dame Stadium,1973 Notre Dame Fighting Irish football team,,United States,41.69833,-86.23389
Notre Dame Stadium,1974 Notre Dame Fighting Irish football team,,United States,41.69833,-86.23389
Notre Dame Stadium,1975 Notre Dame Fighting Irish football team,,United States,41.69833,-86.23389
Notre Dame Stadium,1976 Notre Dame Fighting Irish football team,,United States,41.69833,-86.23389
Notre Dame Stadium,1977 Notre Dame Fighting Irish football team,,United States,41.69833,-86.23389
Notre Dame Stadium,1978 Notre Dame Fighting Irish football team,,United States,41.69833,-86.23389
Notre Dame Stadium,1979 Notre Dame Fighting Irish football team,,United States,41.69833,-86.23389
Notre Dame Stadium,1982 Notre Dame Fighting Irish football team,,United States,41.69833,-86.23389
Notre Dame Stadium,1988 Notre Dame Fighting Irish football team,,United States,41.69833,-86.23389
Notre Dame Stadium,2002 Notre Dame Fighting Irish football team,,United States,41.69833,-86.23389
Notre Dame Stadium,2003 Notre Dame Fighting Irish football team,,United States,41.69833,-86.23389
Notre Dame Stadium,2004 Notre Dame Fighting Irish football team,,United States,41.69833,-86.23389
Notre Dame Stadium,2005 Notre Dame Fighting Irish football team,,United States,41.69833,-86.23389
Notre Dame Stadium,2006 Notre Dame Fighting Irish football team,,United States,41.69833,-86.23389
Notre Dame Stadium,2007 Notre Dame Fighting Irish football team,,United States,41.69833,-86.23389
Notre Dame Stadium,2008 Notre Dame Fighting Irish football team,,United States,41.69833,-86.23389
Notre Dame Stadium,2009 Notre Dame Fighting Irish football team,,United States,41.69833,-86.23389
Notre Dame Stadium,2011 Notre Dame Fighting Irish football team,,United States,41.69833,-86.23389
Notre Dame Stadium,2012 Notre Dame Fighting Irish football team,,United States,41.69833,-86.23389
Notre Dame Stadium,Notre Dame Fighting Irish football,,United States,41.69833,-86.23389
Notre Dame Stadium,1947 Notre Dame Fighting Irish football team,,United States,41.69833,-86.23389
Notre Dame Stadium,1948 Notre Dame Fighting Irish football team,,United States,41.69833,-86.23389
Notre Dame Stadium,1950 Notre Dame Fighting Irish football team,,United States,41.69833,-86.23389
Notre Dame Stadium,2010 Notre Dame Fighting Irish football team,,United States,41.69833,-86.23389
Notre Dame Stadium,2014 Notre Dame Fighting Irish football team,,United States,41.69833,-86.23389
Notre Dame Stadium,1987 Notre Dame Fighting Irish football team,,United States,41.69833,-86.23389
Notre Dame Stadium,2015 Notre Dame Fighting Irish football team,,United States,41.69833,-86.23389
Notre Dame Stadium,1964 Notre Dame Fighting Irish football team,,United States,41.69833,-86.23389
Notre Dame Stadium,2001 Notre Dame Fighting Irish football team,,United States,41.69833,-86.23389
Notre Dame Stadium,1995 Notre Dame Fighting Irish football team,,United States,41.69833,-86.23389
Notre Dame Stadium,1931 Notre Dame Fighting Irish football team,,United States,41.69833,-86.23389
Notre Dame Stadium,1932 Notre Dame Fighting Irish football team,,United States,41.69833,-86.23389
Notre Dame Stadium,1933 Notre Dame Fighting Irish football team,,United States,41.69833,-86.23389
Notre Dame Stadium,1934 Notre Dame Fighting Irish football team,,United States,41.69833,-86.23389
Notre Dame Stadium,1935 Notre Dame Fighting Irish football team,,United States,41.69833,-86.23389
Notre Dame Stadium,1936 Notre Dame Fighting Irish football team,,United States,41.69833,-86.23389
Notre Dame Stadium,1937 Notre Dame Fighting Irish football team,,United States,41.69833,-86.23389
Notre Dame Stadium,1938 Notre Dame Fighting Irish football team,,United States,41.69833,-86.23389
Notre Dame Stadium,1939 Notre Dame Fighting Irish football team,,United States,41.69833,-86.23389
Notre Dame Stadium,1940 Notre Dame Fighting Irish football team,,United States,41.69833,-86.23389
Notre Dame Stadium,1941 Notre Dame Fighting Irish football team,,United States,41.69833,-86.23389
Notre Dame Stadium,1942 Notre Dame Fighting Irish football team,,United States,41.69833,-86.23389
Notre Dame Stadium,1944 Notre Dame Fighting Irish football team,,United States,41.69833,-86.23389
Notre Dame Stadium,1945 Notre Dame Fighting Irish football team,,United States,41.69833,-86.23389
Notre Dame Stadium,1951 Notre Dame Fighting Irish football team,,United States,41.69833,-86.23389
Notre Dame Stadium,1952 Notre Dame Fighting Irish football team,,United States,41.69833,-86.23389
Notre Dame Stadium,1953 Notre Dame Fighting Irish football team,,United States,41.69833,-86.23389
Notre Dame Stadium,1954 Notre Dame Fighting Irish football team,,United States,41.69833,-86.23389
Notre Dame Stadium,1955 Notre Dame Fighting Irish football team,,United States,41.69833,-86.23389
Notre Dame Stadium,1956 Notre Dame Fighting Irish football team,,United States,41.69833,-86.23389
Notre Dame Stadium,1957 Notre Dame Fighting Irish football team,,United States,41.69833,-86.23389
Notre Dame Stadium,1958 Notre Dame Fighting Irish football team,,United States,41.69833,-86.23389
Notre Dame Stadium,1959 Notre Dame Fighting Irish football team,,United States,41.69833,-86.23389
Notre Dame Stadium,1960 Notre Dame Fighting Irish football team,,United States,41.69833,-86.23389
Notre Dame Stadium,1961 Notre Dame Fighting Irish football team,,United States,41.69833,-86.23389
Notre Dame Stadium,1962 Notre Dame Fighting Irish football team,,United States,41.69833,-86.23389
Notre Dame Stadium,1963 Notre Dame Fighting Irish football team,,United States,41.69833,-86.23389
Notre Dame Stadium,1965 Notre Dame Fighting Irish football team,,United States,41.69833,-86.23389
Notre Dame Stadium,1967 Notre Dame Fighting Irish football team,,United States,41.69833,-86.23389
Notre Dame Stadium,1968 Notre Dame Fighting Irish football team,,United States,41.69833,-86.23389
Notre Dame Stadium,1969 Notre Dame Fighting Irish football team,,United States,41.69833,-86.23389
Notre Dame Stadium,1980 Notre Dame Fighting Irish football team,,United States,41.69833,-86.23389
Notre Dame Stadium,1981 Notre Dame Fighting Irish football team,,United States,41.69833,-86.23389
Notre Dame Stadium,1983 Notre Dame Fighting Irish football team,,United States,41.69833,-86.23389
Notre Dame Stadium,1984 Notre Dame Fighting Irish football team,,United States,41.69833,-86.23389
Notre Dame Stadium,1985 Notre Dame Fighting Irish football team,,United States,41.69833,-86.23389
Notre Dame Stadium,1989 Notre Dame Fighting Irish football team,,United States,41.69833,-86.23389
Notre Dame Stadium,1991 Notre Dame Fighting Irish football team,,United States,41.69833,-86.23389
Notre Dame Stadium,1992 Notre Dame Fighting Irish football team,,United States,41.69833,-86.23389
Notre Dame Stadium,1993 Notre Dame Fighting Irish football team,,United States,41.69833,-86.23389
Notre Dame Stadium,1994 Notre Dame Fighting Irish football team,,United States,41.69833,-86.23389
Notre Dame Stadium,1996 Notre Dame Fighting Irish football team,,United States,41.69833,-86.23389
Notre Dame Stadium,1997 Notre Dame Fighting Irish football team,,United States,41.69833,-86.23389
Notre Dame Stadium,1998 Notre Dame Fighting Irish football team,,United States,41.69833,-86.23389
Notre Dame Stadium,1999 Notre Dame Fighting Irish football team,,United States,41.69833,-86.23389
Notre Dame Stadium,2000 Notre Dame Fighting Irish football team,,United States,41.69833,-86.23389
Notre Dame Stadium,1986 Notre Dame Fighting Irish football team,,United States,41.69833,-86.23389
Notre Dame Stadium,1990 Notre Dame Fighting Irish football team,,United States,41.69833,-86.23389
Notre Dame Stadium,1930 Notre Dame Fighting Irish football team,,United States,41.69833,-86.23389
Notre Dame Stadium,2016 Notre Dame Fighting Irish football team,,United States,41.69833,-86.23389
Notre Dame Stadium,2017 Notre Dame Fighting Irish football team,,United States,41.69833,-86.23389
Notre Dame Stadium,2018 Notre Dame Fighting Irish football team,,United States,41.69833,-86.23389
Notre Dame Stadium,2019 Notre Dame Fighting Irish football team,,United States,41.69833,-86.23389
Kobe Sports Park Baseball Stadium,,,Japan,34.680658,135.073417
Estádio Municipal de Braga,S.C. Braga,,Portugal,41.5624,-8.4308
Estádio Municipal de Braga,UEFA Euro 2004,,Portugal,41.5624,-8.4308
Los Angeles Memorial Coliseum,1984 Summer Olympics,,United States,34.014167,-118.287778
Los Angeles Memorial Coliseum,Los Angeles Wolves,,United States,34.014167,-118.287778
Los Angeles Memorial Coliseum,USC Trojans,,United States,34.014167,-118.287778
Los Angeles Memorial Coliseum,1984 United States Olympic Trials,,United States,34.014167,-118.287778
Los Angeles Memorial Coliseum,1928 USC Trojans football team,,United States,34.014167,-118.287778
Los Angeles Memorial Coliseum,1931 USC Trojans football team,,United States,34.014167,-118.287778
Los Angeles Memorial Coliseum,1939 NCAA Men's Track and Field Championships,,United States,34.014167,-118.287778
Los Angeles Memorial Coliseum,1939 USC Trojans football team,,United States,34.014167,-118.287778
Los Angeles Memorial Coliseum,1940 UCLA Bruins football team,,United States,34.014167,-118.287778
Los Angeles Memorial Coliseum,1941 USC Trojans football team,,United States,34.014167,-118.287778
Los Angeles Memorial Coliseum,1951 USC Trojans football team,,United States,34.014167,-118.287778
Los Angeles Memorial Coliseum,1954 UCLA Bruins football team,,United States,34.014167,-118.287778
Los Angeles Memorial Coliseum,1967 UCLA Bruins football team,,United States,34.014167,-118.287778
Los Angeles Memorial Coliseum,1973 USC Trojans football team,,United States,34.014167,-118.287778
Los Angeles Memorial Coliseum,1975 UCLA Bruins football team,,United States,34.014167,-118.287778
Los Angeles Memorial Coliseum,1978 USC Trojans football team,,United States,34.014167,-118.287778
Los Angeles Memorial Coliseum,1997 USC Trojans football team,,United States,34.014167,-118.287778
Los Angeles Memorial Coliseum,2001 USC Trojans football team,,United States,34.014167,-118.287778
Los Angeles Memorial Coliseum,2002 USC Trojans football team,,United States,34.014167,-118.287778
Los Angeles Memorial Coliseum,2003 USC Trojans football team,,United States,34.014167,-118.287778
Los Angeles Memorial Coliseum,2004 USC Trojans football team,,United States,34.014167,-118.287778
Los Angeles Memorial Coliseum,2005 USC Trojans football team,,United States,34.014167,-118.287778
Los Angeles Memorial Coliseum,2006 USC Trojans football team,,United States,34.014167,-118.287778
Los Angeles Memorial Coliseum,2007 USC Trojans football team,,United States,34.014167,-118.287778
Los Angeles Memorial Coliseum,2008 USC Trojans football team,,United States,34.014167,-118.287778
Los Angeles Memorial Coliseum,2009 USC Trojans football team,,United States,34.014167,-118.287778
Los Angeles Memorial Coliseum,2010 USC Trojans football team,,United States,34.014167,-118.287778
Los Angeles Memorial Coliseum,2011 USC Trojans football team,,United States,34.014167,-118.287778
Los Angeles Memorial Coliseum,2012 USC Trojans football team,,United States,34.014167,-118.287778
Los Angeles Memorial Coliseum,USC Trojans football,,United States,34.014167,-118.287778
Los Angeles Memorial Coliseum,Los Angeles Toros,,United States,34.014167,-118.287778
Los Angeles Memorial Coliseum,1977 UCLA Bruins football team,,United States,34.014167,-118.287778
Los Angeles Memorial Coliseum,2013 USC Trojans football team,,United States,34.014167,-118.287778
Los Angeles Memorial Coliseum,2014 USC Trojans football team,,United States,34.014167,-118.287778
Los Angeles Memorial Coliseum,1932 USC Trojans football team,,United States,34.014167,-118.287778
Los Angeles Memorial Coliseum,1969 UCLA Bruins football team,,United States,34.014167,-118.287778
Los Angeles Memorial Coliseum,1973 UCLA Bruins football team,,United States,34.014167,-118.287778
Los Angeles Memorial Coliseum,1972 USC Trojans football team,,United States,34.014167,-118.287778
Los Angeles Memorial Coliseum,1965 UCLA Bruins football team,,United States,34.014167,-118.287778
Los Angeles Memorial Coliseum,1971 UCLA Bruins football team,,United States,34.014167,-118.287778
Los Angeles Memorial Coliseum,1972 UCLA Bruins football team,,United States,34.014167,-118.287778
Los Angeles Memorial Coliseum,1974 UCLA Bruins football team,,United States,34.014167,-118.287778
Los Angeles Memorial Coliseum,1976 UCLA Bruins football team,,United States,34.014167,-118.287778
Los Angeles Memorial Coliseum,1978 UCLA Bruins football team,,United States,34.014167,-118.287778
Los Angeles Memorial Coliseum,1979 UCLA Bruins football team,,United States,34.014167,-118.287778
Los Angeles Memorial Coliseum,1953 UCLA Bruins football team,,United States,34.014167,-118.287778
Los Angeles Memorial Coliseum,1985 USC Trojans football team,,United States,34.014167,-118.287778
Los Angeles Memorial Coliseum,1941 UCLA Bruins football team,,United States,34.014167,-118.287778
Los Angeles Memorial Coliseum,1934 NCAA Men's Track and Field Championships,,United States,34.014167,-118.287778
Los Angeles Memorial Coliseum,1951 UCLA Bruins football team,,United States,34.014167,-118.287778
Los Angeles Memorial Coliseum,1989 USC Trojans football team,,United States,34.014167,-118.287778
Los Angeles Memorial Coliseum,1938 University of California at Los Angeles Bruins football team,,United States,34.014167,-118.287778
Los Angeles Memorial Coliseum,2015 USC Trojans football team,,United States,34.014167,-118.287778
Los Angeles Memorial Coliseum,1923 USC Trojans football team,,United States,34.014167,-118.287778
Los Angeles Memorial Coliseum,1924 USC Trojans football team,,United States,34.014167,-118.287778
Los Angeles Memorial Coliseum,1925 USC Trojans football team,,United States,34.014167,-118.287778
Los Angeles Memorial Coliseum,1926 USC Trojans football team,,United States,34.014167,-118.287778
Los Angeles Memorial Coliseum,1927 USC Trojans football team,,United States,34.014167,-118.287778
Los Angeles Memorial Coliseum,1929 USC Trojans football team,,United States,34.014167,-118.287778
Los Angeles Memorial Coliseum,1930 USC Trojans football team,,United States,34.014167,-118.287778
Los Angeles Memorial Coliseum,1933 USC Trojans football team,,United States,34.014167,-118.287778
Los Angeles Memorial Coliseum,1934 USC Trojans football team,,United States,34.014167,-118.287778
Los Angeles Memorial Coliseum,1935 USC Trojans football team,,United States,34.014167,-118.287778
Los Angeles Memorial Coliseum,1936 USC Trojans football team,,United States,34.014167,-118.287778
Los Angeles Memorial Coliseum,1937 USC Trojans football team,,United States,34.014167,-118.287778
Los Angeles Memorial Coliseum,1938 USC Trojans football team,,United States,34.014167,-118.287778
Los Angeles Memorial Coliseum,1940 USC Trojans football team,,United States,34.014167,-118.287778
Los Angeles Memorial Coliseum,1942 USC Trojans football team,,United States,34.014167,-118.287778
Los Angeles Memorial Coliseum,1943 USC Trojans football team,,United States,34.014167,-118.287778
Los Angeles Memorial Coliseum,1944 USC Trojans football team,,United States,34.014167,-118.287778
Los Angeles Memorial Coliseum,1945 USC Trojans football team,,United States,34.014167,-118.287778
Los Angeles Memorial Coliseum,1946 USC Trojans football team,,United States,34.014167,-118.287778
Los Angeles Memorial Coliseum,1947 USC Trojans football team,,United States,34.014167,-118.287778
Los Angeles Memorial Coliseum,1948 USC Trojans football team,,United States,34.014167,-118.287778
Los Angeles Memorial Coliseum,1949 USC Trojans football team,,United States,34.014167,-118.287778
Los Angeles Memorial Coliseum,1950 USC Trojans football team,,United States,34.014167,-118.287778
Los Angeles Memorial Coliseum,1952 USC Trojans football team,,United States,34.014167,-118.287778
Los Angeles Memorial Coliseum,1953 USC Trojans football team,,United States,34.014167,-118.287778
Los Angeles Memorial Coliseum,1954 USC Trojans football team,,United States,34.014167,-118.287778
Los Angeles Memorial Coliseum,1955 USC Trojans football team,,United States,34.014167,-118.287778
Los Angeles Memorial Coliseum,1956 USC Trojans football team,,United States,34.014167,-118.287778
Los Angeles Memorial Coliseum,1957 USC Trojans football team,,United States,34.014167,-118.287778
Los Angeles Memorial Coliseum,1958 USC Trojans football team,,United States,34.014167,-118.287778
Los Angeles Memorial Coliseum,1959 USC Trojans football team,,United States,34.014167,-118.287778
Los Angeles Memorial Coliseum,1960 USC Trojans football team,,United States,34.014167,-118.287778
Los Angeles Memorial Coliseum,1961 USC Trojans football team,,United States,34.014167,-118.287778
Los Angeles Memorial Coliseum,1962 USC Trojans football team,,United States,34.014167,-118.287778
Los Angeles Memorial Coliseum,1963 USC Trojans football team,,United States,34.014167,-118.287778
Los Angeles Memorial Coliseum,1964 USC Trojans football team,,United States,34.014167,-118.287778
Los Angeles Memorial Coliseum,1965 USC Trojans football team,,United States,34.014167,-118.287778
Los Angeles Memorial Coliseum,1966 USC Trojans football team,,United States,34.014167,-118.287778
Los Angeles Memorial Coliseum,1967 USC Trojans football team,,United States,34.014167,-118.287778
Los Angeles Memorial Coliseum,1968 USC Trojans football team,,United States,34.014167,-118.287778
Los Angeles Memorial Coliseum,1969 USC Trojans football team,,United States,34.014167,-118.287778
Los Angeles Memorial Coliseum,1970 USC Trojans football team,,United States,34.014167,-118.287778
Los Angeles Memorial Coliseum,1971 USC Trojans football team,,United States,34.014167,-118.287778
Los Angeles Memorial Coliseum,1974 USC Trojans football team,,United States,34.014167,-118.287778
Los Angeles Memorial Coliseum,1975 USC Trojans football team,,United States,34.014167,-118.287778
Los Angeles Memorial Coliseum,1976 USC Trojans football team,,United States,34.014167,-118.287778
Los Angeles Memorial Coliseum,1977 USC Trojans football team,,United States,34.014167,-118.287778
Los Angeles Memorial Coliseum,1979 USC Trojans football team,,United States,34.014167,-118.287778
Los Angeles Memorial Coliseum,1980 USC Trojans football team,,United States,34.014167,-118.287778
Los Angeles Memorial Coliseum,1981 USC Trojans football team,,United States,34.014167,-118.287778
Los Angeles Memorial Coliseum,1982 USC Trojans football team,,United States,34.014167,-118.287778
Los Angeles Memorial Coliseum,1983 USC Trojans football team,,United States,34.014167,-118.287778
Los Angeles Memorial Coliseum,1984 USC Trojans football team,,United States,34.014167,-118.287778
Los Angeles Memorial Coliseum,1986 USC Trojans football team,,United States,34.014167,-118.287778
Los Angeles Memorial Coliseum,1987 USC Trojans football team,,United States,34.014167,-118.287778
Los Angeles Memorial Coliseum,1988 USC Trojans football team,,United States,34.014167,-118.287778
Los Angeles Memorial Coliseum,1990 USC Trojans football team,,United States,34.014167,-118.287778
Los Angeles Memorial Coliseum,1991 USC Trojans football team,,United States,34.014167,-118.287778
Los Angeles Memorial Coliseum,1992 USC Trojans football team,,United States,34.014167,-118.287778
Los Angeles Memorial Coliseum,1993 USC Trojans football team,,United States,34.014167,-118.287778
Los Angeles Memorial Coliseum,1994 USC Trojans football team,,United States,34.014167,-118.287778
Los Angeles Memorial Coliseum,1995 USC Trojans football team,,United States,34.014167,-118.287778
Los Angeles Memorial Coliseum,1996 USC Trojans football team,,United States,34.014167,-118.287778
Los Angeles Memorial Coliseum,1998 USC Trojans football team,,United States,34.014167,-118.287778
Los Angeles Memorial Coliseum,1999 USC Trojans football team,,United States,34.014167,-118.287778
Los Angeles Memorial Coliseum,2000 USC Trojans football team,,United States,34.014167,-118.287778
Los Angeles Memorial Coliseum,1929 UCLA Bruins football team,,United States,34.014167,-118.287778
Los Angeles Memorial Coliseum,1930 UCLA Bruins football team,,United States,34.014167,-118.287778
Los Angeles Memorial Coliseum,1931 UCLA Bruins football team,,United States,34.014167,-118.287778
Los Angeles Memorial Coliseum,1932 UCLA Bruins football team,,United States,34.014167,-118.287778
Los Angeles Memorial Coliseum,1933 UCLA Bruins football team,,United States,34.014167,-118.287778
Los Angeles Memorial Coliseum,1934 UCLA Bruins football team,,United States,34.014167,-118.287778
Los Angeles Memorial Coliseum,1935 UCLA Bruins football team,,United States,34.014167,-118.287778
Los Angeles Memorial Coliseum,1936 UCLA Bruins football team,,United States,34.014167,-118.287778
Los Angeles Memorial Coliseum,1937 UCLA Bruins football team,,United States,34.014167,-118.287778
Los Angeles Memorial Coliseum,1939 UCLA Bruins football team,,United States,34.014167,-118.287778
Los Angeles Memorial Coliseum,1942 UCLA Bruins football team,,United States,34.014167,-118.287778
Los Angeles Memorial Coliseum,1943 UCLA Bruins football team,,United States,34.014167,-118.287778
Los Angeles Memorial Coliseum,1944 UCLA Bruins football team,,United States,34.014167,-118.287778
Los Angeles Memorial Coliseum,1945 UCLA Bruins football team,,United States,34.014167,-118.287778
Los Angeles Memorial Coliseum,1946 UCLA Bruins football team,,United States,34.014167,-118.287778
Los Angeles Memorial Coliseum,1947 UCLA Bruins football team,,United States,34.014167,-118.287778
Los Angeles Memorial Coliseum,1948 UCLA Bruins football team,,United States,34.014167,-118.287778
Los Angeles Memorial Coliseum,1949 UCLA Bruins football team,,United States,34.014167,-118.287778
Los Angeles Memorial Coliseum,1950 UCLA Bruins football team,,United States,34.014167,-118.287778
Los Angeles Memorial Coliseum,1952 UCLA Bruins football team,,United States,34.014167,-118.287778
Los Angeles Memorial Coliseum,1955 UCLA Bruins football team,,United States,34.014167,-118.287778
Los Angeles Memorial Coliseum,1956 UCLA Bruins football team,,United States,34.014167,-118.287778
Los Angeles Memorial Coliseum,1957 UCLA Bruins football team,,United States,34.014167,-118.287778
Los Angeles Memorial Coliseum,1958 UCLA Bruins football team,,United States,34.014167,-118.287778
Los Angeles Memorial Coliseum,1959 UCLA Bruins football team,,United States,34.014167,-118.287778
Los Angeles Memorial Coliseum,1960 UCLA Bruins football team,,United States,34.014167,-118.287778
Los Angeles Memorial Coliseum,1961 UCLA Bruins football team,,United States,34.014167,-118.287778
Los Angeles Memorial Coliseum,1962 UCLA Bruins football team,,United States,34.014167,-118.287778
Los Angeles Memorial Coliseum,1963 UCLA Bruins football team,,United States,34.014167,-118.287778
Los Angeles Memorial Coliseum,1964 UCLA Bruins football team,,United States,34.014167,-118.287778
Los Angeles Memorial Coliseum,1966 UCLA Bruins football team,,United States,34.014167,-118.287778
Los Angeles Memorial Coliseum,1968 UCLA Bruins football team,,United States,34.014167,-118.287778
Los Angeles Memorial Coliseum,1970 UCLA Bruins football team,,United States,34.014167,-118.287778
Los Angeles Memorial Coliseum,1980 UCLA Bruins football team,,United States,34.014167,-118.287778
Los Angeles Memorial Coliseum,1981 UCLA Bruins football team,,United States,34.014167,-118.287778
Los Angeles Memorial Coliseum,2016 USC Trojans football team,,United States,34.014167,-118.287778
Los Angeles Memorial Coliseum,1949 NCAA Track and Field Championships,,United States,34.014167,-118.287778
Los Angeles Memorial Coliseum,1955 NCAA Track and Field Championships,,United States,34.014167,-118.287778
Los Angeles Memorial Coliseum,2017 USC Trojans football team,,United States,34.014167,-118.287778
Los Angeles Memorial Coliseum,1956 United States Olympic Trials,,United States,34.014167,-118.287778
Los Angeles Memorial Coliseum,1952 United States Olympic Trials,,United States,34.014167,-118.287778
Los Angeles Memorial Coliseum,2018 USC Trojans football team,,United States,34.014167,-118.287778
Los Angeles Memorial Coliseum,2019 USC Trojans football team,,United States,34.014167,-118.287778
Qinhuangdao Olympic Sports Center Stadium,Hebei F.C.,,People's Republic of China,39.907222222,119.547777777
Buzánszky Jenő Stadion,Dorogi FC,,Hungary,47.7166,18.7333
Shenyang Olympic Sports Center Stadium,Liaoning F.C.,,People's Republic of China,41.739037,123.457484
Shenyang Olympic Sports Center Stadium,Shenyang Shenbei F.C.,,People's Republic of China,41.739037,123.457484
Shenyang Olympic Sports Center Stadium,athletics at the 12th National Games of the People's Republic of China,,People's Republic of China,41.739037,123.457484
Stade Bollaert-Delelis,2007 Rugby World Cup,,France,50.4329,2.81491
Stade Bollaert-Delelis,UEFA Euro 1984,,France,50.4329,2.81491
Stade Bollaert-Delelis,UEFA Euro 2016,,France,50.4329,2.81491
Stade Bollaert-Delelis,R.C. Lens,,France,50.4329,2.81491
Stade Bollaert-Delelis,1999 Rugby World Cup,,France,50.4329,2.81491
Pokljuka Biathlon Stadium,,,Slovenia,46.3449029,13.9222079
Sydney Cricket Ground,Sydney Swans,,Australia,-33.891666666,151.224722222
Sydney Cricket Ground,Sydney Roosters,,Australia,-33.891666666,151.224722222
Sydney Cricket Ground,New South Wales cricket team,,Australia,-33.891666666,151.224722222
Sydney Cricket Ground,New South Wales Breakers,,Australia,-33.891666666,151.224722222
Sydney Cricket Ground,Sydney Sixers,,Australia,-33.891666666,151.224722222
Sydney Cricket Ground,Sydney Roosters (women's rugby league),,Australia,-33.891666666,151.224722222
Obed Itani Chilume Stadium,ECCO City Green,,Botswana,-21.151496,27.478742
Obed Itani Chilume Stadium,TASC FC,,Botswana,-21.151496,27.478742
Obed Itani Chilume Stadium,TAFIC F.C.,,Botswana,-21.151496,27.478742
Obed Itani Chilume Stadium,Great North Tigers F.C.,,Botswana,-21.151496,27.478742
Lambeau Field,Green Bay Packers,,United States,44.501388888,-88.062222222
Lambeau Field,2008 Green Bay Packers season,,United States,44.501388888,-88.062222222
Lambeau Field,2023 Green Bay Packers season,,United States,44.501388888,-88.062222222
Osaka Stadium,,,Japan,34.66147,135.5018
Hard Rock Stadium,Miami Dolphins,,United States,25.958055555,-80.238888888
Hard Rock Stadium,2001 Florida Atlantic Owls football team,,United States,25.958055555,-80.238888888
Hard Rock Stadium,2002 Florida Atlantic Owls football team,,United States,25.958055555,-80.238888888
Hard Rock Stadium,2008 Miami Hurricanes football team,,United States,25.958055555,-80.238888888
Hard Rock Stadium,2009 Miami Hurricanes football team,,United States,25.958055555,-80.238888888
Hard Rock Stadium,2010 Miami Hurricanes football team,,United States,25.958055555,-80.238888888
Hard Rock Stadium,2011 Miami Hurricanes football team,,United States,25.958055555,-80.238888888
Hard Rock Stadium,2012 Miami Hurricanes football team,,United States,25.958055555,-80.238888888
Hard Rock Stadium,2013 Miami Hurricanes football team,,United States,25.958055555,-80.238888888
Hard Rock Stadium,Miami Hurricanes football,,United States,25.958055555,-80.238888888
Hard Rock Stadium,Miami Hurricanes,,United States,25.958055555,-80.238888888
Hard Rock Stadium,2014 Miami Hurricanes football team,,United States,25.958055555,-80.238888888
Hard Rock Stadium,2015 Miami Hurricanes football team,,United States,25.958055555,-80.238888888
Hard Rock Stadium,2016 Miami Hurricanes football team,,United States,25.958055555,-80.238888888
Hard Rock Stadium,2018 Miami Hurricanes football team,,United States,25.958055555,-80.238888888
Hard Rock Stadium,2019 Miami Hurricanes football team,,United States,25.958055555,-80.238888888
Birmingham–Jefferson Convention Complex,,,United States,33.524,-86.812
Bislett Stadion,Lyn 1896 FK,,Norway,59.924722,10.733333
Bislett Stadion,figure skating at the 1952 Winter Olympics,,Norway,59.924722,10.733333
Bislett Stadion,Bislett Games,,Norway,59.924722,10.733333
Bislett Stadion,1957 European Allround Speed Skating Championships,,Norway,59.924722,10.733333
Bislett Stadion,1964 European Allround Speed Skating Championships,,Norway,59.924722,10.733333
Bislett Stadion,1986 European Allround Speed Skating Championships for men,,Norway,59.924722,10.733333
Bislett Stadion,1982 European Allround Speed Skating Championships for men,,Norway,59.924722,10.733333
Bislett Stadion,1960 European Allround Speed Skating Championships,,Norway,59.924722,10.733333
Bislett Stadion,1951 European Allround Speed Skating Championships,,Norway,59.924722,10.733333
Bislett Stadion,1978 European Allround Speed Skating Championships for men,,Norway,59.924722,10.733333
Bislett Stadion,1962 European Allround Speed Skating Championships,,Norway,59.924722,10.733333
Bislett Stadion,1976 European Allround Speed Skating Championships for men,,Norway,59.924722,10.733333
Bislett Stadion,1954 Norwegian Allround Championsships for men,,Norway,59.924722,10.733333
Bislett Stadion,Q29583242,,Norway,59.924722,10.733333
Bislett Stadion,2019 Bislett Games,,Norway,59.924722,10.733333
Lucas Oil Stadium,Indianapolis Colts,,United States,39.760056,-86.163806
Lucas Oil Stadium,2010 Indianapolis Colts season,,United States,39.760056,-86.163806
Eleda Stadion,Malmö FF,,Sweden,55.583611111,12.987777777
Eleda Stadion,Malmö FF Herr,,Sweden,55.583611111,12.987777777
Cardiff City Stadium,Cardiff City F.C.,,United Kingdom,51.472778,-3.203056
Comerica Park,Detroit Tigers,,United States,42.339166666,-83.048611111
League Park,1940 Western Reserve Red Cats football team,,United States,41.511388888,-81.644166666
League Park,1938 Western Reserve Red Cats football team,,United States,41.511388888,-81.644166666
League Park,1936 Western Reserve Red Cats football team,,United States,41.511388888,-81.644166666
League Park,1935 Western Reserve Red Cats football team,,United States,41.511388888,-81.644166666
League Park,1937 Western Reserve Red Cats football team,,United States,41.511388888,-81.644166666
League Park,1934 Western Reserve Red Cats football team,,United States,41.511388888,-81.644166666
League Park,1918 Cleveland Naval Reserve football team,,United States,41.511388888,-81.644166666
Stadion Wiener Neustadt,SC Wiener Neustadt,,Austria,47.822778,16.255278
White City Stadium,Liverpool Stanley,,United Kingdom,51.513619444,-0.2274
White City Stadium,1964 English Greyhound Derby,,United Kingdom,51.513619444,-0.2274
Blakes Estate Stadium,Montserrat men's national football team,,United Kingdom,16.78386389,-62.18632222
Blakes Estate Stadium,Ideal SC,,United Kingdom,16.78386389,-62.18632222
Blakes Estate Stadium,Royal Montserrat Police Force FC,,United Kingdom,16.78386389,-62.18632222
Blakes Estate Stadium,P.C. United FC,,United Kingdom,16.78386389,-62.18632222
FFB Stadium,,,Belize,17.25213791,-88.78634334
Bogyoke Aung San Stadium,Finance and Revenue FC,,Myanmar,16.783861,96.160725
Bogyoke Aung San Stadium,GFA F.C.,,Myanmar,16.783861,96.160725
Botswana National Stadium,Gaborone United S.C.,,Botswana,-24.6568,25.932892
Botswana National Stadium,Township Rollers F.C.,,Botswana,-24.6568,25.932892
Botswana National Stadium,Notwane F.C.,,Botswana,-24.6568,25.932892
Botswana National Stadium,Police XI,,Botswana,-24.6568,25.932892
Box Bar Stadium,Augustinians FC,,The Gambia,13.45638889,-16.58166667
Box Bar Stadium,Brikama United,,The Gambia,13.45638889,-16.58166667
Box Bar Stadium,Interior FC,,The Gambia,13.45638889,-16.58166667
Box Bar Stadium,Banjul United FC,,The Gambia,13.45638889,-16.58166667
Braehead Arena,,,United Kingdom,55.875987,-4.364843
Brandywell Stadium,Derry City F.C.,,Northern Ireland,54.990633,-7.336
Brandywell Stadium,Derry Olympic F.C.,,Northern Ireland,54.990633,-7.336
Brandywell Stadium,St Columb's Court F.C.,,Northern Ireland,54.990633,-7.336
Stanley Park Stadium,,,United Kingdom,53.433981,-2.959614
DVTK Stadion,Diósgyőri VTK,,Hungary,48.099444,20.717222
Damson Park,Solihull Borough F.C.,,United Kingdom,52.4389,-1.75724
Damson Park,Solihull Moors F.C.,,United Kingdom,52.4389,-1.75724
Dansoman Park,,,Ghana,5.5579,-0.2721
Darul Aman Stadium,Kedah Darul Aman F.C.,,Malaysia,6.136022222,100.371763888
Darul Aman Stadium,Kuala Muda Naza FC,,Malaysia,6.136022222,100.371763888
Darwin Football Stadium,Darwin Olympic SC,,Australia,-12.396389,130.880833
Darwin Football Stadium,Hellenic Athletic,,Australia,-12.396389,130.880833
Darwin Football Stadium,Shamrock Rovers Darwin FC,,Australia,-12.396389,130.880833
Dawu Sports Stadium,Dawu Youngstars,,Ghana,5.983333333,-0.083333333
Dawu Sports Stadium,Dreams FC,,Ghana,5.983333333,-0.083333333
Day Field,,,United States,37.7639,-77.4778
Dazhou Xiwai Stadium,,,People's Republic of China,31.221392,107.469976
Daşoguz Stadium,FC Daşoguz,,Turkmenistan,41.840373,59.971619
DeGol Field,2011 Saint Francis Red Flash football team,,United States,40.5063,-78.6372
DeGol Field,2012 Saint Francis Red Flash football team,,United States,40.5063,-78.6372
DeGol Field,Saint Francis Red Flash,,United States,40.5063,-78.6372
DeGol Field,Saint Francis Red Flash football,,United States,40.5063,-78.6372
DeGol Field,2013 Saint Francis Red Flash football team,,United States,40.5063,-78.6372
DeGol Field,2014 Saint Francis Red Flash football team,,United States,40.5063,-78.6372
DeGol Field,2015 Saint Francis Red Flash football team,,United States,40.5063,-78.6372
DeGol Field,2016 Saint Francis Red Flash football team,,United States,40.5063,-78.6372
DeGol Field,2010 Saint Francis Red Flash football team,,United States,40.5063,-78.6372
DeGol Field,2017 Saint Francis Red Flash football team,,United States,40.5063,-78.6372
DeGol Field,2018 Saint Francis Red Flash football team,,United States,40.5063,-78.6372
DeGol Field,2019 Saint Francis Red Flash football team,,United States,40.5063,-78.6372
DeValois Stadium,,,United States,42.99849,-96.05473
De Beers Diamond Oval,,,South Africa,-28.74243056,24.79772222
De Montfort Park,Hinckley United F.C.,,United Kingdom,52.559117,-1.3404
De Montfort Park,Hinckley F.C.,,United Kingdom,52.559117,-1.3404
De Montfort Park,Leicester Road F.C.,,United Kingdom,52.559117,-1.3404
Spartak Stadium,PFC Spartak Varna,,Bulgaria,43.218611,27.9125
Deir ez-Zor Municipal Stadium,Al-Fotuwa SC,,Syria,35.324433102,40.146233964
Deir ez-Zor Municipal Stadium,Al-Yaqdhah SC,,Syria,35.324433102,40.146233964
Delmar Stadium,2011 Texas Southern Tigers football team,,United States,29.803611,-95.456111
Denny Field,1915 Alabama Crimson Tide football team,,United States,33.207222,-87.546111
Denny Field,1916 Alabama Crimson Tide football team,,United States,33.207222,-87.546111
Denny Field,1917 Alabama Crimson Tide football team,,United States,33.207222,-87.546111
Denny Field,1919 Alabama Crimson Tide football team,,United States,33.207222,-87.546111
Denny Field,1920 Alabama Crimson Tide football team,,United States,33.207222,-87.546111
Denny Field,1921 Alabama Crimson Tide football team,,United States,33.207222,-87.546111
Denny Field,1922 Alabama Crimson Tide football team,,United States,33.207222,-87.546111
Denny Field,1923 Alabama Crimson Tide football team,,United States,33.207222,-87.546111
Denny Field,1924 Alabama Crimson Tide football team,,United States,33.207222,-87.546111
Denny Field,1925 Alabama Crimson Tide football team,,United States,33.207222,-87.546111
Denny Field,1926 Alabama Crimson Tide football team,,United States,33.207222,-87.546111
Denny Field,1927 Alabama Crimson Tide football team,,United States,33.207222,-87.546111
Denny Field,1928 Alabama Crimson Tide football team,,United States,33.207222,-87.546111
Department of Education Stadium,Al-Arabi,,Saudi Arabia,26.088333,44.051667
Derafshifar Stadium,Persepolis B F.C.,,Iran,35.743978,51.298242
Estadio Municipal de Vecindario,UD Vecindario,,Spain,27.84810833,-15.44813889
ملعب درنه البلدي,Darnes Sports Club,,Libya,32.75156667,22.66222222
Derwent Entertainment Centre,Hobart Devils,,Australia,-42.824167,147.282778
Derwent Park,Workington Town,,United Kingdom,54.648056,-3.555556
Desert Sun Stadium,Saskatchewan Silver Sox,,United States,32.663056,-114.636389
Desert Sun Stadium,Yuma Desert Rats,,United States,32.663056,-114.636389
Desert Sun Stadium,Sedona FC Strikers,,United States,32.663056,-114.636389
Desouk Stadium,Desouk SC,,Egypt,31.143056,30.6525
Detelinara Stadium,RFK Novi Sad 1921,,Serbia,44.765156,20.472153
Dhanyawaddy Stadium,,,Myanmar,20.135612385,92.890470528
Dhyan Chand Astroturf Stadium,,,India,26.930833,80.982778
Diagoras Stadium,Rodos S.C.,,Greece,36.438228,28.228233
Diagoras Stadium,Diagoras Rodos F.C.,,Greece,36.438228,28.228233
Dial–Roberson Stadium,,,United States,40.7641,-83.8387
Dick Bivins Stadium,,,United States,35.2031,-101.801
Dickinson Stadium,,,United States,42.0891,-86.494
Dilboy Stadium,Boston Breakers,,United States,42.412069,-71.131861
Trinity Health Stadium,Connecticut Bicentennials,,United States,41.753783,-72.661061
Trinity Health Stadium,Connecticut Yankees,,United States,41.753783,-72.661061
Trinity Health Stadium,Hartford Athletic,,United States,41.753783,-72.661061
Dimitar Burkov Stadium,PFC Svetkavitsa,,Bulgaria,43.23572,26.5726
Dimitar Burkov Stadium,FC Svetkavitsa Targovishte,,Bulgaria,43.23572,26.5726
Dinamo Stadium,FC Tighina,,Moldova,46.817416666,29.476444444
Disch Field,,,United States,30.26132,-97.75473
State Hockey Centre,,,Australia,-34.8425,138.608333
Dix Stadium,Kent State Golden Flashes,,United States,41.139167,-81.313333
Dix Stadium,Kent State Golden Flashes football,,United States,41.139167,-81.313333
Dix Stadium,1972 Kent State Golden Flashes football team,,United States,41.139167,-81.313333
Dix Stadium,1973 Kent State Golden Flashes football team,,United States,41.139167,-81.313333
Dix Stadium,2002 Kent State Golden Flashes football team,,United States,41.139167,-81.313333
Dix Stadium,2003 Kent State Golden Flashes football team,,United States,41.139167,-81.313333
Dix Stadium,2004 Kent State Golden Flashes football team,,United States,41.139167,-81.313333
Dix Stadium,2005 Kent State Golden Flashes football team,,United States,41.139167,-81.313333
Dix Stadium,2006 Kent State Golden Flashes football team,,United States,41.139167,-81.313333
Dix Stadium,2007 Kent State Golden Flashes football team,,United States,41.139167,-81.313333
Dix Stadium,2008 Kent State Golden Flashes football team,,United States,41.139167,-81.313333
Dix Stadium,2009 Kent State Golden Flashes football team,,United States,41.139167,-81.313333
Dix Stadium,2010 Kent State Golden Flashes football team,,United States,41.139167,-81.313333
Dix Stadium,2011 Kent State Golden Flashes football team,,United States,41.139167,-81.313333
Dix Stadium,2012 Kent State Golden Flashes football team,,United States,41.139167,-81.313333
Dix Stadium,2013 Kent State Golden Flashes football team,,United States,41.139167,-81.313333
Dix Stadium,2014 Kent State Golden Flashes football team,,United States,41.139167,-81.313333
Dix Stadium,2015 Kent State Golden Flashes football team,,United States,41.139167,-81.313333
Dix Stadium,2016 Kent State Golden Flashes football team,,United States,41.139167,-81.313333
Dix Stadium,1969 Kent State Golden Flashes football team,,United States,41.139167,-81.313333
Dix Stadium,1970 Kent State Golden Flashes football team,,United States,41.139167,-81.313333
Dix Stadium,1971 Kent State Golden Flashes football team,,United States,41.139167,-81.313333
Dix Stadium,1974 Kent State Golden Flashes football team,,United States,41.139167,-81.313333
Dix Stadium,1975 Kent State Golden Flashes football team,,United States,41.139167,-81.313333
Dix Stadium,1977 Kent State Golden Flashes football team,,United States,41.139167,-81.313333
Dix Stadium,1976 Kent State Golden Flashes football team,,United States,41.139167,-81.313333
Dix Stadium,1978 Kent State Golden Flashes football team,,United States,41.139167,-81.313333
Dix Stadium,1979 Kent State Golden Flashes football team,,United States,41.139167,-81.313333
Dix Stadium,1980 Kent State Golden Flashes football team,,United States,41.139167,-81.313333
Dix Stadium,1987 Kent State Golden Flashes football team,,United States,41.139167,-81.313333
Dix Stadium,1986 Kent State Golden Flashes football team,,United States,41.139167,-81.313333
Dix Stadium,1988 Kent State Golden Flashes football team,,United States,41.139167,-81.313333
Dix Stadium,1989 Kent State Golden Flashes football team,,United States,41.139167,-81.313333
Dix Stadium,1991 Kent State Golden Flashes football team,,United States,41.139167,-81.313333
Dix Stadium,1990 Kent State Golden Flashes football team,,United States,41.139167,-81.313333
Dix Stadium,1992 Kent State Golden Flashes football team,,United States,41.139167,-81.313333
Dix Stadium,1993 Kent State Golden Flashes football team,,United States,41.139167,-81.313333
Dix Stadium,1994 Kent State Golden Flashes football team,,United States,41.139167,-81.313333
Dix Stadium,1995 Kent State Golden Flashes football team,,United States,41.139167,-81.313333
Dix Stadium,1996 Kent State Golden Flashes football team,,United States,41.139167,-81.313333
Dix Stadium,1997 Kent State Golden Flashes football team,,United States,41.139167,-81.313333
Dix Stadium,1998 Kent State Golden Flashes football team,,United States,41.139167,-81.313333
Dix Stadium,1999 Kent State Golden Flashes football team,,United States,41.139167,-81.313333
Dix Stadium,2000 Kent State Golden Flashes football team,,United States,41.139167,-81.313333
Dix Stadium,2001 Kent State Golden Flashes football team,,United States,41.139167,-81.313333
Dix Stadium,1981 Kent State Golden Flashes football team,,United States,41.139167,-81.313333
Dix Stadium,1982 Kent State Golden Flashes football team,,United States,41.139167,-81.313333
Dix Stadium,1984 Kent State Golden Flashes football team,,United States,41.139167,-81.313333
Dix Stadium,1985 Kent State Golden Flashes football team,,United States,41.139167,-81.313333
Dix Stadium,1983 Kent State Golden Flashes football team,,United States,41.139167,-81.313333
Dobsonville Stadium,Moroka Swallows F.C.,,South Africa,-26.226667,27.864167
Doc Wadley Stadium,Northeastern State RiverHawks,,United States,35.92865,-94.967575
Doc Wadley Stadium,Northeastern State RiverHawks football,,United States,35.92865,-94.967575
Doc Wadley Stadium,2014 Northeastern State RiverHawks football team,,United States,35.92865,-94.967575
Doc Wadley Stadium,2016 Northeastern State RiverHawks football team,,United States,35.92865,-94.967575
Dola Hill Stadium,Forest Rangers F.C.,,Zambia,-12.96228,28.59263
Don Hutson Center,,,United States,44.4983,-88.0573
Don Sanders Stadium,2014 Sam Houston State Bearkats baseball team,,United States,30.713107,-95.540221
Don Shepard Park,,,United States,31.71005,-98.99265
Don and Nona Williams Stadium,,,United States,44.868097,-91.928648
Dongguan Stadium,Lanwa FC,,People's Republic of China,23.02664,113.746503
Doris Williams Stadium,Mighty Barrolle,,Liberia,5.884444,-10.0375
Dornblaser Field,1912 Montana Grizzlies football team,,United States,46.847,-113.996
Dornblaser Field,1913 Montana Grizzlies football team,,United States,46.847,-113.996
Dornblaser Field,1914 Montana Grizzlies football team,,United States,46.847,-113.996
Dornblaser Field,1915 Montana Grizzlies football team,,United States,46.847,-113.996
Dornblaser Field,1916 Montana Grizzlies football team,,United States,46.847,-113.996
Dornblaser Field,1917 Montana Grizzlies football team,,United States,46.847,-113.996
Dornblaser Field,1919 Montana Grizzlies football team,,United States,46.847,-113.996
Dornblaser Field,1920 Montana Grizzlies football team,,United States,46.847,-113.996
Dornblaser Field,1921 Montana Grizzlies football team,,United States,46.847,-113.996
Dornblaser Field,1922 Montana Grizzlies football team,,United States,46.847,-113.996
Dornblaser Field,1923 Montana Grizzlies football team,,United States,46.847,-113.996
Dornblaser Field,1924 Montana Grizzlies football team,,United States,46.847,-113.996
Dornblaser Field,1925 Montana Grizzlies,,United States,46.847,-113.996
Dornblaser Field,1927 Montana Grizzlies football team,,United States,46.847,-113.996
Dornblaser Field,1928 Montana Grizzlies football team,,United States,46.847,-113.996
Dornblaser Field,1929 Montana Grizzlies football team,,United States,46.847,-113.996
Dornblaser Field,1930 Montana Grizzlies football team,,United States,46.847,-113.996
Dornblaser Field,1931 Montana Grizzlies football team,,United States,46.847,-113.996
Dornblaser Field,1932 Montana Grizzlies football team,,United States,46.847,-113.996
Dornblaser Field,1933 Montana Grizzlies football team,,United States,46.847,-113.996
Dornblaser Field,1934 Montana Grizzlies football team,,United States,46.847,-113.996
Dornblaser Field,1935 Montana Grizzlies football team,,United States,46.847,-113.996
Dornblaser Field,1936 Montana Grizzlies football team,,United States,46.847,-113.996
Dornblaser Field,1937 Montana Grizzlies football team,,United States,46.847,-113.996
Dornblaser Field,1938 Montana Grizzlies football team,,United States,46.847,-113.996
Dornblaser Field,1939 Montana Grizzlies football team,,United States,46.847,-113.996
Dornblaser Field,1940 Montana Grizzlies football team,,United States,46.847,-113.996
Dornblaser Field,1941 Montana Grizzlies football team,,United States,46.847,-113.996
Dornblaser Field,1942 Montana Grizzlies football team,,United States,46.847,-113.996
Dornblaser Field,1945 Montana Grizzlies football team,,United States,46.847,-113.996
Dornblaser Field,1946 Montana Grizzlies football team,,United States,46.847,-113.996
Dornblaser Field,1947 Montana Grizzlies football team,,United States,46.847,-113.996
Dornblaser Field,1948 Montana Grizzlies football team,,United States,46.847,-113.996
Dornblaser Field,1949 Montana Grizzlies football team,,United States,46.847,-113.996
Dornblaser Field,1950 Montana Grizzlies football team,,United States,46.847,-113.996
Dornblaser Field,1951 Montana Grizzlies football team,,United States,46.847,-113.996
Dornblaser Field,1952 Montana Grizzlies football team,,United States,46.847,-113.996
Dornblaser Field,1953 Montana Grizzlies football team,,United States,46.847,-113.996
Dornblaser Field,1954 Montana Grizzlies football team,,United States,46.847,-113.996
Dornblaser Field,1955 Montana Grizzlies football team,,United States,46.847,-113.996
Dornblaser Field,1956 Montana Grizzlies football team,,United States,46.847,-113.996
Dornblaser Field,1957 Montana Grizzlies football team,,United States,46.847,-113.996
Dornblaser Field,1958 Montana Grizzlies football team,,United States,46.847,-113.996
Dornblaser Field,1959 Montana Grizzlies football team,,United States,46.847,-113.996
Dornblaser Field,1960 Montana Grizzlies football team,,United States,46.847,-113.996
Dornblaser Field,1962 Montana Grizzlies football team,,United States,46.847,-113.996
Dornblaser Field,1963 Montana Grizzlies football team,,United States,46.847,-113.996
Dornblaser Field,1964 Montana Grizzlies football team,,United States,46.847,-113.996
Dornblaser Field,1966 Montana Grizzlies football team,,United States,46.847,-113.996
Dornblaser Field,1967 Montana Grizzlies football team,,United States,46.847,-113.996
Dornblaser Field,1968 Montana Grizzlies football team,,United States,46.847,-113.996
Dornblaser Field,1969 Montana Grizzlies football team,,United States,46.847,-113.996
Dornblaser Field,1970 Montana Grizzlies football team,,United States,46.847,-113.996
Dornblaser Field,1971 Montana Grizzlies football team,,United States,46.847,-113.996
Dornblaser Field,1972 Montana Grizzlies football team,,United States,46.847,-113.996
Dornblaser Field,1973 Montana Grizzlies football team,,United States,46.847,-113.996
Dornblaser Field,1974 Montana Grizzlies football team,,United States,46.847,-113.996
Dornblaser Field,1975 Montana Grizzlies football team,,United States,46.847,-113.996
Dornblaser Field,1976 Montana Grizzlies football team,,United States,46.847,-113.996
Dornblaser Field,1977 Montana Grizzlies football team,,United States,46.847,-113.996
Dornblaser Field,1978 Montana Grizzlies football team,,United States,46.847,-113.996
Dornblaser Field,1979 Montana Grizzlies football team,,United States,46.847,-113.996
Dornblaser Field,1980 Montana Grizzlies football team,,United States,46.847,-113.996
Dornblaser Field,1981 Montana Grizzlies football team,,United States,46.847,-113.996
eVendi Arena,,,Germany,53.5675,9.94111111
Eisstadion im Sahnpark,,,Germany,50.826667,12.376667
Stade Olympique de Sousse,Étoile Sportive du Sahel,,Tunisia,35.823333,10.612778
Swangard Stadium,Vancouver Whitecaps,,Canada,49.2308,-123.021
Swangard Stadium,TSS Rovers FC,,Canada,49.2308,-123.021
Swangard Stadium,Vancouver Rise FC,,Canada,49.2308,-123.021
Q921743,,,Brazil,-9.587275,-35.772756
Rice–Eccles Stadium,Utah Utes,,United States,40.76,-111.848888888
Rice–Eccles Stadium,1998 Utah Utes football team,,United States,40.76,-111.848888888
Rice–Eccles Stadium,1999 Utah Utes football team,,United States,40.76,-111.848888888
Rice–Eccles Stadium,2000 Utah Utes football team,,United States,40.76,-111.848888888
Rice–Eccles Stadium,2001 Utah Utes football team,,United States,40.76,-111.848888888
Rice–Eccles Stadium,2002 Utah Utes football team,,United States,40.76,-111.848888888
Rice–Eccles Stadium,2003 Utah Utes football team,,United States,40.76,-111.848888888
Rice–Eccles Stadium,2004 Utah Utes football team,,United States,40.76,-111.848888888
Rice–Eccles Stadium,2005 Utah Utes football team,,United States,40.76,-111.848888888
Rice–Eccles Stadium,2006 Utah Utes football team,,United States,40.76,-111.848888888
Rice–Eccles Stadium,2007 Utah Utes football team,,United States,40.76,-111.848888888
Rice–Eccles Stadium,2008 Utah Utes football team,,United States,40.76,-111.848888888
Rice–Eccles Stadium,2009 Utah Utes football team,,United States,40.76,-111.848888888
Rice–Eccles Stadium,2010 Utah Utes football team,,United States,40.76,-111.848888888
Rice–Eccles Stadium,2011 Utah Utes football team,,United States,40.76,-111.848888888
Rice–Eccles Stadium,2012 Utah Utes football team,,United States,40.76,-111.848888888
Rice–Eccles Stadium,Utah Salt Ratz,,United States,40.76,-111.848888888
Rice–Eccles Stadium,Utah Utes football,,United States,40.76,-111.848888888
Rice–Eccles Stadium,2013 Utah Utes football team,,United States,40.76,-111.848888888
Rice–Eccles Stadium,2014 Utah Utes football team,,United States,40.76,-111.848888888
Rice–Eccles Stadium,Utah Blitzz,,United States,40.76,-111.848888888
Rice–Eccles Stadium,2015 Utah Utes football team,,United States,40.76,-111.848888888
Rice–Eccles Stadium,2016 Utah Utes football team,,United States,40.76,-111.848888888
Rice–Eccles Stadium,Salt Lake Stallions,,United States,40.76,-111.848888888
Rice–Eccles Stadium,Nitro World Games 2017,,United States,40.76,-111.848888888
Rice–Eccles Stadium,Nitro World Games 2016,,United States,40.76,-111.848888888
Broadwood Stadium,Clyde F.C.,,United Kingdom,55.9448,-4.03709
Broadwood Stadium,Cumbernauld Colts F.C.,,United Kingdom,55.9448,-4.03709
Estadio Romano,CP Mérida,,Spain,38.913933,-6.336406
Estadio Romano,Mérida UD,,Spain,38.913933,-6.336406
Estadio Romano,Imperio de Mérida CP,,Spain,38.913933,-6.336406
Estadio Romano,Mérida AD,,Spain,38.913933,-6.336406
Tianhe Stadium,Guangzhou F.C.,,People's Republic of China,23.14052,113.31934
El Molinón-Enrique Castro Quini,Sporting de Gijón,,Spain,43.536111,-5.637222
El Molinón-Enrique Castro Quini,RD Oriamendi,,Spain,43.536111,-5.637222
Dynamo Samarkand Stadium,FK Dinamo Samarqand,,Uzbekistan,39.671785,66.96572
Panthessaliko Stadium,Volos N.F.C.,,Greece,39.387511,22.931067
Q935064,Q9671800,,Brazil,-30.044961,-52.887631
Q935064,Q10292300,,Brazil,-30.044961,-52.887631
Skarsjövallen,Ljungskile SK,,Sweden,58.21666667,11.94388889
University Stadium,New Mexico Lobos,,United States,35.066944,-106.628333
University Stadium,2003 New Mexico Lobos football team,,United States,35.066944,-106.628333
University Stadium,2004 New Mexico Lobos football team,,United States,35.066944,-106.628333
University Stadium,2005 New Mexico Lobos football team,,United States,35.066944,-106.628333
University Stadium,2006 New Mexico Lobos football team,,United States,35.066944,-106.628333
University Stadium,2007 New Mexico Lobos football team,,United States,35.066944,-106.628333
University Stadium,2008 New Mexico Lobos football team,,United States,35.066944,-106.628333
University Stadium,2009 New Mexico Lobos football team,,United States,35.066944,-106.628333
University Stadium,2010 New Mexico Lobos football team,,United States,35.066944,-106.628333
University Stadium,2011 New Mexico Lobos football team,,United States,35.066944,-106.628333
University Stadium,2012 New Mexico Lobos football team,,United States,35.066944,-106.628333
University Stadium,2013 New Mexico Lobos football team,,United States,35.066944,-106.628333
University Stadium,2014 New Mexico Lobos football team,,United States,35.066944,-106.628333
University Stadium,New Mexico Lobos football,,United States,35.066944,-106.628333
University Stadium,2015 New Mexico Lobos football team,,United States,35.066944,-106.628333
University Stadium,2016 New Mexico Lobos football team,,United States,35.066944,-106.628333
University Stadium,1963 NCAA University Division Track and Field Championships,,United States,35.066944,-106.628333
University Stadium,1962 New Mexico Lobos football team,,United States,35.066944,-106.628333
University Stadium,1964 New Mexico Lobos football team,,United States,35.066944,-106.628333
University Stadium,2017 New Mexico Lobos football team,,United States,35.066944,-106.628333
University Stadium,2018 New Mexico Lobos football team,,United States,35.066944,-106.628333
University Stadium,1970 New Mexico Lobos football team,,United States,35.066944,-106.628333
University Stadium,1960 New Mexico Lobos football team,,United States,35.066944,-106.628333
University Stadium,1961 New Mexico Lobos football team,,United States,35.066944,-106.628333
University Stadium,1963 New Mexico Lobos football team,,United States,35.066944,-106.628333
University Stadium,1965 New Mexico Lobos football team,,United States,35.066944,-106.628333
University Stadium,1966 New Mexico Lobos football team,,United States,35.066944,-106.628333
University Stadium,1967 New Mexico Lobos football team,,United States,35.066944,-106.628333
University Stadium,1968 New Mexico Lobos football team,,United States,35.066944,-106.628333
University Stadium,1969 New Mexico Lobos football team,,United States,35.066944,-106.628333
University Stadium,1971 New Mexico Lobos football team,,United States,35.066944,-106.628333
University Stadium,1972 New Mexico Lobos football team,,United States,35.066944,-106.628333
University Stadium,1973 New Mexico Lobos football team,,United States,35.066944,-106.628333
University Stadium,1974 New Mexico Lobos football team,,United States,35.066944,-106.628333
University Stadium,1975 New Mexico Lobos football team,,United States,35.066944,-106.628333
University Stadium,1976 New Mexico Lobos football team,,United States,35.066944,-106.628333
University Stadium,1977 New Mexico Lobos football team,,United States,35.066944,-106.628333
University Stadium,1978 New Mexico Lobos football team,,United States,35.066944,-106.628333
University Stadium,1979 New Mexico Lobos football team,,United States,35.066944,-106.628333
University Stadium,1980 New Mexico Lobos football team,,United States,35.066944,-106.628333
University Stadium,1981 New Mexico Lobos football team,,United States,35.066944,-106.628333
University Stadium,1983 New Mexico Lobos football team,,United States,35.066944,-106.628333
University Stadium,1984 New Mexico Lobos football team,,United States,35.066944,-106.628333
University Stadium,1985 New Mexico Lobos football team,,United States,35.066944,-106.628333
University Stadium,1986 New Mexico Lobos football team,,United States,35.066944,-106.628333
University Stadium,1987 New Mexico Lobos football team,,United States,35.066944,-106.628333
University Stadium,1988 New Mexico Lobos football team,,United States,35.066944,-106.628333
University Stadium,1989 New Mexico Lobos football team,,United States,35.066944,-106.628333
University Stadium,1990 New Mexico Lobos football team,,United States,35.066944,-106.628333
University Stadium,1991 New Mexico Lobos football team,,United States,35.066944,-106.628333
University Stadium,1992 New Mexico Lobos football team,,United States,35.066944,-106.628333
University Stadium,1993 New Mexico Lobos football team,,United States,35.066944,-106.628333
University Stadium,1994 New Mexico Lobos football team,,United States,35.066944,-106.628333
University Stadium,1995 New Mexico Lobos football team,,United States,35.066944,-106.628333
University Stadium,1996 New Mexico Lobos football team,,United States,35.066944,-106.628333
University Stadium,1998 New Mexico Lobos football team,,United States,35.066944,-106.628333
University Stadium,1999 New Mexico Lobos football team,,United States,35.066944,-106.628333
University Stadium,2000 New Mexico Lobos football team,,United States,35.066944,-106.628333
Sakarya Atatürk Stadium,Sakaryaspor,,Turkey,40.777014,30.386558
St. Jakob Stadium,,,Switzerland,47.541389,7.62
Stade 20 Août 1955,OMR El Annasser,,Algeria,36.745633,3.078511
Stade 20 Août 1955,CR Belouizdad,,Algeria,36.745633,3.078511
Estadio José Zorrilla,,,Spain,41.6376,-4.74074
Stade Frères Zioui,NA Hussein Dey,,Algeria,36.743889,3.091944
Williams-Brice Stadium,South Carolina Gamecocks,,United States,33.973055555,-81.019166666
Williams-Brice Stadium,1969 South Carolina Gamecocks football team,,United States,33.973055555,-81.019166666
Williams-Brice Stadium,1980 South Carolina Gamecocks football team,,United States,33.973055555,-81.019166666
Williams-Brice Stadium,1988 South Carolina Gamecocks football team,,United States,33.973055555,-81.019166666
Williams-Brice Stadium,1989 South Carolina Gamecocks football team,,United States,33.973055555,-81.019166666
Williams-Brice Stadium,1990 South Carolina Gamecocks football team,,United States,33.973055555,-81.019166666
Williams-Brice Stadium,1992 South Carolina Gamecocks football team,,United States,33.973055555,-81.019166666
Williams-Brice Stadium,1994 South Carolina Gamecocks football team,,United States,33.973055555,-81.019166666
Williams-Brice Stadium,1995 South Carolina Gamecocks football team,,United States,33.973055555,-81.019166666
Williams-Brice Stadium,1996 South Carolina Gamecocks football team,,United States,33.973055555,-81.019166666
Williams-Brice Stadium,1997 South Carolina Gamecocks football team,,United States,33.973055555,-81.019166666
Williams-Brice Stadium,1998 South Carolina Gamecocks football team,,United States,33.973055555,-81.019166666
Williams-Brice Stadium,1999 South Carolina Gamecocks football team,,United States,33.973055555,-81.019166666
Williams-Brice Stadium,2000 South Carolina Gamecocks football team,,United States,33.973055555,-81.019166666
Williams-Brice Stadium,2001 South Carolina Gamecocks football team,,United States,33.973055555,-81.019166666
Williams-Brice Stadium,2002 South Carolina Gamecocks football team,,United States,33.973055555,-81.019166666
Williams-Brice Stadium,2003 South Carolina Gamecocks football team,,United States,33.973055555,-81.019166666
Williams-Brice Stadium,2004 South Carolina Gamecocks football team,,United States,33.973055555,-81.019166666
Williams-Brice Stadium,2005 South Carolina Gamecocks football team,,United States,33.973055555,-81.019166666
Williams-Brice Stadium,2006 South Carolina Gamecocks football team,,United States,33.973055555,-81.019166666
Williams-Brice Stadium,2007 South Carolina Gamecocks football team,,United States,33.973055555,-81.019166666
Williams-Brice Stadium,2008 South Carolina Gamecocks football team,,United States,33.973055555,-81.019166666
Williams-Brice Stadium,2009 South Carolina Gamecocks football team,,United States,33.973055555,-81.019166666
Williams-Brice Stadium,2010 South Carolina Gamecocks football team,,United States,33.973055555,-81.019166666
Williams-Brice Stadium,2011 South Carolina Gamecocks football team,,United States,33.973055555,-81.019166666
Williams-Brice Stadium,2012 South Carolina Gamecocks football team,,United States,33.973055555,-81.019166666
Williams-Brice Stadium,2013 South Carolina Gamecocks football team,,United States,33.973055555,-81.019166666
Williams-Brice Stadium,South Carolina Gamecocks football,,United States,33.973055555,-81.019166666
Williams-Brice Stadium,2014 South Carolina Gamecocks football team,,United States,33.973055555,-81.019166666
Williams-Brice Stadium,1991 South Carolina Gamecocks football team,,United States,33.973055555,-81.019166666
Williams-Brice Stadium,1993 South Carolina Gamecocks football team,,United States,33.973055555,-81.019166666
Williams-Brice Stadium,2015 South Carolina Gamecocks football team,,United States,33.973055555,-81.019166666
Williams-Brice Stadium,1987 South Carolina Gamecocks football team,,United States,33.973055555,-81.019166666
Williams-Brice Stadium,2016 South Carolina Gamecocks football team,,United States,33.973055555,-81.019166666
Williams-Brice Stadium,2017 South Carolina Gamecocks football team,,United States,33.973055555,-81.019166666
Williams-Brice Stadium,1986 South Carolina Gamecocks football team,,United States,33.973055555,-81.019166666
Williams-Brice Stadium,1985 South Carolina Gamecocks football team,,United States,33.973055555,-81.019166666
Williams-Brice Stadium,1984 South Carolina Gamecocks football team,,United States,33.973055555,-81.019166666
Williams-Brice Stadium,1983 South Carolina Gamecocks football team,,United States,33.973055555,-81.019166666
Williams-Brice Stadium,1982 South Carolina Gamecocks football team,,United States,33.973055555,-81.019166666
Williams-Brice Stadium,2019 South Carolina Gamecocks football team,,United States,33.973055555,-81.019166666
Stade Demba Diop,Niary Tally,,Senegal,14.7107147,-17.4584434
Stade Demba Diop,AS Douanes,,Senegal,14.7107147,-17.4584434
Stade Demba Diop,US Gorée,,Senegal,14.7107147,-17.4584434
Stade Demba Diop,US Ouakam,,Senegal,14.7107147,-17.4584434
Stade Demba Diop,ASC Xam-Xam,,Senegal,14.7107147,-17.4584434
Stade Demba Diop,ASC Yeggo,,Senegal,14.7107147,-17.4584434
Stade Demba Diop,Q20994233,,Senegal,14.7107147,-17.4584434
Stade Demba Diop,Q139714397,,Senegal,14.7107147,-17.4584434
Carlos Dittborn Stadium,San Marcos de Arica,,Chile,-18.4875,-70.299166666
Meiji Jingu Stadium,Tokyo Big6 Baseball League,,Japan,35.674572,139.717136
Meiji Jingu Stadium,Tokyo Yakult Swallows,,Japan,35.674572,139.717136
Estadio José Rico Pérez,Hércules CF,,Spain,38.357222,-0.4925
Carter–Finley Stadium,Raleigh–Durham Skyhawks,,United States,35.800833333,-78.719444444
Carter–Finley Stadium,1999 NC State Wolfpack football team,,United States,35.800833333,-78.719444444
Carter–Finley Stadium,2000 NC State Wolfpack football team,,United States,35.800833333,-78.719444444
Carter–Finley Stadium,2001 NC State Wolfpack football team,,United States,35.800833333,-78.719444444
Carter–Finley Stadium,2002 NC State Wolfpack football team,,United States,35.800833333,-78.719444444
Carter–Finley Stadium,2003 NC State Wolfpack football team,,United States,35.800833333,-78.719444444
Carter–Finley Stadium,2004 NC State Wolfpack football team,,United States,35.800833333,-78.719444444
Carter–Finley Stadium,2005 NC State Wolfpack football team,,United States,35.800833333,-78.719444444
Carter–Finley Stadium,2006 NC State Wolfpack football team,,United States,35.800833333,-78.719444444
Carter–Finley Stadium,2007 NC State Wolfpack football team,,United States,35.800833333,-78.719444444
Carter–Finley Stadium,2008 NC State Wolfpack football team,,United States,35.800833333,-78.719444444
Carter–Finley Stadium,2009 NC State Wolfpack football team,,United States,35.800833333,-78.719444444
Carter–Finley Stadium,2010 NC State Wolfpack football team,,United States,35.800833333,-78.719444444
Carter–Finley Stadium,2011 NC State Wolfpack football team,,United States,35.800833333,-78.719444444
Carter–Finley Stadium,2012 NC State Wolfpack football team,,United States,35.800833333,-78.719444444
Carter–Finley Stadium,NC State Wolfpack football,,United States,35.800833333,-78.719444444
Carter–Finley Stadium,2013 NC State Wolfpack football team,,United States,35.800833333,-78.719444444
Carter–Finley Stadium,2014 NC State Wolfpack football team,,United States,35.800833333,-78.719444444
Carter–Finley Stadium,1991 NC State Wolfpack football team,,United States,35.800833333,-78.719444444
Carter–Finley Stadium,1992 NC State Wolfpack football team,,United States,35.800833333,-78.719444444
Carter–Finley Stadium,1994 NC State Wolfpack football team,,United States,35.800833333,-78.719444444
Carter–Finley Stadium,1995 NC State Wolfpack football team,,United States,35.800833333,-78.719444444
Carter–Finley Stadium,1996 NC State Wolfpack football team,,United States,35.800833333,-78.719444444
Carter–Finley Stadium,1998 NC State Wolfpack football team,,United States,35.800833333,-78.719444444
Carter–Finley Stadium,1974 NC State Wolfpack football team,,United States,35.800833333,-78.719444444
Carter–Finley Stadium,1990 NC State Wolfpack football team,,United States,35.800833333,-78.719444444
Carter–Finley Stadium,1993 NC State Wolfpack football team,,United States,35.800833333,-78.719444444
Carter–Finley Stadium,2015 NC State Wolfpack football team,,United States,35.800833333,-78.719444444
Carter–Finley Stadium,1968 NC State Wolfpack football team,,United States,35.800833333,-78.719444444
Carter–Finley Stadium,1973 NC State Wolfpack football team,,United States,35.800833333,-78.719444444
Carter–Finley Stadium,1979 NC State Wolfpack football team,,United States,35.800833333,-78.719444444
Carter–Finley Stadium,2016 NC State Wolfpack football team,,United States,35.800833333,-78.719444444
Carter–Finley Stadium,1997 NC State Wolfpack football team,,United States,35.800833333,-78.719444444
Carter–Finley Stadium,1969 NC State Wolfpack football team,,United States,35.800833333,-78.719444444
Carter–Finley Stadium,1967 NC State Wolfpack football team,,United States,35.800833333,-78.719444444
Dornblaser Field,1982 Montana Grizzlies football team,,United States,46.847,-113.996
Dornblaser Field,1984 Montana Grizzlies football team,,United States,46.847,-113.996
Dornblaser Field,1985 Montana Grizzlies football team,,United States,46.847,-113.996
Dornblaser Field,1986 Montana Grizzlies football team,,United States,46.847,-113.996
Dornblaser Field,1926 Montana Grizzlies football team,,United States,46.847,-113.996
Dornblaser Field,1961 Montana Grizzlies football team,,United States,46.847,-113.996
Dornblaser Field,1965 Montana Grizzlies football team,,United States,46.847,-113.996
Dornblaser Field,1983 Montana Grizzlies football team,,United States,46.847,-113.996
Ali La Pointe Stadium,,,Algeria,36.681666666,2.961666666
Doug Shaw Memorial Stadium,Myrtle Beach FC,,United States,33.7154,-78.8665
Douglas Park,Hamilton Academical F.C.,,United Kingdom,55.780425,-4.057311
Estádio Fredis Saldívar,Clube Desportivo Sete de Setembro,,Brazil,-22.244167,-54.781944
Estádio Fredis Saldívar,Ubiratan Esporte Clube,,Brazil,-22.244167,-54.781944
Estádio Fredis Saldívar,Operário Atlético Clube,,Brazil,-22.244167,-54.781944
Estádio Fredis Saldívar,Q19608897,,Brazil,-22.244167,-54.781944
Downing Stadium,New York Centaurs,,United States,40.793889,-73.924167
Downing Stadium,1936 United States Olympic Trials,,United States,40.793889,-73.924167
Downing Stadium,1952 NYU Violets football team,,United States,40.793889,-73.924167
Downing Stadium,1991 USA Outdoor Track and Field Championships,,United States,40.793889,-73.924167
Downing Stadium,1966 USA Outdoor Track and Field Championships,,United States,40.793889,-73.924167
Downing Stadium,1951 Fordham Rams football team,,United States,40.793889,-73.924167
Downing Stadium,1952 Fordham Rams football team,,United States,40.793889,-73.924167
Downs Field,,,United States,30.276052,-97.709442
Doğan Seyfi Atlı Stadium,Denizli B.S.K.,,Turkey,37.77547222,29.03777778
Doğan Seyfi Atlı Stadium,Kızılcabölükspor,,Turkey,37.77547222,29.03777778
Riders Field,,,United States,33.098333333,-96.82
Drake Field,1912 Auburn Tigers football team,,United States,32.601944,-85.4875
Drake Field,1914 Auburn Tigers football team,,United States,32.601944,-85.4875
Drake Field,1915 Auburn Tigers football team,,United States,32.601944,-85.4875
Drake Field,1916 Auburn Tigers football team,,United States,32.601944,-85.4875
Drake Field,1917 Auburn Tigers football team,,United States,32.601944,-85.4875
Drake Field,1918 Auburn Tigers football team,,United States,32.601944,-85.4875
Drake Field,1919 Auburn Tigers football team,,United States,32.601944,-85.4875
Drake Field,1920 Auburn Tigers football team,,United States,32.601944,-85.4875
Drake Field,1921 Auburn Tigers football team,,United States,32.601944,-85.4875
Drake Field,1922 Auburn Tigers football team,,United States,32.601944,-85.4875
Drake Field,1923 Auburn Tigers football team,,United States,32.601944,-85.4875
Drake Field,1924 Auburn Tigers football team,,United States,32.601944,-85.4875
Drake Field,1932 Auburn Tigers football team,,United States,32.601944,-85.4875
Drake Field,1931 Auburn Tigers football team,,United States,32.601944,-85.4875
Drake Field,1925 Auburn Tigers football team,,United States,32.601944,-85.4875
Drake Field,1926 Auburn Tigers football team,,United States,32.601944,-85.4875
Drake Field,1927 Auburn Tigers football team,,United States,32.601944,-85.4875
Drake Field,1928 Auburn Tigers football team,,United States,32.601944,-85.4875
Drake Field,1929 Auburn Tigers football team,,United States,32.601944,-85.4875
Drake Field,1930 Auburn Tigers football team,,United States,32.601944,-85.4875
Drake Field,1933 Auburn Tigers football team,,United States,32.601944,-85.4875
Drake Field,1934 Auburn Tigers football team,,United States,32.601944,-85.4875
Drake Field,1935 Auburn Tigers football team,,United States,32.601944,-85.4875
Drake Field,1936 Auburn Tigers football team,,United States,32.601944,-85.4875
Drake Stadium,2010 USA Outdoor Track and Field Championships,,United States,41.605,-93.655
Drake Stadium,Drake Bulldogs,,United States,41.605,-93.655
Drake Stadium,1928 Drake Bulldogs football team,,United States,41.605,-93.655
Drake Stadium,1972 Drake Bulldogs football team,,United States,41.605,-93.655
Drake Stadium,1981 Drake Bulldogs football team,,United States,41.605,-93.655
Drake Stadium,1995 Drake Bulldogs football team,,United States,41.605,-93.655
Drake Stadium,1998 Drake Bulldogs football team,,United States,41.605,-93.655
Drake Stadium,2000 Drake Bulldogs football team,,United States,41.605,-93.655
Drake Stadium,2004 Drake Bulldogs football team,,United States,41.605,-93.655
Drake Stadium,2006 Drake Bulldogs football team,,United States,41.605,-93.655
Drake Stadium,2010 Drake Bulldogs football team,,United States,41.605,-93.655
Drake Stadium,2011 Drake Bulldogs football team,,United States,41.605,-93.655
Drake Stadium,2012 Drake Bulldogs football team,,United States,41.605,-93.655
Drake Stadium,Drake Bulldogs football,,United States,41.605,-93.655
Drake Stadium,2013 USA Outdoor Track and Field Championships,,United States,41.605,-93.655
Drake Stadium,2013 Drake Bulldogs football team,,United States,41.605,-93.655
Drake Stadium,2014 Drake Bulldogs football team,,United States,41.605,-93.655
Drake Stadium,2015 Drake Bulldogs football team,,United States,41.605,-93.655
Drake Stadium,1929 Drake Bulldogs football team,,United States,41.605,-93.655
Drake Stadium,1930 Drake Bulldogs football team,,United States,41.605,-93.655
Drake Stadium,1931 Drake Bulldogs football team,,United States,41.605,-93.655
Drake Stadium,2016 Drake Bulldogs football team,,United States,41.605,-93.655
Drake Stadium,1970 NCAA University Division Outdoor Track and Field Championships,,United States,41.605,-93.655
Drake Stadium,1947 Drake Bulldogs football team,,United States,41.605,-93.655
Drake Stadium,2008 NCAA Division I Outdoor Track and Field Championships,,United States,41.605,-93.655
UCLA Drake Track and Field Stadium,2015 UCLA Bruins men's soccer team,,United States,34.072,-118.448
UCLA Drake Track and Field Stadium,1978 USA Outdoor Track and Field Championships,,United States,34.072,-118.448
UCLA Drake Track and Field Stadium,1977 USA Outdoor Track and Field Championships,,United States,34.072,-118.448
UCLA Drake Track and Field Stadium,1976 USA Outdoor Track and Field Championships,,United States,34.072,-118.448
UCLA Drake Track and Field Stadium,1974 USA Outdoor Track and Field Championships,,United States,34.072,-118.448
Echo Arena Liverpool,2009 European Mixed Team Badminton Championships,,United Kingdom,53.39756,-2.99164
Echo Arena Liverpool,2016 British Artistic Gymnastics Championships,,United Kingdom,53.39756,-2.99164
Echo Arena Liverpool,2022 World Artistic Gymnastics Championships,,United Kingdom,53.39756,-2.99164
Driller Park,,,United States,32.3709,-94.8792
Drillers Stadium,Tulsa Athletic,,United States,36.139647,-95.923667
Druzhba Stadium,PFC Dobrudzha Dobrich,,Bulgaria,43.556028,27.826806
Druzhba Stadium,FC Inter Plachidol,,Bulgaria,43.556028,27.826806
Dub Farris Athletic Complex,,,United States,29.5634,-98.6535
Dubai Cricket Council Ground No 1,,,United Arab Emirates,25.214722222,55.325833333
Duck Samford Stadium,,,United States,32.6103,-85.4469
Dudgeon Park,Brora Rangers F.C.,,United Kingdom,58.0083,-3.85764
Dudley Field,,,United States,31.7689537,-106.4451757
Duler Stadium,Salgaocar FC,,India,15.59849,73.816147
Duler Stadium,Dempo S.C.,,India,15.59849,73.816147
Duler Stadium,Sporting Clube de Goa,,India,15.59849,73.816147
Duler Stadium,Laxmi Prasad S.C.,,India,15.59849,73.816147
Dunaferr Arena,Dunaújváros FC,,Hungary,46.955555555,18.947222222
Duncansfield Park,,,United Kingdom,55.9763,-4.06556
Dunedin Ice Stadium,,,New Zealand,-45.9077,170.505
Carter–Finley Stadium,1966 NC State Wolfpack football team,,United States,35.800833333,-78.719444444
Carter–Finley Stadium,2019 NC State Wolfpack football team,,United States,35.800833333,-78.719444444
Kyle Field,Texas A&M Aggies,,United States,30.60992,-96.34052
Kyle Field,1976 Texas A&M Aggies football team,,United States,30.60992,-96.34052
Kyle Field,1985 Texas A&M Aggies football team,,United States,30.60992,-96.34052
Kyle Field,1989 Texas A&M Aggies football team,,United States,30.60992,-96.34052
Kyle Field,1990 Texas A&M Aggies football team,,United States,30.60992,-96.34052
Kyle Field,1991 Texas A&M Aggies football team,,United States,30.60992,-96.34052
Kyle Field,1992 Texas A&M Aggies football team,,United States,30.60992,-96.34052
Kyle Field,1993 Texas A&M Aggies football team,,United States,30.60992,-96.34052
Kyle Field,1994 Texas A&M Aggies football team,,United States,30.60992,-96.34052
Kyle Field,1995 Texas A&M Aggies football team,,United States,30.60992,-96.34052
Kyle Field,1996 Texas A&M Aggies football team,,United States,30.60992,-96.34052
Kyle Field,1997 Texas A&M Aggies football team,,United States,30.60992,-96.34052
Kyle Field,1998 Texas A&M Aggies football team,,United States,30.60992,-96.34052
Kyle Field,1999 Texas A&M Aggies football team,,United States,30.60992,-96.34052
Kyle Field,2000 Texas A&M Aggies football team,,United States,30.60992,-96.34052
Kyle Field,2002 Texas A&M Aggies football team,,United States,30.60992,-96.34052
Kyle Field,2003 Texas A&M Aggies football team,,United States,30.60992,-96.34052
Kyle Field,2004 Texas A&M Aggies football team,,United States,30.60992,-96.34052
Kyle Field,2005 Texas A&M Aggies football team,,United States,30.60992,-96.34052
Kyle Field,2006 Texas A&M Aggies football team,,United States,30.60992,-96.34052
Kyle Field,2007 Texas A&M Aggies football team,,United States,30.60992,-96.34052
Kyle Field,2008 Texas A&M Aggies football team,,United States,30.60992,-96.34052
Kyle Field,2009 Texas A&M Aggies football team,,United States,30.60992,-96.34052
Kyle Field,2010 Texas A&M Aggies football team,,United States,30.60992,-96.34052
Kyle Field,2011 Texas A&M Aggies football team,,United States,30.60992,-96.34052
Kyle Field,2012 Texas A&M Aggies football team,,United States,30.60992,-96.34052
Kyle Field,2013 Texas A&M Aggies football team,,United States,30.60992,-96.34052
Kyle Field,Texas A&M Aggies football,,United States,30.60992,-96.34052
Kyle Field,1987 Texas A&M Aggies football team,,United States,30.60992,-96.34052
Kyle Field,2001 Texas A&M Aggies football team,,United States,30.60992,-96.34052
Kyle Field,1956 Texas A&M Aggies football team,,United States,30.60992,-96.34052
Kyle Field,1957 Texas A&M Aggies football team,,United States,30.60992,-96.34052
Kyle Field,1975 Texas A&M Aggies football team,,United States,30.60992,-96.34052
Kyle Field,1977 Texas A&M Aggies football team,,United States,30.60992,-96.34052
Kyle Field,1988 Texas A&M Aggies football team,,United States,30.60992,-96.34052
Kyle Field,2014 Texas A&M Aggies football team,,United States,30.60992,-96.34052
Kyle Field,2015 Texas A&M Aggies football team,,United States,30.60992,-96.34052
Kyle Field,2016 Texas A&M Aggies football team,,United States,30.60992,-96.34052
Kyle Field,1950 Texas A&M Aggies football team,,United States,30.60992,-96.34052
Kyle Field,1951 Texas A&M Aggies football team,,United States,30.60992,-96.34052
Kyle Field,1952 Texas A&M Aggies football team,,United States,30.60992,-96.34052
Kyle Field,1953 Texas A&M Aggies football team,,United States,30.60992,-96.34052
Kyle Field,1954 Texas A&M Aggies football team,,United States,30.60992,-96.34052
Kyle Field,1955 Texas A&M Aggies football team,,United States,30.60992,-96.34052
Kyle Field,1958 Texas A&M Aggies football team,,United States,30.60992,-96.34052
Kyle Field,1959 Texas A&M Aggies football team,,United States,30.60992,-96.34052
Kyle Field,1960 Texas A&M Aggies football team,,United States,30.60992,-96.34052
Kyle Field,1961 Texas A&M Aggies football team,,United States,30.60992,-96.34052
Kyle Field,1962 Texas A&M Aggies football team,,United States,30.60992,-96.34052
Kyle Field,1963 Texas A&M Aggies football team,,United States,30.60992,-96.34052
Kyle Field,1964 Texas A&M Aggies football team,,United States,30.60992,-96.34052
Kyle Field,1939 Texas A&M Aggies football team,,United States,30.60992,-96.34052
Kyle Field,1940 Texas A&M Aggies football team,,United States,30.60992,-96.34052
Kyle Field,1927 Texas A&M Aggies football team,,United States,30.60992,-96.34052
Kyle Field,1928 Texas A&M Aggies football team,,United States,30.60992,-96.34052
Kyle Field,1929 Texas A&M Aggies football team,,United States,30.60992,-96.34052
Kyle Field,1941 Texas A&M Aggies football team,,United States,30.60992,-96.34052
Kyle Field,1942 Texas A&M Aggies football team,,United States,30.60992,-96.34052
Kyle Field,1943 Texas A&M Aggies football team,,United States,30.60992,-96.34052
Kyle Field,1965 Texas A&M Aggies football team,,United States,30.60992,-96.34052
Kyle Field,1966 Texas A&M Aggies football team,,United States,30.60992,-96.34052
Kyle Field,1968 Texas A&M Aggies football team,,United States,30.60992,-96.34052
Kyle Field,1969 Texas A&M Aggies football team,,United States,30.60992,-96.34052
Kyle Field,1970 Texas A&M Aggies football team,,United States,30.60992,-96.34052
Kyle Field,1971 Texas A&M Aggies football team,,United States,30.60992,-96.34052
Kyle Field,1972 Texas A&M Aggies football team,,United States,30.60992,-96.34052
Kyle Field,1973 Texas A&M Aggies football team,,United States,30.60992,-96.34052
Kyle Field,1974 Texas A&M Aggies football team,,United States,30.60992,-96.34052
Kyle Field,1978 Texas A&M Aggies football team,,United States,30.60992,-96.34052
Kyle Field,1979 Texas A&M Aggies football team,,United States,30.60992,-96.34052
Kyle Field,1980 Texas A&M Aggies football team,,United States,30.60992,-96.34052
Kyle Field,1981 Texas A&M Aggies football team,,United States,30.60992,-96.34052
Kyle Field,1982 Texas A&M Aggies football team,,United States,30.60992,-96.34052
Kyle Field,1983 Texas A&M Aggies football team,,United States,30.60992,-96.34052
Kyle Field,1984 Texas A&M Aggies football team,,United States,30.60992,-96.34052
Kyle Field,1925 Texas A&M Aggies football team,,United States,30.60992,-96.34052
Kyle Field,1938 Texas A&M Aggies football team,,United States,30.60992,-96.34052
Kyle Field,1930 Texas A&M Aggies football team,,United States,30.60992,-96.34052
Kyle Field,1932 Texas A&M Aggies football team,,United States,30.60992,-96.34052
Kyle Field,1931 Texas A&M Aggies football team,,United States,30.60992,-96.34052
Kyle Field,1933 Texas A&M Aggies football team,,United States,30.60992,-96.34052
Kyle Field,1934 Texas A&M Aggies football team,,United States,30.60992,-96.34052
Kyle Field,1935 Texas A&M Aggies football team,,United States,30.60992,-96.34052
Kyle Field,1936 Texas A&M Aggies football team,,United States,30.60992,-96.34052
Kyle Field,1937 Texas A&M Aggies football team,,United States,30.60992,-96.34052
Kyle Field,1944 Texas A&M Aggies football team,,United States,30.60992,-96.34052
Kyle Field,1945 Texas A&M Aggies football team,,United States,30.60992,-96.34052
Kyle Field,1946 Texas A&M Aggies football team,,United States,30.60992,-96.34052
Kyle Field,1947 Texas A&M Aggies football team,,United States,30.60992,-96.34052
Kyle Field,1948 Texas A&M Aggies football team,,United States,30.60992,-96.34052
Kyle Field,1949 Texas A&M Aggies football team,,United States,30.60992,-96.34052
Kyle Field,2017 Texas A&M Aggies football team,,United States,30.60992,-96.34052
Kyle Field,2018 Texas A&M Aggies football team,,United States,30.60992,-96.34052
Kyle Field,2019 Texas A&M Aggies football team,,United States,30.60992,-96.34052
Jordan–Hare Stadium,Auburn Tigers,,United States,32.602222222,-85.489166666
Jordan–Hare Stadium,1951 Auburn Tigers football team,,United States,32.602222222,-85.489166666
Jordan–Hare Stadium,1953 Auburn Tigers football team,,United States,32.602222222,-85.489166666
Jordan–Hare Stadium,1954 Auburn Tigers football team,,United States,32.602222222,-85.489166666
Suruceni Stadium,FC Sfîntul Gheorghe,,Moldova,46.9844,28.667
Suruceni Stadium,CF Găgăuzia,,Moldova,46.9844,28.667
Tessema stadium,,,Morocco,33.5829,-7.64682
Stade Tata Raphaël,FC MK Etanchéité,,Democratic Republic of the Congo,-4.33806,15.3222
Stade Tata Raphaël,Olympic Club Renaissance of Congo,,Democratic Republic of the Congo,-4.33806,15.3222
Stade Théophile Hoarau,SS Saint-Louisienne,,France,-21.28852,55.40467
Tonnellé Stadium,,,France,47.38251,0.66702
Q3495900,Sporting Club de Gagnoa,,Ivory Coast,6.12322,-5.95483
Q3495903,,,Morocco,33.9357,-6.93129
Q3495904,,,France,-20.93287,55.33156
Stade Yvan Georges,R.E. Virton,,Belgium,49.5625,5.53059
Stade Yves-Jaguin,,,France,48.5717,-3.14833
Estadio Yankel Rosenthal Cuello,C.D. Marathón,,Honduras,15.495556,-87.999167
Stade 24 Novembre,AS Dragons,,Democratic Republic of the Congo,-4.322865,15.312485
Stade 24 Novembre,AS Rojolu,,Democratic Republic of the Congo,-4.322865,15.312485
Stade communal de Namur,Union Royale Namur,,Belgium,50.464167,4.860833
Stade communal de Namur,Q2836394,,Belgium,50.464167,4.860833
Q3495949,,,Morocco,33.0115,-7.62094
El Mahalla Stadium,Ghazl El Mahalla SC,,Egypt,30.960556,31.172778
El Mahalla Stadium,Baladeyet El-Mahalla,,Egypt,30.960556,31.172778
El Mahalla Stadium,Said El Mahalla SC,,Egypt,30.960556,31.172778
Stade d'Issia,Issia Wazi FC,,Ivory Coast,6.49017,-6.59169
Q3495955,,,Morocco,32.3394,-6.36083
Miloud Hadefi Stadium,Mouloudia Club of Oran,,Algeria,35.72848,-0.54941
Q3495958,,,France,44.90287,2.43898
Stade d'Honneur,COD Meknès,,Morocco,33.8915,-5.53957
Honor Stadium,MC Oujda,,Morocco,34.659444,-1.934444
Q3495964,,,Ivory Coast,5.3593,-3.88967
Q3495965,,,Ivory Coast,6.98692,-5.75424
Buraufosse stadium,,,Belgium,50.625,5.52807
Stade de Charentonneau,CA Paris-Charenton,,France,48.80959,2.441408
Stade de Charentonneau,CA Paris (Women),,France,48.80959,2.441408
Firminy-Vert Stadium,,,France,45.38334,4.28801
La Redoute Stadium,,,France,-20.88757,55.44207
Q3495974,Aubagne FC,,France,43.293199,5.56236
Stade de la Colombière,S.A.S. Épinal,,France,48.1779,6.46339
General Lansana Conté Stadium,,,Guinea,9.624167,-13.626667
Q3495983,,,France,-12.80175,45.2097
Q3495984,,,France,44.5485,6.07014
Q3495986,,,France,-12.84882,45.10663
Q3495988,,,Ivory Coast,6.54994,-5.02403
Robert-Poirier Stadium,,,France,48.1184,-1.69978
Stade de Venoix,,,France,49.17616,-0.39034
Stade de Virunga,DC Virunga,,Democratic Republic of the Congo,-1.67797,29.227
Q3496000,SC Schiltigheim,,France,48.60534,7.76162
Q3496001,,,France,47.61384,7.54102
Q3496002,Stade auxerrois,,France,47.79048,3.58378
Stade de l'Idonnière,,,France,46.77117,-1.50036
Stade de l'Huveaune,GSC Marseille,,France,43.261944,5.376944
Stade de l'Huveaune,Olympique de Marseille,,France,43.261944,5.376944
Université de Sherbrooke Stadium,2004 NACAC Under-23 Championships in Athletics,,Canada,45.374722,-71.930556
Stade de la Cavée Verte,,,France,49.5025,0.10641
Stadium of La Duchère,Sporting Club Lyon,,France,45.78786,4.7975
Stadium of La Duchère,2015 World Masters Athletics Championships,,France,45.78786,4.7975
Q3496019,,,France,47.57943,7.57423
Q3496025,,,France,44.05972,5.044
Estadio Revolución Ciudad de Guatemala,Universidad SC,,Guatemala,14.58666667,-90.54805556
Stade Michel-Amand,Poitiers FC,,France,46.59474,0.36716
Saint-Michel Legion Stadium,,,France,48.833142,2.293588
Stade de la Source,US Orléans,,France,47.84069,1.94169
Stade de la Source,Racing Besançon,,France,47.84069,1.94169
Estadio Revolución Mexicana,F. C. Universidad Autónoma del Estado de Hidalgo,,Mexico,20.115,-98.7398
Stadionul Republicii,,,Romania,44.4283,26.0819
Q3496044,,,France,45.75954,3.10635
Q3496047,,,France,43.5425,7.0375
Ormes Stadium,,,France,50.656874,2.991252
Centre sportif Alain-Mimoun,,,France,48.83963,2.41173
Q3496058,,,France,49.90308,1.07
Stade des Ponts Jumeaux,,,France,43.6128,1.417
Q3496063,Chabab Houara,,Morocco,30.4055,-9.19372
Stade du 18 novembre,Ittihad Khemisset,,Morocco,33.8177,-6.07642
Stade 1er Novembre 1954,Union Sportive Madinet El Harrach,,Algeria,36.734444,3.131389
Q3496072,,,Morocco,31.63,-8.0
1 November 1954 Stadium,Q2819317,,Algeria,36.706944,4.056111
Stade du 26 Mars,Djoliba AC,,Mali,12.604444,-7.921667
Stade du 26 Mars,Stade Malien,,Mali,12.604444,-7.921667
Stade du 26 Mars,Cercle Olympique de Bamako,,Mali,12.604444,-7.921667
Stade du 26 Mars,Onze Créateurs de Niaréla,,Mali,12.604444,-7.921667
Stade du 26 Mars,AS Police de Bamako,,Mali,12.604444,-7.921667
Stade de FUS,FUS de Rabat,,Morocco,34.0099,-6.84028
Estádio General Severiano,Q30934555,,Brazil,-22.9536,-43.1778
Q3496083,,,France,44.846174,-0.638151
Q3496088,,,Ivory Coast,5.25634,-3.98977
Q3496091,,,Belgium,50.605277777,5.545833333
Schlossberg Stadium,Union sportive de Forbach,,France,49.1808011,6.9042224
Stade du Tivoli,R.A.A. Louviéroise,,Belgium,50.4783,4.20103
Stade du Tivoli,UR La Louvière Centre,,Belgium,50.4783,4.20103
ND Soft Stadium Yamagata,Montedio Yamagata,,Japan,38.336558,140.378558
Stade Municipal,,,Ivory Coast,9.50282,-7.57523
Municipal Stadium of Ait Melloul,,,Morocco,30.3342,-9.49722
Stade Municipal d'Abidjan,Academie de Foot Amadou Diallo,,Ivory Coast,5.341944,-4.018889
Stade Municipal d'Abidjan,ASEC Mimosas,,Ivory Coast,5.341944,-4.018889
Stade Municipal d'Abidjan,Stade d'Abidjan,,Ivory Coast,5.341944,-4.018889
Stade Municipal d'Abidjan,Jeunesse Club d'Abidjan,,Ivory Coast,5.341944,-4.018889
Stade Municipal d'Abidjan,FC Hiré,,Ivory Coast,5.341944,-4.018889
Q3496149,,,Morocco,34.6859,-1.9054
Q3496151,,,Ivory Coast,5.20176,-3.73524
Stade Municipal de Beaublanc,USA Limoges,,France,45.8482,1.24117
Durham County Stadium,Tobacco Road FC,,United States,36.035427,-78.903165
Duryu Park Stadium,,,South Korea,35.84996944,128.56382778
E. Claiborne Robins Stadium,2010 Richmond Spiders football team,,United States,37.5809,-77.5368
E. Claiborne Robins Stadium,2011 Richmond Spiders football team,,United States,37.5809,-77.5368
E. Claiborne Robins Stadium,2012 Richmond Spiders football team,,United States,37.5809,-77.5368
E. Claiborne Robins Stadium,Richmond Spiders,,United States,37.5809,-77.5368
E. Claiborne Robins Stadium,Richmond Spiders football,,United States,37.5809,-77.5368
E. Claiborne Robins Stadium,2014 Richmond Spiders football team,,United States,37.5809,-77.5368
E. Claiborne Robins Stadium,2013 Richmond Spiders football team,,United States,37.5809,-77.5368
E. Claiborne Robins Stadium,2015 Richmond Spiders football team,,United States,37.5809,-77.5368
E. Claiborne Robins Stadium,2016 Richmond Spiders football team,,United States,37.5809,-77.5368
E. Claiborne Robins Stadium,2017 Richmond Spiders football team,,United States,37.5809,-77.5368
E. Claiborne Robins Stadium,2018 Richmond Spiders football team,,United States,37.5809,-77.5368
E. Claiborne Robins Stadium,2019 Richmond Spiders football team,,United States,37.5809,-77.5368
E. M. Stevens Baseball Field,,,United States,29.46325,-98.481208
EPCC Baseball Stadium,,,United States,31.8912,-106.438
Bo Pitts Field,Tormenta FC,,United States,32.4098,-81.7796
Eagle River Stadium,,,United States,45.910833,-89.213611
Eagle Stadium,Allen Eagles football,,United States,33.114167,-96.658889
East Orange Oval,,,United States,40.7596,-74.2021
East Orange Stadium,,,United States,40.7695,-74.2048
East Pyongyang Stadium,,,North Korea,39.0016,125.8328
Lam Sơn stadium,,,Vietnam,10.35222,107.07333
Eddie Robinson Stadium,1987 Grambling State Tigers football team,,United States,32.5209,-92.7213
Eddie Robinson Stadium,1994 Grambling State Tigers football team,,United States,32.5209,-92.7213
Eddie Robinson Stadium,1997 Grambling State Tigers football team,,United States,32.5209,-92.7213
Eddie Robinson Stadium,1998 Grambling State Tigers football team,,United States,32.5209,-92.7213
Eddie Robinson Stadium,2000 Grambling State Tigers football team,,United States,32.5209,-92.7213
Eddie Robinson Stadium,2011 Grambling State Tigers football team,,United States,32.5209,-92.7213
Eddie Robinson Stadium,2012 Grambling State Tigers football team,,United States,32.5209,-92.7213
Eddie Robinson Stadium,Grambling State Tigers football,,United States,32.5209,-92.7213
Eddie Robinson Stadium,2013 Grambling State Tigers football team,,United States,32.5209,-92.7213
Eddie Robinson Stadium,2014 Grambling State Tigers football team,,United States,32.5209,-92.7213
Eddie Robinson Stadium,2015 Grambling State Tigers football team,,United States,32.5209,-92.7213
Eddie Robinson Stadium,2016 Grambling State Tigers football team,,United States,32.5209,-92.7213
Eddie Robinson Stadium,2017 Grambling State Tigers football team,,United States,32.5209,-92.7213
Eddie Robinson Stadium,2018 Grambling State Tigers football team,,United States,32.5209,-92.7213
Eddie Robinson Stadium,2019 Grambling State Tigers football team,,United States,32.5209,-92.7213
Edgar Brown Memorial Stadium,,,United States,46.235,-119.113
Edirne 25 Kasım Stadium,Edirnespor,,Turkey,41.6706,26.5544
Edogawa Stadium,Kubota Spears Funabashi Tokyo-Bay,,Japan,35.655278,139.8525
Edogawa Stadium,Tokyo 23 FC,,Japan,35.655278,139.8525
Edward L. Blackshear Field,2011 Prairie View A&M Panthers football team,,United States,30.091111,-95.994444
Edward L. Blackshear Field,2012 Prairie View A&M Panthers football team,,United States,30.091111,-95.994444
Edward L. Blackshear Field,Prairie View A&M Panthers and Lady Panthers,,United States,30.091111,-95.994444
Edward L. Blackshear Field,2013 Prairie View A&M Panthers football team,,United States,30.091111,-95.994444
Edward L. Blackshear Field,2014 Prairie View A&M Panthers football team,,United States,30.091111,-95.994444
Edwards Stadium,California Golden Bears,,United States,37.869,-122.265
Edwards Stadium,1935 NCAA Men's Track and Field Championships,,United States,37.869,-122.265
Edwards Stadium,1956 NCAA Men's Track and Field Championships,,United States,37.869,-122.265
Edwards Stadium,1960 NCAA Men's Track and Field Championships,,United States,37.869,-122.265
Edwards Stadium,1985 Pacific Conference Games,,United States,37.869,-122.265
Edwards Stadium,1965 NCAA University Division Outdoor Track and Field Championships,,United States,37.869,-122.265
Edwards Stadium,1968 NCAA University Division Outdoor Track and Field Championships,,United States,37.869,-122.265
Edwards Stadium,1952 NCAA Track and Field Championships,,United States,37.869,-122.265
Edwards Stadium,1958 NCAA Track and Field Championships,,United States,37.869,-122.265
Edwin Imboela Stadium,Nkwazi F.C.,,Zambia,-15.424746829,28.301434711
Edwin Imboela Stadium,National Assembly F.C.,,Zambia,-15.424746829,28.301434711
El Mansoura Stadium,نادي الاسماعيلي,,Egypt,31.0375,31.3572
Tahnoun bin Mohammed Stadium,,,United Arab Emirates,24.268244444,55.756397222
Sydney Showground Stadium,Western Sydney Wanderers FC,,Australia,-33.843056,151.067778
Sydney Showground Stadium,Greater Western Sydney Giants,,Australia,-33.843056,151.067778
Sydney Showground Stadium,Sydney Thunder,,Australia,-33.843056,151.067778
Kanko Stadium,Fagiano Okayama,,Japan,34.680714,133.919494
Kanko Stadium,Fagiano Okayama Next,,Japan,34.680714,133.919494
The O2 Arena,2009 World Artistic Gymnastics Championships,,United Kingdom,51.502944444,0.003194444
The O2 Arena,Gymnastics at the 2012 Summer Olympics,,United Kingdom,51.502944444,0.003194444
Ellerslie Rugby Park,,,Canada,53.4267,-113.514
Elleston Wakeland Stadium,Village United F.C.,,Jamaica,18.487587,-77.660465
Heiwadai Stadium,,,Japan,33.5869171,130.3857851
Kiyohara Baseball Stadium,,,Japan,36.54362222,139.983975
Jordan–Hare Stadium,1956 Auburn Tigers football team,,United States,32.602222222,-85.489166666
Jordan–Hare Stadium,1957 Auburn Tigers football team,,United States,32.602222222,-85.489166666
Jordan–Hare Stadium,1958 Auburn Tigers football team,,United States,32.602222222,-85.489166666
Jordan–Hare Stadium,1959 Auburn Tigers football team,,United States,32.602222222,-85.489166666
Jordan–Hare Stadium,1960 Auburn Tigers football team,,United States,32.602222222,-85.489166666
Jordan–Hare Stadium,1961 Auburn Tigers football team,,United States,32.602222222,-85.489166666
Jordan–Hare Stadium,1962 Auburn Tigers football team,,United States,32.602222222,-85.489166666
Jordan–Hare Stadium,1963 Auburn Tigers football team,,United States,32.602222222,-85.489166666
Jordan–Hare Stadium,1964 Auburn Tigers football team,,United States,32.602222222,-85.489166666
Jordan–Hare Stadium,1965 Auburn Tigers football team,,United States,32.602222222,-85.489166666
Jordan–Hare Stadium,1966 Auburn Tigers football team,,United States,32.602222222,-85.489166666
Jordan–Hare Stadium,1967 Auburn Tigers football team,,United States,32.602222222,-85.489166666
Jordan–Hare Stadium,1968 Auburn Tigers football team,,United States,32.602222222,-85.489166666
Jordan–Hare Stadium,1969 Auburn Tigers football team,,United States,32.602222222,-85.489166666
Jordan–Hare Stadium,1970 Auburn Tigers football team,,United States,32.602222222,-85.489166666
Jordan–Hare Stadium,1971 Auburn Tigers football team,,United States,32.602222222,-85.489166666
Jordan–Hare Stadium,1972 Auburn Tigers football team,,United States,32.602222222,-85.489166666
Jordan–Hare Stadium,1973 Auburn Tigers football team,,United States,32.602222222,-85.489166666
Jordan–Hare Stadium,1974 Auburn Tigers football team,,United States,32.602222222,-85.489166666
Jordan–Hare Stadium,1975 Auburn Tigers football team,,United States,32.602222222,-85.489166666
Jordan–Hare Stadium,1976 Auburn Tigers football team,,United States,32.602222222,-85.489166666
Jordan–Hare Stadium,1977 Auburn Tigers football team,,United States,32.602222222,-85.489166666
Jordan–Hare Stadium,1978 Auburn Tigers football team,,United States,32.602222222,-85.489166666
Jordan–Hare Stadium,1979 Auburn Tigers football team,,United States,32.602222222,-85.489166666
Jordan–Hare Stadium,1980 Auburn Tigers football team,,United States,32.602222222,-85.489166666
Jordan–Hare Stadium,1981 Auburn Tigers football team,,United States,32.602222222,-85.489166666
Jordan–Hare Stadium,1982 Auburn Tigers football team,,United States,32.602222222,-85.489166666
Jordan–Hare Stadium,1983 Auburn Tigers football team,,United States,32.602222222,-85.489166666
Jordan–Hare Stadium,1985 Auburn Tigers football team,,United States,32.602222222,-85.489166666
Jordan–Hare Stadium,1987 Auburn Tigers football team,,United States,32.602222222,-85.489166666
Jordan–Hare Stadium,1988 Auburn Tigers football team,,United States,32.602222222,-85.489166666
Jordan–Hare Stadium,1989 Auburn Tigers football team,,United States,32.602222222,-85.489166666
Jordan–Hare Stadium,1990 Auburn Tigers football team,,United States,32.602222222,-85.489166666
Jordan–Hare Stadium,1991 Auburn Tigers football team,,United States,32.602222222,-85.489166666
Jordan–Hare Stadium,1992 Auburn Tigers football team,,United States,32.602222222,-85.489166666
Jordan–Hare Stadium,1993 Auburn Tigers football team,,United States,32.602222222,-85.489166666
Jordan–Hare Stadium,1994 Auburn Tigers football team,,United States,32.602222222,-85.489166666
Jordan–Hare Stadium,1995 Auburn Tigers football team,,United States,32.602222222,-85.489166666
Jordan–Hare Stadium,1996 Auburn Tigers football team,,United States,32.602222222,-85.489166666
Jordan–Hare Stadium,1997 Auburn Tigers football team,,United States,32.602222222,-85.489166666
Jordan–Hare Stadium,1998 Auburn Tigers football team,,United States,32.602222222,-85.489166666
Jordan–Hare Stadium,1999 Auburn Tigers football team,,United States,32.602222222,-85.489166666
Jordan–Hare Stadium,2000 Auburn Tigers football team,,United States,32.602222222,-85.489166666
Jordan–Hare Stadium,2001 Auburn Tigers football team,,United States,32.602222222,-85.489166666
Jordan–Hare Stadium,2002 Auburn Tigers football team,,United States,32.602222222,-85.489166666
Jordan–Hare Stadium,2003 Auburn Tigers football team,,United States,32.602222222,-85.489166666
Jordan–Hare Stadium,2004 Auburn Tigers football team,,United States,32.602222222,-85.489166666
Jordan–Hare Stadium,2005 Auburn Tigers football team,,United States,32.602222222,-85.489166666
Jordan–Hare Stadium,2006 Auburn Tigers football team,,United States,32.602222222,-85.489166666
Jordan–Hare Stadium,2007 Auburn Tigers football team,,United States,32.602222222,-85.489166666
Jordan–Hare Stadium,2008 Auburn Tigers football team,,United States,32.602222222,-85.489166666
Jordan–Hare Stadium,2009 Auburn Tigers football team,,United States,32.602222222,-85.489166666
Jordan–Hare Stadium,2010 Auburn Tigers football team,,United States,32.602222222,-85.489166666
Jordan–Hare Stadium,2011 Auburn Tigers football team,,United States,32.602222222,-85.489166666
Jordan–Hare Stadium,2012 Auburn Tigers football team,,United States,32.602222222,-85.489166666
Jordan–Hare Stadium,2013 Auburn Tigers football team,,United States,32.602222222,-85.489166666
Jordan–Hare Stadium,Auburn Tigers football,,United States,32.602222222,-85.489166666
Jordan–Hare Stadium,1950 Auburn Tigers football team,,United States,32.602222222,-85.489166666
Jordan–Hare Stadium,1984 Auburn Tigers football team,,United States,32.602222222,-85.489166666
Jordan–Hare Stadium,2014 Auburn Tigers football team,,United States,32.602222222,-85.489166666
Jordan–Hare Stadium,1948 Auburn Tigers football team,,United States,32.602222222,-85.489166666
Jordan–Hare Stadium,1949 Auburn Tigers football team,,United States,32.602222222,-85.489166666
Jordan–Hare Stadium,1952 Auburn Tigers football team,,United States,32.602222222,-85.489166666
Jordan–Hare Stadium,1955 Auburn Tigers football team,,United States,32.602222222,-85.489166666
Jordan–Hare Stadium,1986 Auburn Tigers football team,,United States,32.602222222,-85.489166666
Jordan–Hare Stadium,2015 Auburn Tigers football team,,United States,32.602222222,-85.489166666
Jordan–Hare Stadium,1944 Auburn Tigers football team,,United States,32.602222222,-85.489166666
Jordan–Hare Stadium,1945 Auburn Tigers football team,,United States,32.602222222,-85.489166666
Jordan–Hare Stadium,1946 Auburn Tigers football team,,United States,32.602222222,-85.489166666
Jordan–Hare Stadium,1947 Auburn Tigers football team,,United States,32.602222222,-85.489166666
Jordan–Hare Stadium,1939 Auburn Tigers football team,,United States,32.602222222,-85.489166666
Jordan–Hare Stadium,1940 Auburn Tigers football team,,United States,32.602222222,-85.489166666
Jordan–Hare Stadium,1941 Auburn Tigers football team,,United States,32.602222222,-85.489166666
Jordan–Hare Stadium,1942 Auburn Tigers football team,,United States,32.602222222,-85.489166666
Jordan–Hare Stadium,2016 Auburn Tigers football team,,United States,32.602222222,-85.489166666
Jordan–Hare Stadium,2017 Auburn Tigers football team,,United States,32.602222222,-85.489166666
Jordan–Hare Stadium,2018 Auburn Tigers football team,,United States,32.602222222,-85.489166666
Jordan–Hare Stadium,2019 Auburn Tigers football team,,United States,32.602222222,-85.489166666
Surakul Stadium,Phuket F.C.,,Thailand,7.889,98.3716
Surakul Stadium,Phuket City F.C.,,Thailand,7.889,98.3716
Surakul Stadium,Phuket Andaman F.C.,,Thailand,7.889,98.3716
Estadio Padre Ernesto Martearena,,,Argentina,-24.820889,-65.419189
Gelora Delta Stadium,Deltras F.C.,,Indonesia,-7.44772,112.705929
Gelora Delta Stadium,Persida Sidoarjo,,Indonesia,-7.44772,112.705929
Estadio Bicentenario de Chinquihue,Deportes Puerto Montt,,Chile,-41.4915,-72.98705
Estadio Bicentenario de Chinquihue,Q18920615,,Chile,-41.4915,-72.98705
Davis Wade Stadium,Mississippi State Bulldogs,,United States,33.456389,-88.793611
Davis Wade Stadium,1973 Mississippi State Bulldogs football team,,United States,33.456389,-88.793611
Davis Wade Stadium,1976 Mississippi State Bulldogs football team,,United States,33.456389,-88.793611
Davis Wade Stadium,1997 Mississippi State Bulldogs football team,,United States,33.456389,-88.793611
Davis Wade Stadium,1998 Mississippi State Bulldogs football team,,United States,33.456389,-88.793611
Davis Wade Stadium,1999 Mississippi State Bulldogs football team,,United States,33.456389,-88.793611
Davis Wade Stadium,2000 Mississippi State Bulldogs football team,,United States,33.456389,-88.793611
Davis Wade Stadium,2001 Mississippi State Bulldogs football team,,United States,33.456389,-88.793611
Davis Wade Stadium,2002 Mississippi State Bulldogs football team,,United States,33.456389,-88.793611
Davis Wade Stadium,2003 Mississippi State Bulldogs football team,,United States,33.456389,-88.793611
Davis Wade Stadium,2004 Mississippi State Bulldogs football team,,United States,33.456389,-88.793611
Davis Wade Stadium,2005 Mississippi State Bulldogs football team,,United States,33.456389,-88.793611
Davis Wade Stadium,2006 Mississippi State Bulldogs football team,,United States,33.456389,-88.793611
Davis Wade Stadium,2007 Mississippi State Bulldogs football team,,United States,33.456389,-88.793611
Ellis Burks Field,,,United States,32.45367,-98.6842
Fujiidera Stadium,Osaka Kintetsu Buffaloes,,Japan,34.570325,135.590708
Emam Reza Stadium,Persepolis B F.C.,,Iran,35.634436,51.327383
Nagoya Baseball Stadium,Q11365075,,Japan,35.147354,136.88673
Emmett Park,,,Jamaica,17.978728,-76.784107
Empire Stadium,Vancouver Royals,,Canada,49.282638888,-123.033222222
Empire Stadium,Vancouver Whitecaps,,Canada,49.282638888,-123.033222222
Enavallen,Enköpings SK,,Sweden,59.6325,17.06777778
Enghelab Stadium,Saipa F.C.,,Iran,35.850556,50.958333
Enghelab Stadium,Mehr Karaj F.C.,,Iran,35.850556,50.958333
Enghelab Stadium,Moghavemat Alborz FSC,,Iran,35.850556,50.958333
Enghelab Stadium,Gol Reyhan Alborz F.C.,,Iran,35.850556,50.958333
Ephraim Mohale Stadium,,,South Africa,-24.69724,28.44266
Epping Stadium,Fawkner-Whittlesea Blues,,Australia,-37.625,145.024722
Epping Stadium,Brunswick Juventus FC,,Australia,-37.625,145.024722
Epping Stadium,Whittlesea Ranges FC,,Australia,-37.625,145.024722
Epping Stadium,Melbourne Victory FC Youth,,Australia,-37.625,145.024722
Erica Park,Ikapa Sporting F.C.,,South Africa,-33.943716,18.624541
Q5390264,,,Argentina,-37.9708,-57.5628
Estadio Armando Barillas,Juventud Escuintleca,,Guatemala,14.312791666,-90.783305555
Estadio Municipal de Lo Barnechea,,,Chile,-33.3543,-70.4982
Ernest W. Spangler Stadium,2011 Gardner–Webb Runnin' Bulldogs football team,,United States,35.2456,-81.6732
Ernest W. Spangler Stadium,2012 Gardner–Webb Runnin' Bulldogs football team,,United States,35.2456,-81.6732
Ernest W. Spangler Stadium,Gardner–Webb Runnin' Bulldogs football,,United States,35.2456,-81.6732
Ernest W. Spangler Stadium,Gardner–Webb Runnin' Bulldogs,,United States,35.2456,-81.6732
Ernest W. Spangler Stadium,2013 Gardner–Webb Runnin' Bulldogs football team,,United States,35.2456,-81.6732
Ernest W. Spangler Stadium,2014 Gardner–Webb Runnin' Bulldogs football team,,United States,35.2456,-81.6732
Ernest W. Spangler Stadium,2015 Gardner–Webb Runnin' Bulldogs football team,,United States,35.2456,-81.6732
Ernest W. Spangler Stadium,2016 Gardner–Webb Runnin' Bulldogs football team,,United States,35.2456,-81.6732
Erode V.O.Chidambaram Park Stadium,,,India,11.350497,77.72056
Ersekë Stadium,KS Gramozi Ersekë,,Albania,40.333333,20.683333
Esp Stadium,FC Baden,,Switzerland,47.4458234,8.2963943
autista Tragantini Stadium,Independiente Rivadavia,,Argentina,-32.890786,-68.862777
Estadio Capitán San Luis,FC Pinar del Río,,Cuba,22.42361111,-83.69277778
Estadio Capitán San Luis,Pinar del Río Vegueros,,Cuba,22.42361111,-83.69277778
Estadio Cancun 86,Pioneros de Cancún,,Mexico,21.182051,-86.830544
Estadio Cerro del Espino,Atlético Madrid B,,Spain,40.457558333,-3.860286111
Estadio Cerro del Espino,CF Rayo Majadahonda,,Spain,40.457558333,-3.860286111
Estadio Cerro del Espino,Atlético Madrid C,,Spain,40.457558333,-3.860286111
Estadio Cerro del Espino,Atlético de Madrid Femenino,,Spain,40.457558333,-3.860286111
Estadio Charrúa,Uruguay national rugby union team,,Uruguay,-34.878424,-56.08932
Estadio Charrúa,Peñarol Rugby,,Uruguay,-34.878424,-56.08932
Estadio Ciudad de Puertollano,CD Puertollano,,Spain,38.682847222,-4.088722222
Estadio Ciudad de Puertollano,Calvo Sotelo Puertollano CF,,Spain,38.682847222,-4.088722222
Estadio De Béisbol Tomás Oros Gaytan,,,Mexico,27.49274722,-109.95447222
Estadio Del Monte,,,Guatemala,15.4653,-88.8403
Estadio El Malecón,Gimnástica de Torrelavega,,Spain,43.3506,-4.06389
Estadio El Malecón,Q16624504,,Spain,43.3506,-4.06389
Estadio Emilio Ibarra Almada,,,Mexico,25.80303889,-108.97466111
Estadio Bicentenario Iván Azócar Bernales,Club Social de Deportes Rangers,,Chile,-35.419722,-71.673889
Estadio Bicentenario Iván Azócar Bernales,Q5774639,,Chile,-35.419722,-71.673889
Estadio Fiscal de Linares,Deportes Linares,,Chile,-35.855425,-71.591033
Estadio Francisco Montaner,Club Atlético River Plate Puerto Rico,,United States,18.002422,-66.631785
Estadio Francisco Montaner,1975 Central American and Caribbean Championships in Athletics,,United States,18.002422,-66.631785
Estadio Francisco Montaner,2006 Ibero-American Championships in Athletics,,United States,18.002422,-66.631785
Estadio Francisco Montaner,FC Leones,,United States,18.002422,-66.631785
Estadio General Joaquín Amaro,,,Mexico,19.44277778,-99.22611111
Estadio Heraclio Tapia,León de Huánuco,,Peru,-9.940567,-76.252778
Estadio Heraclio Tapia,Alianza Huánuco,,Peru,-9.940567,-76.252778
Estadio Internacional,Renacimiento FC,,Equatorial Guinea,3.7496826,8.7808979
Estadio Internacional,Cafe Bank Sportif,,Equatorial Guinea,3.7496826,8.7808979
Estadio Jorge Basadre,Coronel Bolognesi,,Peru,-18.005,-70.253056
Estadio Jorge Basadre,Club Deportivo Coronel Bolognesi,,Peru,-18.005,-70.253056
Estadio Jorge Basadre,Unión Alfonso Ugarte,,Peru,-18.005,-70.253056
Estadio Jorge Basadre,Alfonso Ugarte de Tacna,,Peru,-18.005,-70.253056
Estadio Jorge Basadre,Mariscal Miller,,Peru,-18.005,-70.253056
Estadio Jorge Basadre,Unión Mirave,,Peru,-18.005,-70.253056
Estadio Jorge Basadre,Deportivo CREDICOOP,,Peru,-18.005,-70.253056
José Martín Olaeta Stadium,Argentino de Rosario,,Argentina,-32.90753056,-60.68376667
José Martín Olaeta Stadium,Club Atlético Argentino women's,,Argentina,-32.90753056,-60.68376667
Estadio Juan Carlos Durán,Real Santa Cruz,,Bolivia,-17.805378,-63.16573
Estadio Kaibil Balam,,,Guatemala,15.3205,-91.4816
Estadio La Congeladora,,,Mexico,19.26777778,-99.70472222
Estadio La Granja,C.D.P. Curi,,Chile,-34.974356,-71.230707
Estadio La Granja,Club de Deportes Badminton,,Chile,-34.974356,-71.230707
Estadio La Granja,Q18920610,,Chile,-34.974356,-71.230707
Estadio Los Pozos,UD Fuerteventura,,Spain,28.491519444,-13.866666666
Estadio Luis Valenzuela Hermosilla,Deportes Copiapó,,Chile,-27.376667,-70.320833
Estadio Luis Valenzuela Hermosilla,Regional Atacama,,Chile,-27.376667,-70.320833
Estadio Manuel Rivera Sanchez,José Gálvez FBC,,Peru,-9.10001,-78.560207
Estadio Manuel Rivera Sanchez,Unión Juventud,,Peru,-9.10001,-78.560207
Estadio Manuel Rivera Sanchez,Club Deportivo Sider Perú,,Peru,-9.10001,-78.560207
Estadio Mauricio Vides,El Roble de Ilobasco,,El Salvador,13.8446,-88.8548
Estadio Monumental Universidad Andina de Juliaca,,,Peru,-15.5348407,-70.1212907
Estadio Municipal de Pozoblanco,CD Pozoblanco,,Spain,38.37657222,-4.841475
Estadio Municipal de Pozoblanco,CD Pozoalbense,,Spain,38.37657222,-4.841475
Nicolás Chahuán Nazar Municipal Stadium,Unión La Calera,,Chile,-32.784167,-71.199444
Estadio Municipal Lucio Fariña Fernández,San Luis de Quillota,,Chile,-32.8876,-71.252
Estadio Municipal de Chorrillos,Association Chorrillos,,Peru,-12.1719524,-77.0274801
Estadio Municipal de Chorrillos,E.T.E.,,Peru,-12.1719524,-77.0274801
Estadio Municipal de Chorrillos,Q5668468,,Peru,-12.1719524,-77.0274801
Estadio Municipal de Chorrillos,Q5803238,,Peru,-12.1719524,-77.0274801
Estadio Municipal de Chorrillos,Sport Coopsol,,Peru,-12.1719524,-77.0274801
Estadio Municipal de Chorrillos,Q18418660,,Peru,-12.1719524,-77.0274801
Estadio Municipal de Chorrillos,Q19060924,,Peru,-12.1719524,-77.0274801
Estadio Municipal de Chorrillos,Q21503344,,Peru,-12.1719524,-77.0274801
Estadio Municipal de La Pintana,Santiago Morning,,Chile,-33.586667,-70.635833
Estadio Municipal de La Pintana,A.C. Barnechea City,,Chile,-33.586667,-70.635833
Estadio Municipal de La Pintana,Municipal La Pintana,,Chile,-33.586667,-70.635833
Estadio Municipal de San Felipe,Unión San Felipe,,Chile,-32.746944,-70.73
Davis Wade Stadium,2008 Mississippi State Bulldogs football team,,United States,33.456389,-88.793611
Davis Wade Stadium,2009 Mississippi State Bulldogs football team,,United States,33.456389,-88.793611
Davis Wade Stadium,2010 Mississippi State Bulldogs football team,,United States,33.456389,-88.793611
Davis Wade Stadium,2011 Mississippi State Bulldogs football team,,United States,33.456389,-88.793611
Davis Wade Stadium,2012 Mississippi State Bulldogs football team,,United States,33.456389,-88.793611
Davis Wade Stadium,2013 Mississippi State Bulldogs football team,,United States,33.456389,-88.793611
Davis Wade Stadium,Mississippi State Bulldogs football,,United States,33.456389,-88.793611
Davis Wade Stadium,2014 Mississippi State Bulldogs football team,,United States,33.456389,-88.793611
Davis Wade Stadium,1993 Mississippi State Bulldogs football team,,United States,33.456389,-88.793611
Davis Wade Stadium,1994 Mississippi State Bulldogs football team,,United States,33.456389,-88.793611
Davis Wade Stadium,1995 Mississippi State Bulldogs football team,,United States,33.456389,-88.793611
Davis Wade Stadium,1996 Mississippi State Bulldogs football team,,United States,33.456389,-88.793611
Davis Wade Stadium,2015 Mississippi State Bulldogs football team,,United States,33.456389,-88.793611
Davis Wade Stadium,1992 Mississippi State Bulldogs football team,,United States,33.456389,-88.793611
Davis Wade Stadium,1944 Mississippi State Maroons football team,,United States,33.456389,-88.793611
Davis Wade Stadium,1945 Mississippi State Maroons football team,,United States,33.456389,-88.793611
Davis Wade Stadium,1946 Mississippi State Maroons football team,,United States,33.456389,-88.793611
Davis Wade Stadium,1947 Mississippi State Maroons football team,,United States,33.456389,-88.793611
Davis Wade Stadium,1948 Mississippi State Maroons football team,,United States,33.456389,-88.793611
Davis Wade Stadium,1949 Mississippi State Maroons football team,,United States,33.456389,-88.793611
Davis Wade Stadium,1950 Mississippi State Maroons football team,,United States,33.456389,-88.793611
Davis Wade Stadium,1951 Mississippi State Maroons football team,,United States,33.456389,-88.793611
Davis Wade Stadium,1952 Mississippi State Maroons football team,,United States,33.456389,-88.793611
Davis Wade Stadium,1953 Mississippi State Maroons football team,,United States,33.456389,-88.793611
Davis Wade Stadium,1954 Mississippi State Maroons football team,,United States,33.456389,-88.793611
Davis Wade Stadium,1960 Mississippi State Maroons football team,,United States,33.456389,-88.793611
Davis Wade Stadium,1961 Mississippi State Bulldogs football team,,United States,33.456389,-88.793611
Davis Wade Stadium,1962 Mississippi State Bulldogs football team,,United States,33.456389,-88.793611
Davis Wade Stadium,1963 Mississippi State Bulldogs football team,,United States,33.456389,-88.793611
Davis Wade Stadium,1964 Mississippi State Bulldogs football team,,United States,33.456389,-88.793611
Davis Wade Stadium,1967 Mississippi State Bulldogs football team,,United States,33.456389,-88.793611
Davis Wade Stadium,1975 Mississippi State Bulldogs football team,,United States,33.456389,-88.793611
Davis Wade Stadium,1981 Mississippi State Bulldogs football team,,United States,33.456389,-88.793611
Davis Wade Stadium,1982 Mississippi State Bulldogs football team,,United States,33.456389,-88.793611
Davis Wade Stadium,1983 Mississippi State Bulldogs football team,,United States,33.456389,-88.793611
Davis Wade Stadium,1985 Mississippi State Bulldogs football team,,United States,33.456389,-88.793611
Davis Wade Stadium,2016 Mississippi State Bulldogs football team,,United States,33.456389,-88.793611
Davis Wade Stadium,1988 Mississippi State Bulldogs football team,,United States,33.456389,-88.793611
Davis Wade Stadium,1990 Mississippi State Bulldogs football team,,United States,33.456389,-88.793611
Davis Wade Stadium,1991 Mississippi State Bulldogs football team,,United States,33.456389,-88.793611
Davis Wade Stadium,1968 Mississippi State Bulldogs football team,,United States,33.456389,-88.793611
Davis Wade Stadium,1969 Mississippi State Bulldogs football team,,United States,33.456389,-88.793611
Davis Wade Stadium,1970 Mississippi State Bulldogs football team,,United States,33.456389,-88.793611
Davis Wade Stadium,1971 Mississippi State Bulldogs football team,,United States,33.456389,-88.793611
Davis Wade Stadium,1972 Mississippi State Bulldogs football team,,United States,33.456389,-88.793611
Davis Wade Stadium,1974 Mississippi State Bulldogs football team,,United States,33.456389,-88.793611
Davis Wade Stadium,1977 Mississippi State Bulldogs football team,,United States,33.456389,-88.793611
Davis Wade Stadium,1978 Mississippi State Bulldogs football team,,United States,33.456389,-88.793611
Davis Wade Stadium,1979 Mississippi State Bulldogs football team,,United States,33.456389,-88.793611
Davis Wade Stadium,1980 Mississippi State Bulldogs football team,,United States,33.456389,-88.793611
Davis Wade Stadium,1984 Mississippi State Bulldogs football team,,United States,33.456389,-88.793611
Davis Wade Stadium,1986 Mississippi State Bulldogs football team,,United States,33.456389,-88.793611
Davis Wade Stadium,1987 Mississippi State Bulldogs football team,,United States,33.456389,-88.793611
Davis Wade Stadium,1989 Mississippi State Bulldogs football team,,United States,33.456389,-88.793611
Davis Wade Stadium,1922 Mississippi A&M Aggies football team,,United States,33.456389,-88.793611
Davis Wade Stadium,1914 Mississippi A&M Aggies football team,,United States,33.456389,-88.793611
Davis Wade Stadium,1915 Mississippi A&M Aggies football team,,United States,33.456389,-88.793611
Davis Wade Stadium,1916 Mississippi A&M Aggies football team,,United States,33.456389,-88.793611
Davis Wade Stadium,1917 Mississippi A&M Aggies football team,,United States,33.456389,-88.793611
Davis Wade Stadium,1918 Mississippi A&M Aggies football team,,United States,33.456389,-88.793611
Davis Wade Stadium,1919 Mississippi A&M Aggies football team,,United States,33.456389,-88.793611
Davis Wade Stadium,1920 Mississippi A&M Aggies football team,,United States,33.456389,-88.793611
Davis Wade Stadium,1921 Mississippi A&M Aggies football team,,United States,33.456389,-88.793611
Davis Wade Stadium,1923 Mississippi A&M Aggies football team,,United States,33.456389,-88.793611
Davis Wade Stadium,1924 Mississippi A&M Aggies football team,,United States,33.456389,-88.793611
Davis Wade Stadium,1925 Mississippi A&M Aggies football team,,United States,33.456389,-88.793611
Davis Wade Stadium,1926 Mississippi A&M Aggies football team,,United States,33.456389,-88.793611
Davis Wade Stadium,1927 Mississippi A&M Aggies football team,,United States,33.456389,-88.793611
Davis Wade Stadium,1928 Mississippi A&M Aggies football team,,United States,33.456389,-88.793611
Davis Wade Stadium,1929 Mississippi A&M Aggies football team,,United States,33.456389,-88.793611
Davis Wade Stadium,1930 Mississippi A&M Aggies football team,,United States,33.456389,-88.793611
Davis Wade Stadium,1931 Mississippi A&M Aggies football team,,United States,33.456389,-88.793611
Davis Wade Stadium,1932 Mississippi State Maroons football team,,United States,33.456389,-88.793611
Davis Wade Stadium,1933 Mississippi State Maroons football team,,United States,33.456389,-88.793611
Davis Wade Stadium,1934 Mississippi State Maroons football team,,United States,33.456389,-88.793611
Davis Wade Stadium,1935 Mississippi State Maroons football team,,United States,33.456389,-88.793611
Davis Wade Stadium,1936 Mississippi State Maroons football team,,United States,33.456389,-88.793611
Davis Wade Stadium,1937 Mississippi State Maroons football team,,United States,33.456389,-88.793611
Davis Wade Stadium,1938 Mississippi State Maroons football team,,United States,33.456389,-88.793611
Davis Wade Stadium,1939 Mississippi State Maroons football team,,United States,33.456389,-88.793611
Davis Wade Stadium,1940 Mississippi State Maroons football team,,United States,33.456389,-88.793611
Davis Wade Stadium,1941 Mississippi State Maroons football team,,United States,33.456389,-88.793611
Davis Wade Stadium,1942 Mississippi State Maroons football team,,United States,33.456389,-88.793611
Davis Wade Stadium,1955 Mississippi State Maroons football team,,United States,33.456389,-88.793611
Davis Wade Stadium,1956 Mississippi State Maroons football team,,United States,33.456389,-88.793611
Davis Wade Stadium,1957 Mississippi State Maroons football team,,United States,33.456389,-88.793611
Davis Wade Stadium,1958 Mississippi State Maroons football team,,United States,33.456389,-88.793611
Davis Wade Stadium,1959 Mississippi State Maroons football team,,United States,33.456389,-88.793611
Davis Wade Stadium,1965 Mississippi State Bulldogs football team,,United States,33.456389,-88.793611
Davis Wade Stadium,1966 Mississippi State Bulldogs football team,,United States,33.456389,-88.793611
Davis Wade Stadium,2017 Mississippi State Bulldogs football team,,United States,33.456389,-88.793611
Davis Wade Stadium,2019 Mississippi State Bulldogs football team,,United States,33.456389,-88.793611
Stadionul Cetate,CSM Unirea Alba Iulia,,Romania,46.079078,23.566553
Norman Broaster Stadium,Verdes FC,,Belize,17.160277777,-89.069722222
Norman Broaster Stadium,San Ignacio United,,Belize,17.160277777,-89.069722222
Norman Broaster Stadium,Santel's,,Belize,17.160277777,-89.069722222
Norman Broaster Stadium,World FC,,Belize,17.160277777,-89.069722222
Estadio de Béisbol Francisco I. Madero,Dinos Saltillo,,Mexico,25.433653,-100.978806
Stade Dominique Duvauchelle,US Créteil-Lusitanos,,France,48.76762,2.45944
Lahti Stadium,FC Lahti,,Finland,60.983056,25.634167
Apollinarisstadion,SC 07 Bad Neuenahr,,Germany,50.543611111,7.151388888
Rakvere Linnastaadion,Rakvere JK Tarvas,,Estonia,59.3437,26.3584
Narva Kreenholmi Stadium,JK Narva Trans,,Estonia,59.36347,28.18465
Aper Aku Stadium,Lobi Stars F.C.,,Nigeria,7.74166667,8.51805556
Rajko Mitić Stadium,FK Crvena zvezda,,Serbia,44.783333333,20.464722222
Rajko Mitić Stadium,UEFA Euro 1976,,Serbia,44.783333333,20.464722222
Rajko Mitić Stadium,ŽFK Crvena zvezda,,Serbia,44.783333333,20.464722222
Croke Park,,,Ireland,53.360833333,-6.251111111
Shanghai Stadium,Shanghai Port F.C.,,People's Republic of China,31.1835,121.437278
Fallowfield Stadium,,,United Kingdom,53.44305556,-2.21555556
Stadio Marcantonio Bentegodi,AC ChievoVerona,,Italy,45.435356,10.968647
Stadio Marcantonio Bentegodi,Hellas Verona FC,,Italy,45.435356,10.968647
Mkwakwani Stadium,Coastal Union,,Tanzania,-5.073611,39.100556
Mkwakwani Stadium,JKT Mgambo,,Tanzania,-5.073611,39.100556
Mkwakwani Stadium,African Sports,,Tanzania,-5.073611,39.100556
Rizal Memorial Stadium,1993 Asian Athletics Championships,,Philippines,14.563403,120.992
Rizal Memorial Stadium,Philippines women's national football team,,Philippines,14.563403,120.992
Rizal Memorial Stadium,Philippines national rugby union team,,Philippines,14.563403,120.992
Rizal Memorial Stadium,Philippine Air Force F.C.,,Philippines,14.563403,120.992
Rizal Memorial Stadium,Philippine Army F.C.,,Philippines,14.563403,120.992
Pars Stadium,Fajr Sepasi F.C.,,Iran,29.565,52.491389
Estadio Santa Lucía,Club Deportivo Malacateco,,Guatemala,14.91194444,-92.06
Stade Seffouhi,CA Batna,,Algeria,35.5578,6.18022
Stade Souidani Boujemaa,ES Guelma,,Algeria,36.468889,7.446111
Sergio Torres Stadium,C.D. Luis Ángel Firpo,,El Salvador,13.349722,-88.437778
Telus Stadium,Laval University Rouge et Or football,,Canada,46.7838,-71.2797
The Den,Millwall F.C.,,United Kingdom,51.485833,-0.050833
Mineirão,Cruzeiro E.C.,,Brazil,-19.865833,-43.970833
Estadio Municipal Germán Becker,Deportes Temuco,,Chile,-38.742778,-72.619722
Estadio Municipal Germán Becker,Unión Temuco,,Chile,-38.742778,-72.619722
Estadio Municipal Germán Becker,Q5774980,,Chile,-38.742778,-72.619722
Estadio Municipal Germán Becker,Provincial Temuco,,Chile,-38.742778,-72.619722
Twickenham Stadium,England men’s national rugby union team,,United Kingdom,51.456111111,-0.341666666
Twickenham Stadium,2015 Rugby World Cup,,United Kingdom,51.456111111,-0.341666666
Twickenham Stadium,1999 Rugby World Cup,,United Kingdom,51.456111111,-0.341666666
Twickenham Stadium,1991 Rugby World Cup,,United Kingdom,51.456111111,-0.341666666
Q3495829,,,France,50.429138,2.949808
Stade Raphaël Babet,AJ Petite-Île,,France,-21.37836,55.61466
Stade Raphaël Babet,AS Excelsior,,France,-21.37836,55.61466
René-Hologne stadium,Vesoul Haute-Saône,,France,47.6244,6.16828
Stade Richter,,,France,43.602222,3.898056
Stade Robert Bobin,Paris FC,,France,48.62217,2.39294
Estadio Roberto Martínez Ávila,,,Honduras,14.59008,-87.841342
Estadio Roberto Suazo Cordoba,Municipal Paceño,,Honduras,14.321416,-87.670764
Stade Roger Serzian,ASM Belfort,,France,47.65654,6.85463
Estadio Romelio Martínez,Q501399,,Colombia,10.993889,-74.806944
Estadio Romelio Martínez,Barranquilla F.C.,,Colombia,10.993889,-74.806944
Estadio Romelio Martínez,Deportivo Unicosta,,Colombia,10.993889,-74.806944
Estadio Romelio Martínez,Q18857738,,Colombia,10.993889,-74.806944
Estadio Romelio Martínez,Q25407417,,Colombia,10.993889,-74.806944
Estadio Romelio Martínez,Junior Women's,,Colombia,10.993889,-74.806944
Estadio Rubén Guifarro,Atlético Olanchano,,Honduras,14.842502,-85.886591
Roumdé Adjia Stadium,Coton Sport FC de Garoua,,Cameroon,9.32611111,13.39916667
Roumdé Adjia Stadium,Scorpion de Bey,,Cameroon,9.32611111,13.39916667
Stade Sabathé,Montpellier rugby club,,France,43.59804,3.86961
Stade Sabathé,Montpellier Red Devils,,France,43.59804,3.86961
Stade St. Claude,ASG Juventus de Sainte-Anne,,France,16.00539,-61.74174
Stade St. Claude,La Gauloise de Basse-Terre,,France,16.00539,-61.74174
Stade St. Claude,Racing Club de Basse-Terre,,France,16.00539,-61.74174
Q3495857,,,France,-21.16749,55.28896
Q3495859,,,France,45.8139,1.29253
Saint-Michel stadium,,,France,42.70734,3.0013
Saint-Michel stadium,,,France,42.7067,3.0038
Q3495861,Olympique Noisy-le-Sec,,France,48.88676,2.45807
Stade Sainte-Germain,Girondins de Bordeaux,,France,44.87036,-0.61829
Estadio San Cristóbal,Atlético Chiriquí,,Panama,8.420278,-82.4425
Estadio San Cristóbal,Chiriquí F.C.,,Panama,8.420278,-82.4425
Stade Sapiac,US Montauban,,France,44.01021,1.35174
Camping World Stadium,1990 UCF Knights football team,,United States,28.539166666,-81.402777777
Dignity Health Sports Park,LA Galaxy,,United States,33.864444444,-118.261111111
Dignity Health Sports Park,Chivas USA,,United States,33.864444444,-118.261111111
Dignity Health Sports Park,Los Angeles Sol,,United States,33.864444444,-118.261111111
Dignity Health Sports Park,San Diego State Aztecs,,United States,33.864444444,-118.261111111
Dignity Health Sports Park,2005 USA Outdoor Track and Field Championships,,United States,33.864444444,-118.261111111
Dignity Health Sports Park,LA Galaxy II,,United States,33.864444444,-118.261111111
Dignity Health Sports Park,2014 CrossFit Games,,United States,33.864444444,-118.261111111
Dignity Health Sports Park,2010 CrossFit Games,,United States,33.864444444,-118.261111111
Dignity Health Sports Park,2011 CrossFit Games,,United States,33.864444444,-118.261111111
Dignity Health Sports Park,2012 CrossFit Games,,United States,33.864444444,-118.261111111
Dignity Health Sports Park,2013 CrossFit Games,,United States,33.864444444,-118.261111111
Dignity Health Sports Park,2015 CrossFit Games,,United States,33.864444444,-118.261111111
Dignity Health Sports Park,Los Angeles Wildcats,,United States,33.864444444,-118.261111111
Independence Stadium,,,Zambia,-15.371064,28.269631
Pride Park Stadium,Derby County F.C.,,United Kingdom,52.915,-1.447222222
Stade Vélodrome,2007 Rugby World Cup,,France,43.269241,5.394907
Stade Vélodrome,Olympique de Marseille,,France,43.269241,5.394907
Stade Vélodrome,1960 European Nations' Cup,,France,43.269241,5.394907
Stade Vélodrome,UEFA Euro 1984,,France,43.269241,5.394907
Stade Vélodrome,UEFA Euro 2016,,France,43.269241,5.394907
Stade Vélodrome,Academie Ny Antsika,,France,43.269241,5.394907
Stade Vélodrome,Japan Actuel's FC,,France,43.269241,5.394907
Stade Vélodrome,ASSM Elgeco Plus,,France,43.269241,5.394907
Mestalla Stadium,Valencia CF,,Spain,39.474722,-0.358333
Ivan Hlinka Stadion,HC Litvínov,,Czech Republic,50.60564167,13.621375
Poprad Ice Stadium,HC Lev Poprad,,Slovakia,49.060556,20.311111
Poprad Ice Stadium,HK Poprad,,Slovakia,49.060556,20.311111
Millennium Stadium,2007 Rugby World Cup,,United Kingdom,51.478055555,-3.1825
Millennium Stadium,Wales men's national association football team,,United Kingdom,51.478055555,-3.1825
Millennium Stadium,2015 Rugby World Cup,,United Kingdom,51.478055555,-3.1825
Millennium Stadium,Wales national rugby union team,,United Kingdom,51.478055555,-3.1825
Millennium Stadium,1999 Rugby World Cup,,United Kingdom,51.478055555,-3.1825
Millennium Stadium,1991 Rugby World Cup,,United Kingdom,51.478055555,-3.1825
Newark Velodrome,,,United States,40.7424,-74.2174
Johan Cruyff Arena,Netherlands national association football team,,Netherlands,52.314166666,4.941944444
Johan Cruyff Arena,AFC Ajax,,Netherlands,52.314166666,4.941944444
Johan Cruyff Arena,UEFA Euro 2000,,Netherlands,52.314166666,4.941944444
Johan Cruyff Arena,UEFA Euro 2020,,Netherlands,52.314166666,4.941944444
Johan Cruyff Arena,Amsterdam Admirals,,Netherlands,52.314166666,4.941944444
Letzigrund,Grasshopper Club Zürich,,Switzerland,47.382791,8.503801
Letzigrund,FC Zürich,,Switzerland,47.382791,8.503801
Letzigrund,UEFA Euro 2008,,Switzerland,47.382791,8.503801
Letzigrund,2010 Weltklasse Zürich,,Switzerland,47.382791,8.503801
Letzigrund,2017 Swiss Athletics Championships,,Switzerland,47.382791,8.503801
Ibrox Stadium,Rangers F.C.,,United Kingdom,55.853055555,-4.309166666
Nova Gorica Sports Park,ND Gorica,,Slovenia,45.955931,13.641563
Al Bayt Stadium,,,Qatar,25.65222168,51.48777771
Education City Stadium,,,Qatar,25.310595,51.424274
Stade Municipal de Berkane,,,Morocco,34.9274,-2.32611
Stade Municipal de Berrechid,,,Morocco,33.4667,-7.98333
Q3496164,,,Ivory Coast,7.05023,-3.95643
Stade Municipal,Sabé Sports de Bouna,,Ivory Coast,9.27314,-2.98926
Stade Municipal,Q3216186,,Ivory Coast,6.88845,-6.45677
Stade Municipal,RC Daloa,,Ivory Coast,6.88845,-6.45677
Stade Municipal de Jendouba,Jendouba Sport,,Tunisia,36.4941,8.78214
Q3496172,,,Morocco,32.9394,-5.6675
Stade Bou Kornine,CS Hammam-Lif,,Tunisia,36.7273,10.3462
Q3496177,,,Ivory Coast,5.34189,-4.01882
Q3496179,,,Morocco,35.17696,-2.92143
Stade Municipal,KAC Kénitra,,Morocco,34.2527,-6.57155
Stade Municipal,Renaissance de Kenitra,,Morocco,34.2527,-6.57155
City Stadium in Toruń,,,Poland,53.0213,18.5906
Allées Jean Leroi Municipal Stadium,Blois Football 41,,France,47.58045,1.29916
Estadio El Birichiche,Fútbol Club Motagua Reservas,,Honduras,14.091212,-87.165318
Stade du 7 Novembre de Gafsa,EGS Gafsa,,Tunisia,34.4225,8.771667
Stade Élisabeth,,,France,48.82143,2.32741
Stadium Emile-Stahl,ASPV Strasbourg,,France,48.57922,7.78004
Stade Émile Mayrisch,CS Fola Esch,,Luxembourg,49.492222222,5.989722222
Estadio Dr. Óscar Monterroso Izaguirre,Juventud Retalteca,,Guatemala,14.54,-91.680556
Estadio Dr. Óscar Monterroso Izaguirre,Deportivo Reu,,Guatemala,14.54,-91.680556
Stadion Sportkompleks Abdysh-Ata,FC Abdish-Ata Kant,,Kyrgyzstan,42.8852,74.8681
Stadion Sportkompleks Abdysh-Ata,FC Kant-Oil,,Kyrgyzstan,42.8852,74.8681
Stadion Sportkompleks Abdysh-Ata,FC Abdish-Ata-91,,Kyrgyzstan,42.8852,74.8681
Stadion Sportkompleks Abdysh-Ata,FC Tsementnik Kant,,Kyrgyzstan,42.8852,74.8681
Lahti Stadium,2009 World Masters Athletics Championships,,Finland,60.983056,25.634167
Estadio Manuel Martínez Valero,Elche CF,,Spain,38.266944,-0.663333
Estadio Manuel Martínez Valero,Elche CF (women),,Spain,38.266944,-0.663333
Estadio Agustín Tovar,Zamora F.C.,,Venezuela,8.62443,-70.207401
Estadio Agustín Tovar,Internacional De Barinas FC,,Venezuela,8.62443,-70.207401
Estadio Agustín Tovar,Zamora F.C B,,Venezuela,8.62443,-70.207401
Bahtoo Stadium,Yadanarbon F.C.,,Myanmar,21.983333,96.1
San Diego Stadium,San Diego Sockers,,United States,32.783055555,-117.119444444
San Diego Stadium,1969 San Diego State Aztecs football team,,United States,32.783055555,-117.119444444
San Diego Stadium,1993 San Diego State Aztecs football team,,United States,32.783055555,-117.119444444
San Diego Stadium,1999 San Diego State Aztecs football team,,United States,32.783055555,-117.119444444
San Diego Stadium,2000 San Diego State Aztecs football team,,United States,32.783055555,-117.119444444
San Diego Stadium,2001 San Diego State Aztecs football team,,United States,32.783055555,-117.119444444
San Diego Stadium,2002 San Diego State Aztecs football team,,United States,32.783055555,-117.119444444
San Diego Stadium,2003 San Diego State Aztecs football team,,United States,32.783055555,-117.119444444
San Diego Stadium,2004 San Diego State Aztecs football team,,United States,32.783055555,-117.119444444
San Diego Stadium,2005 San Diego State Aztecs football team,,United States,32.783055555,-117.119444444
San Diego Stadium,2006 San Diego State Aztecs football team,,United States,32.783055555,-117.119444444
San Diego Stadium,2007 San Diego State Aztecs football team,,United States,32.783055555,-117.119444444
San Diego Stadium,2008 San Diego State Aztecs football team,,United States,32.783055555,-117.119444444
San Diego Stadium,2009 San Diego State Aztecs football team,,United States,32.783055555,-117.119444444
San Diego Stadium,2010 San Diego State Aztecs football team,,United States,32.783055555,-117.119444444
San Diego Stadium,2011 San Diego State Aztecs football team,,United States,32.783055555,-117.119444444
San Diego Stadium,2012 San Diego State Aztecs football team,,United States,32.783055555,-117.119444444
San Diego Stadium,2013 San Diego State Aztecs football team,,United States,32.783055555,-117.119444444
San Diego Stadium,2014 San Diego State Aztecs football team,,United States,32.783055555,-117.119444444
San Diego Stadium,2015 San Diego State Aztecs football team,,United States,32.783055555,-117.119444444
San Diego Stadium,2016 San Diego State Aztecs football team,,United States,32.783055555,-117.119444444
San Diego Stadium,1986 San Diego State Aztecs football team,,United States,32.783055555,-117.119444444
San Diego Stadium,1970 San Diego State Aztecs football team,,United States,32.783055555,-117.119444444
San Diego Stadium,1971 San Diego State Aztecs football team,,United States,32.783055555,-117.119444444
San Diego Stadium,1972 San Diego State Aztecs football team,,United States,32.783055555,-117.119444444
San Diego Stadium,1973 San Diego State Aztecs football team,,United States,32.783055555,-117.119444444
San Diego Stadium,1974 San Diego State Aztecs football team,,United States,32.783055555,-117.119444444
San Diego Stadium,1975 San Diego State Aztecs football team,,United States,32.783055555,-117.119444444
San Diego Stadium,1976 San Diego State Aztecs football team,,United States,32.783055555,-117.119444444
San Diego Stadium,1977 San Diego State Aztecs football team,,United States,32.783055555,-117.119444444
San Diego Stadium,1978 San Diego State Aztecs football team,,United States,32.783055555,-117.119444444
San Diego Stadium,1979 San Diego State Aztecs football team,,United States,32.783055555,-117.119444444
San Diego Stadium,1980 San Diego State Aztecs football team,,United States,32.783055555,-117.119444444
San Diego Stadium,1981 San Diego State Aztecs football team,,United States,32.783055555,-117.119444444
San Diego Stadium,1983 San Diego State Aztecs football team,,United States,32.783055555,-117.119444444
San Diego Stadium,1982 San Diego State Aztecs football team,,United States,32.783055555,-117.119444444
San Diego Stadium,1984 San Diego State Aztecs football team,,United States,32.783055555,-117.119444444
San Diego Stadium,1985 San Diego State Aztecs football team,,United States,32.783055555,-117.119444444
San Diego Stadium,1987 San Diego State Aztecs football team,,United States,32.783055555,-117.119444444
San Diego Stadium,1989 San Diego State Aztecs football team,,United States,32.783055555,-117.119444444
San Diego Stadium,1988 San Diego State Aztecs football team,,United States,32.783055555,-117.119444444
San Diego Stadium,1990 San Diego State Aztecs football team,,United States,32.783055555,-117.119444444
San Diego Stadium,1991 San Diego State Aztecs football team,,United States,32.783055555,-117.119444444
San Diego Stadium,1992 San Diego State Aztecs football team,,United States,32.783055555,-117.119444444
San Diego Stadium,1994 San Diego State Aztecs football team,,United States,32.783055555,-117.119444444
San Diego Stadium,1995 San Diego State Aztecs football team,,United States,32.783055555,-117.119444444
San Diego Stadium,1996 San Diego State Aztecs football team,,United States,32.783055555,-117.119444444
San Diego Stadium,1997 San Diego State Aztecs football team,,United States,32.783055555,-117.119444444
San Diego Stadium,1998 San Diego State Aztecs football team,,United States,32.783055555,-117.119444444
San Diego Stadium,1968 San Diego State Aztecs football team,,United States,32.783055555,-117.119444444
San Diego Stadium,1967 San Diego State Aztecs football team,,United States,32.783055555,-117.119444444
San Diego Stadium,2017 San Diego State Aztecs football team,,United States,32.783055555,-117.119444444
San Diego Stadium,2018 San Diego State Aztecs football team,,United States,32.783055555,-117.119444444
San Diego Stadium,San Diego Fleet,,United States,32.783055555,-117.119444444
Q957258,Atlético Cajazeirense de Desportos,,Brazil,-6.900833,-38.566111
Q957258,Serra Branca Esporte Clube,,Brazil,-6.900833,-38.566111
Castelão,Fortaleza E.C.,,Brazil,-3.807267,-38.522481
Castelão,Guarany Sporting Club,,Brazil,-3.807267,-38.522481
Castelão,Q9724464,,Brazil,-3.807267,-38.522481
Castelão,Q10367797,,Brazil,-3.807267,-38.522481
Thai-Japanese Stadium,Bangkok United F.C.,,Thailand,13.76657,100.552823
Thai-Japanese Stadium,Hi-Tech Basketball Club,,Thailand,13.76657,100.552823
Thai-Japanese Stadium,futsal at the 2005 Asian Indoor Games,,Thailand,13.76657,100.552823
Thai-Japanese Stadium,2016 Asian Wrestling Championships,,Thailand,13.76657,100.552823
The Valley,Charlton Athletic F.C.,,United Kingdom,51.487489,0.035632
The Valley,Redditch United F.C.,,United Kingdom,51.487489,0.035632
The Valley,London Broncos,,United Kingdom,51.487489,0.035632
The Valley,Charlton Athletic W.F.C.,,United Kingdom,51.487489,0.035632
Q959705,Esporte Clube Jacuipense,,Brazil,-11.807778,-39.379167
Zielona Góra Speedway Stadium,,,Poland,51.9296,15.5301
Stade de Marchan,,,Morocco,35.78944444,-5.82222222
club real pollin estadio,Club Deportivo Huachipato,,Chile,-36.755556,-73.107222
Campo de São Paulo,,,Angola,-8.8322,13.2606
Stade du 4 Août,ASFA Yennenga,,Burkina Faso,12.36869444,-1.55344444
Stade du 4 Août,Étoile Filante de Ouagadougou,,Burkina Faso,12.36869444,-1.55344444
Stade du 4 Août,Commune FC,,Burkina Faso,12.36869444,-1.55344444
Stade du 4 Août,Salimata et Taséré FC,,Burkina Faso,12.36869444,-1.55344444
FK Žalgiris Home Stadium,Lithuania men's national football team,,Lithuania,54.6685,25.2947
FK Žalgiris Home Stadium,FK Polonija,,Lithuania,54.6685,25.2947
FK Žalgiris Home Stadium,FK Žalgiris,,Lithuania,54.6685,25.2947
FK Žalgiris Home Stadium,FC Vilnius,,Lithuania,54.6685,25.2947
FK Žalgiris Home Stadium,FK Vėtra,,Lithuania,54.6685,25.2947
FK Žalgiris Home Stadium,FK Neris Vilnius,,Lithuania,54.6685,25.2947
FK Žalgiris Home Stadium,FK Riteriai,,Lithuania,54.6685,25.2947
FK Žalgiris Home Stadium,FC Vilniaus Vytis,,Lithuania,54.6685,25.2947
FK Žalgiris Home Stadium,FK Žalgiris B,,Lithuania,54.6685,25.2947
Central Coast Stadium,Central Coast Mariners FC,,Australia,-33.428333,151.338056
Central Coast Stadium,2003 Rugby World Cup,,Australia,-33.428333,151.338056
Central Coast Stadium,Central Coast Mariners FC W-League,,Australia,-33.428333,151.338056
Estadio La Asunción,Deportivo Mictlán,,Guatemala,14.33777778,-89.71444444
Kolos Stadium,FC Borysfen Boryspil,,Ukraine,50.354083,30.952167
Stade 24 Fevrier 1956,USM Bel-Abbès,,Algeria,35.184916666,-0.621638888
Estadio Municipal de San Felipe,Q8347093,,Chile,-32.746944,-70.73
Estadio Nelson Fernández,Huracanes de Mayabeque,,Cuba,22.96388889,-82.14472222
National Hockey Stadium of Argentina,,,Argentina,-34.743056,-58.252222
Estadio Nido del Colibri,,,Mexico,18.97041389,-99.24660833
Estadio Parque Barrio Ilolay,Club Sportivo Ben Hur,,Argentina,-31.26362,-61.49721
Raúl Conti Stadium,Club Social y Atlético Guillermo Brown,,Argentina,-42.77802222,-65.03839444
Estadio Salto del Caballo,CD Toledo,,Spain,39.869,-4.018088888
Estadio Salto del Caballo,CD Toledo B,,Spain,39.869,-4.018088888
Estadio Rubén Marcos Peralta,Provincial Osorno,,Chile,-40.583333,-73.131667
Estadio Rubén Marcos Peralta,Deportes Provincial Osorno,,Chile,-40.583333,-73.131667
Estadio Santiago Bueras,Club Deportivo Magallanes,,Chile,-33.507458,-70.749122
Estadio Santiago Bueras,Q18920609,,Chile,-33.507458,-70.749122
Sportivo Barracas Stadium,,,Argentina,-34.651236196,-58.386917991
Estadio Sixto Escobar,athletics at the 1979 Pan American Games,,United States,18.465278,-66.088889
Estadio Sixto Escobar,1989 Central American and Caribbean Championships in Athletics,,United States,18.465278,-66.088889
Estadio Sixto Escobar,1997 Central American and Caribbean Championships in Athletics,,United States,18.465278,-66.088889
Estadio Sixto Escobar,2000 Central American and Caribbean Junior Championships in Athletics,,United States,18.465278,-66.088889
Estadio Sixto Escobar,1983 World Masters Athletics Championships,,United States,18.465278,-66.088889
Estadio Templo del Dolor,,,Mexico,19.055111111,-98.285111111
Estadio Panamericano de Béisbol,athletics at the 2011 Pan American Games,,Mexico,20.7277,-103.381
Estadio Teodoro Mariscal,,,Mexico,23.2358723,-106.4323417
Estadio Tierra de Campeones,Deportes Iquique,,Chile,-20.242413,-70.132937
Estadio Tierra de Campeones,2008 Ibero-American Championships in Athletics,,Chile,-20.242413,-70.132937
Estadio Unidad Deportiva,"Club Deportivo Inter Playa del Carmen, A.C.",,Mexico,20.6345971,-87.0694745
Estadio Unidad Deportiva,Q21050547,,Mexico,20.6345971,-87.0694745
Estadio USACH,,,Chile,-33.45027778,-70.69083333
Estadio de Béisbol Alberto Romo Chávez,,,Mexico,21.88,-102.27416667
Hanga Roa Stadium,CF Rapa Nui,,Chile,-27.1475,-109.42972222
Estadio de Fútbol de la Universidad Simón Bolívar,,,Venezuela,10.4125,-66.8886
Estadio de Los Inmigrantes,Sportivo Dock Sud,,Argentina,-34.65771,-58.34443
Estadio Municipal de Linarejos,CD Linares,,Spain,38.102995,-3.622964
Estadio Municipal de Linarejos,Linares CF,,Spain,38.102995,-3.622964
Estadio Municipal de Linarejos,Linares Deportivo,,Spain,38.102995,-3.622964
Estadio de Vallehermoso,1962 Ibero-American Games,,Spain,40.441667,-3.71
Estadio de la Victoria,,,Spain,37.77522,-3.76734
Estes Stadium,2011 Central Arkansas Bears football team,,United States,35.0803,-92.4603
Estes Stadium,2012 Central Arkansas Bears football team,,United States,35.0803,-92.4603
Estes Stadium,Central Arkansas Bears football,,United States,35.0803,-92.4603
Estes Stadium,Central Arkansas Bears and Sugar Bears,,United States,35.0803,-92.4603
Estes Stadium,2013 Central Arkansas Bears football team,,United States,35.0803,-92.4603
Estes Stadium,2014 Central Arkansas Bears football team,,United States,35.0803,-92.4603
Estes Stadium,2015 Central Arkansas Bears football team,,United States,35.0803,-92.4603
Estes Stadium,2016 Central Arkansas Bears football team,,United States,35.0803,-92.4603
Estes Stadium,2018 Central Arkansas Bears football team,,United States,35.0803,-92.4603
Esther Shiner Stadium,North York Astros,,Canada,43.7756,-79.4467
Esther Shiner Stadium,North York Rockets,,Canada,43.7756,-79.4467
Esther Shiner Stadium,FC Ukraine United,,Canada,43.7756,-79.4467
Estádio Adelino Ribeiro Novo,,,Portugal,41.533611111,-8.610277777
Estádio Aluízio Ferreira,Sport Club Genus de Porto Velho,,Brazil,-8.757222,-63.910556
Estádio Aluízio Ferreira,Clube de Futebol da Amazônia,,Brazil,-8.757222,-63.910556
Estádio Aluízio Ferreira,Clube de Regatas Flamengo (RO),,Brazil,-8.757222,-63.910556
Estádio Aluízio Ferreira,Cruzeiro Esporte Clube,,Brazil,-8.757222,-63.910556
Estádio Aluízio Ferreira,Ferroviário Atlético Clube,,Brazil,-8.757222,-63.910556
Estádio Aluízio Ferreira,Moto Esporte Clube,,Brazil,-8.757222,-63.910556
Estádio Aluízio Ferreira,Sport Clube Shallon,,Brazil,-8.757222,-63.910556
Estádio Aluízio Ferreira,Botafogo Futebol Clube (RO),,Brazil,-8.757222,-63.910556
Estádio Aluízio Ferreira,Q10351858,,Brazil,-8.757222,-63.910556
Estádio Aluízio Ferreira,Q20061144,,Brazil,-8.757222,-63.910556
Estádio Aluízio Ferreira,Rondoniense Social Clube,,Brazil,-8.757222,-63.910556
Estádio Anísio Haddad,Rio Preto Esporte Clube,,Brazil,-20.834722,-49.401111
Estádio Municipal do Marco de Canaveses,F.C. Marco,,Portugal,41.193,-8.146
Estádio Municipal do Marco de Canaveses,AD Marco 09,,Portugal,41.193,-8.146
Estádio Arthur Marinho,Corumbaense Futebol Clube,,Brazil,-19.002778,-57.664444
Estádio Arthur Marinho,Pantanal Futebol Clube,,Brazil,-19.002778,-57.664444
Estádio Arthur Marinho,Q9633709,,Brazil,-19.002778,-57.664444
Estádio Arthur Marinho,Q10360596,,Brazil,-19.002778,-57.664444
Estádio Bento de Abreu,Marília Atlético Clube,,Brazil,-22.219478,-49.939406
Estádio Bento de Abreu,Q9633655,,Brazil,-22.219478,-49.939406
Estádio Carlos Osório,U.D. Oliveirense,,Portugal,40.8419,-8.4703
Estádio Carlos de Alencar Pinto,,,Brazil,-3.746389,-38.545278
Estádio Conde Dias Garcia,A.D. Sanjoanense,,Portugal,40.898239,-8.499072
Estádio Castor Cifuentes,Villa Nova Atlético Clube,,Brazil,-19.9875,-43.844722222
Estádio Castor Cifuentes,Coimbra Esporte Clube,,Brazil,-19.9875,-43.844722222
Estádio Conselheiro Galvão,Madureira Esporte Clube,,Brazil,-22.869767,-43.337275
Estádio Cornélio de Barros,Salgueiro Atlético Clube,,Brazil,-8.075833,-39.119444
Estádio Edgar Borges Montenegro,Associação Sportiva Sociedade Unida,,Brazil,-5.598056,-36.908333
Estádio Décio Vitta,Rio Branco Esporte Clube,,Brazil,-22.734428,-47.348008
Estádio Engenheiro Vidal Pinheiro,,,Portugal,41.169,-8.599
Estádio Engenheiro Alencar Araripe,Associação Desportiva Ferroviária,,Brazil,-20.334444,-40.355833
Estádio Engenheiro Alencar Araripe,Q20053716,,Brazil,-20.334444,-40.355833
Estádio Imbomdeiro,Académica Petróleo Kwanda Soyo,,Angola,-6.13333,12.35
Estádio Imbomdeiro,Esperança Real FC do Congo,,Angola,-6.13333,12.35
Estádio Giulite Coutinho,America Football Club,,Brazil,-22.795278,-43.419722
Estádio Ismael Benigno,Nacional Fast Clube,,Brazil,-3.121944,-60.037778
Estádio Ismael Benigno,São Raimundo Esporte Clube,,Brazil,-3.121944,-60.037778
Estádio Ismael Benigno,Q9633675,,Brazil,-3.121944,-60.037778
Estádio Ismael Benigno,Q10275136,,Brazil,-3.121944,-60.037778
Estádio Ismael Benigno,Esporte Clube Tarumã,,Brazil,-3.121944,-60.037778
Estádio Ismael Benigno,Q10292324,,Brazil,-3.121944,-60.037778
Estádio Ismael Benigno,Q19608916,,Brazil,-3.121944,-60.037778
Estádio Ismael Benigno,Manaus Futebol Clube,,Brazil,-3.121944,-60.037778
Estádio Jader Barbalho,São Raimundo Esporte Clube,,Brazil,-2.443853,-54.714661
Estádio Jader Barbalho,São Francisco Futebol Clube,,Brazil,-2.443853,-54.714661
Estádio Jader Barbalho,Tapajós Futebol Clube,,Brazil,-2.443853,-54.714661
Estádio Jader Barbalho,Q48868345,,Brazil,-2.443853,-54.714661
Estádio Jayme Cintra,Paulista Futebol Clube,,Brazil,-23.188308,-46.859281
Estádio Joaquim Morais,Atlético Petróleos do Namibe,,Angola,-15.20138889,12.15805556
Estádio Joaquim Calmon,América Futebol Clube,,Brazil,-19.395,-40.06388889
Estádio Joaquim Calmon,Linhares Futebol Clube,,Brazil,-19.395,-40.06388889
Estádio Joaquim Calmon,Q16489708,,Brazil,-19.395,-40.06388889
Soghlom Avlod Stadium,FK Andijan,,Uzbekistan,40.813663,72.329307
Jaskółcze Gniazdo Municipal Stadium,,,Poland,50.0088,20.925
City Stadium Grudziądz,Olimpia Grudziądz,,Poland,53.48805556,18.75944444
Stadion Oporowska,,,Poland,51.0961,16.9969
Stadion ETO,Győri ETO FC II,,Hungary,47.696419,17.664428
Perth Rectangular Stadium,Perth Glory FC,,Australia,-31.945751164,115.869923754
Perth Rectangular Stadium,Western Force,,Australia,-31.945751164,115.869923754
Perth Rectangular Stadium,Perth Glory FC W-League,,Australia,-31.945751164,115.869923754
Great American Ball Park,Cincinnati Reds,,United States,39.097222222,-84.506944444
Linköping Arena,Linköpings FC,,Sweden,58.418055555,15.649166666
Linköping Arena,FC Linköping City,,Sweden,58.418055555,15.649166666
Wulihe Stadium,,,People's Republic of China,41.7562,123.426
Guangdong Provincial People's Stadium,,,People's Republic of China,23.12711,113.278672
Datianwan Stadium,,,People's Republic of China,29.55714444,106.5413
emam reeza  Stadium,Aboomoslem F.C.,,Iran,36.425944,59.383829
emam reeza  Stadium,Siah Jamegan F.C.,,Iran,36.425944,59.383829
Sham Shui Po Sports Ground,Hong Kong Rangers FC,,People's Republic of China,22.3371,114.152
Sham Shui Po Sports Ground,Sham Shui Po SA,,People's Republic of China,22.3371,114.152
Rah Ahan Stadium,Rah Ahan F.C.,,Iran,35.708527777,51.314833333
Kingdome,Seattle SuperSonics,,United States,47.595555555,-122.333055555
Estadio El Teniente,O'Higgins F.C.,,Chile,-34.177777777,-70.7375
Estadio El Teniente,Q5553734,,Chile,-34.177777777,-70.7375
Estadio El Teniente,O'Higgins Braden,,Chile,-34.177777777,-70.7375
Estadio El Teniente,Q16491065,,Chile,-34.177777777,-70.7375
Hong Kong Stadium,Hong Kong Pegasus FC,,People's Republic of China,22.272861111,114.188444444
Hong Kong Stadium,South China AA,,People's Republic of China,22.272861111,114.188444444
Bryant–Denny Stadium,Alabama Crimson Tide,,United States,33.207777777,-87.550555555
Bryant–Denny Stadium,1929 Alabama Crimson Tide football team,,United States,33.207777777,-87.550555555
Bryant–Denny Stadium,1930 Alabama Crimson Tide football team,,United States,33.207777777,-87.550555555
Bryant–Denny Stadium,1931 Alabama Crimson Tide football team,,United States,33.207777777,-87.550555555
Bryant–Denny Stadium,1932 Alabama Crimson Tide football team,,United States,33.207777777,-87.550555555
Bryant–Denny Stadium,1933 Alabama Crimson Tide football team,,United States,33.207777777,-87.550555555
Bryant–Denny Stadium,1934 Alabama Crimson Tide football team,,United States,33.207777777,-87.550555555
Bryant–Denny Stadium,1935 Alabama Crimson Tide football team,,United States,33.207777777,-87.550555555
Bryant–Denny Stadium,1936 Alabama Crimson Tide football team,,United States,33.207777777,-87.550555555
Bryant–Denny Stadium,1938 Alabama Crimson Tide football team,,United States,33.207777777,-87.550555555
Bryant–Denny Stadium,1939 Alabama Crimson Tide football team,,United States,33.207777777,-87.550555555
Bryant–Denny Stadium,1940 Alabama Crimson Tide football team,,United States,33.207777777,-87.550555555
Bryant–Denny Stadium,1942 Alabama Crimson Tide football team,,United States,33.207777777,-87.550555555
Bryant–Denny Stadium,1944 Alabama Crimson Tide football team,,United States,33.207777777,-87.550555555
Bryant–Denny Stadium,1945 Alabama Crimson Tide football team,,United States,33.207777777,-87.550555555
Bryant–Denny Stadium,1946 Alabama Crimson Tide football team,,United States,33.207777777,-87.550555555
Bryant–Denny Stadium,1948 Alabama Crimson Tide football team,,United States,33.207777777,-87.550555555
Bryant–Denny Stadium,1949 Alabama Crimson Tide football team,,United States,33.207777777,-87.550555555
Bryant–Denny Stadium,1950 Alabama Crimson Tide football team,,United States,33.207777777,-87.550555555
Bryant–Denny Stadium,1951 Alabama Crimson Tide football team,,United States,33.207777777,-87.550555555
Bryant–Denny Stadium,1952 Alabama Crimson Tide football team,,United States,33.207777777,-87.550555555
Bryant–Denny Stadium,1953 Alabama Crimson Tide football team,,United States,33.207777777,-87.550555555
Bryant–Denny Stadium,1954 Alabama Crimson Tide football team,,United States,33.207777777,-87.550555555
Bryant–Denny Stadium,1955 Alabama Crimson Tide football team,,United States,33.207777777,-87.550555555
Bryant–Denny Stadium,1957 Alabama Crimson Tide football team,,United States,33.207777777,-87.550555555
Bryant–Denny Stadium,1959 Alabama Crimson Tide football team,,United States,33.207777777,-87.550555555
Bryant–Denny Stadium,1960 Alabama Crimson Tide football team,,United States,33.207777777,-87.550555555
Bryant–Denny Stadium,1979 Alabama Crimson Tide football team,,United States,33.207777777,-87.550555555
Bryant–Denny Stadium,1983 Alabama Crimson Tide football team,,United States,33.207777777,-87.550555555
Bryant–Denny Stadium,1984 Alabama Crimson Tide football team,,United States,33.207777777,-87.550555555
Bryant–Denny Stadium,1985 Alabama Crimson Tide football team,,United States,33.207777777,-87.550555555
Bryant–Denny Stadium,1986 Alabama Crimson Tide football team,,United States,33.207777777,-87.550555555
Bryant–Denny Stadium,1988 Alabama Crimson Tide football team,,United States,33.207777777,-87.550555555
Bryant–Denny Stadium,1989 Alabama Crimson Tide football team,,United States,33.207777777,-87.550555555
Bryant–Denny Stadium,1990 Alabama Crimson Tide football team,,United States,33.207777777,-87.550555555
Bryant–Denny Stadium,1991 Alabama Crimson Tide football team,,United States,33.207777777,-87.550555555
Bryant–Denny Stadium,1992 Alabama Crimson Tide football team,,United States,33.207777777,-87.550555555
Bryant–Denny Stadium,1993 Alabama Crimson Tide football team,,United States,33.207777777,-87.550555555
Bryant–Denny Stadium,1994 Alabama Crimson Tide football team,,United States,33.207777777,-87.550555555
Bryant–Denny Stadium,1995 Alabama Crimson Tide football team,,United States,33.207777777,-87.550555555
Bryant–Denny Stadium,1996 Alabama Crimson Tide football team,,United States,33.207777777,-87.550555555
Bryant–Denny Stadium,1997 Alabama Crimson Tide football team,,United States,33.207777777,-87.550555555
Bryant–Denny Stadium,1998 Alabama Crimson Tide football team,,United States,33.207777777,-87.550555555
Bryant–Denny Stadium,1999 Alabama Crimson Tide football team,,United States,33.207777777,-87.550555555
Bryant–Denny Stadium,2000 Alabama Crimson Tide football team,,United States,33.207777777,-87.550555555
Bryant–Denny Stadium,2001 Alabama Crimson Tide football team,,United States,33.207777777,-87.550555555
Bryant–Denny Stadium,2002 Alabama Crimson Tide football team,,United States,33.207777777,-87.550555555
Bryant–Denny Stadium,2003 Alabama Crimson Tide football team,,United States,33.207777777,-87.550555555
Bryant–Denny Stadium,2004 Alabama Crimson Tide football team,,United States,33.207777777,-87.550555555
Bryant–Denny Stadium,2005 Alabama Crimson Tide football team,,United States,33.207777777,-87.550555555
Bryant–Denny Stadium,2006 Alabama Crimson Tide football team,,United States,33.207777777,-87.550555555
Bryant–Denny Stadium,2007 Alabama Crimson Tide football team,,United States,33.207777777,-87.550555555
Bryant–Denny Stadium,2008 Alabama Crimson Tide football team,,United States,33.207777777,-87.550555555
Bryant–Denny Stadium,2009 Alabama Crimson Tide football team,,United States,33.207777777,-87.550555555
Bryant–Denny Stadium,2010 Alabama Crimson Tide football team,,United States,33.207777777,-87.550555555
Bryant–Denny Stadium,2011 Alabama Crimson Tide football team,,United States,33.207777777,-87.550555555
Bryant–Denny Stadium,2012 Alabama Crimson Tide football team,,United States,33.207777777,-87.550555555
Bryant–Denny Stadium,2013 Alabama Crimson Tide football team,,United States,33.207777777,-87.550555555
Bryant–Denny Stadium,Alabama Crimson Tide football,,United States,33.207777777,-87.550555555
Bryant–Denny Stadium,1963 Alabama Crimson Tide football team,,United States,33.207777777,-87.550555555
Bryant–Denny Stadium,1966 Alabama Crimson Tide football team,,United States,33.207777777,-87.550555555
Bryant–Denny Stadium,1961 Alabama Crimson Tide football team,,United States,33.207777777,-87.550555555
Bryant–Denny Stadium,2014 Alabama Crimson Tide football team,,United States,33.207777777,-87.550555555
Bryant–Denny Stadium,Alabama Crimson Tide football under Nick Saban,,United States,33.207777777,-87.550555555
Bryant–Denny Stadium,1937 Alabama Crimson Tide football team,,United States,33.207777777,-87.550555555
Bryant–Denny Stadium,1941 Alabama Crimson Tide football team,,United States,33.207777777,-87.550555555
Bryant–Denny Stadium,1962 Alabama Crimson Tide football team,,United States,33.207777777,-87.550555555
Bryant–Denny Stadium,1964 Alabama Crimson Tide football team,,United States,33.207777777,-87.550555555
Bryant–Denny Stadium,1965 Alabama Crimson Tide football team,,United States,33.207777777,-87.550555555
Bryant–Denny Stadium,1967 Alabama Crimson Tide football team,,United States,33.207777777,-87.550555555
Bryant–Denny Stadium,1968 Alabama Crimson Tide football team,,United States,33.207777777,-87.550555555
Bryant–Denny Stadium,1969 Alabama Crimson Tide football team,,United States,33.207777777,-87.550555555
Bryant–Denny Stadium,1970 Alabama Crimson Tide football team,,United States,33.207777777,-87.550555555
Bryant–Denny Stadium,1971 Alabama Crimson Tide football team,,United States,33.207777777,-87.550555555
Bryant–Denny Stadium,1947 Alabama Crimson Tide football team,,United States,33.207777777,-87.550555555
Bryant–Denny Stadium,1958 Alabama Crimson Tide football team,,United States,33.207777777,-87.550555555
Bryant–Denny Stadium,1973 Alabama Crimson Tide football team,,United States,33.207777777,-87.550555555
Bryant–Denny Stadium,1972 Alabama Crimson Tide football team,,United States,33.207777777,-87.550555555
Bryant–Denny Stadium,1974 Alabama Crimson Tide football team,,United States,33.207777777,-87.550555555
Bryant–Denny Stadium,1975 Alabama Crimson Tide football team,,United States,33.207777777,-87.550555555
Bryant–Denny Stadium,1976 Alabama Crimson Tide football team,,United States,33.207777777,-87.550555555
Bryant–Denny Stadium,2015 Alabama Crimson Tide football team,,United States,33.207777777,-87.550555555
Bryant–Denny Stadium,1977 Alabama Crimson Tide football team,,United States,33.207777777,-87.550555555
Bryant–Denny Stadium,1978 Alabama Crimson Tide football team,,United States,33.207777777,-87.550555555
Bryant–Denny Stadium,1980 Alabama Crimson Tide football team,,United States,33.207777777,-87.550555555
Bryant–Denny Stadium,1981 Alabama Crimson Tide football team,,United States,33.207777777,-87.550555555
Bryant–Denny Stadium,1982 Alabama Crimson Tide football team,,United States,33.207777777,-87.550555555
Bryant–Denny Stadium,2016 Alabama Crimson Tide football team,,United States,33.207777777,-87.550555555
Bryant–Denny Stadium,2017 Alabama Crimson Tide football team,,United States,33.207777777,-87.550555555
Bryant–Denny Stadium,2018 Alabama Crimson Tide football team,,United States,33.207777777,-87.550555555
Bryant–Denny Stadium,2019 Alabama Crimson Tide football team,,United States,33.207777777,-87.550555555
Tseung Kwan O Sports Ground,athletics at the 2009 East Asian Games,,People's Republic of China,22.311292,114.263417
Tseung Kwan O Sports Ground,Lee Man FC,,People's Republic of China,22.311292,114.263417
Tseung Kwan O Sports Ground,2019 Asian Youth Athletics Championships,,People's Republic of China,22.311292,114.263417
HFC Bank Stadium,Cook Islands women's national football team,,Fiji,-18.15007222,178.44908611
HFC Bank Stadium,1990 Oceania Athletics Championships,,Fiji,-18.15007222,178.44908611
HFC Bank Stadium,Suva F.C.,,Fiji,-18.15007222,178.44908611
HFC Bank Stadium,Central Parade F.C.,,Fiji,-18.15007222,178.44908611
HFC Bank Stadium,Santos F.C.,,Fiji,-18.15007222,178.44908611
HFC Bank Stadium,1997 Oceania Youth Athletics Championships,,Fiji,-18.15007222,178.44908611
HFC Bank Stadium,2016 Melanesian Championships in Athletics,,Fiji,-18.15007222,178.44908611
HFC Bank Stadium,2017 Oceania Athletics Championships,,Fiji,-18.15007222,178.44908611
HFC Bank Stadium,2017 Oceania U20 Athletics Championships,,Fiji,-18.15007222,178.44908611
HFC Bank Stadium,2017 Oceania U18 Athletics Championships,,Fiji,-18.15007222,178.44908611
SeatGeek Stadium,Chicago Fire U-23,,United States,41.764722222,-87.806111111
SeatGeek Stadium,Chicago Stars FC,,United States,41.764722222,-87.806111111
SeatGeek Stadium,Chicago Fire NPSL,,United States,41.764722222,-87.806111111
SeatGeek Stadium,Chicago Hounds,,United States,41.764722222,-87.806111111
Stade Buffalo,,,France,48.811583,2.322038
Gany Muratbayev Stadium,FC Kaisar,,Kazakhstan,44.826029,65.503439
Gany Muratbayev Stadium,FC Kaisar,,Soviet Union,44.826029,65.503439
Buniamshof,FFC Oldesloe 2000,,Germany,53.8583,10.6813
Qingdao Tiantai Stadium,Qingdao Hainiu F.C.,,People's Republic of China,36.058847,120.344389
Busch Memorial Stadium,St. Louis Stars,,United States,38.623888888,-90.1925
Changchun City Stadium,Changchun Yatai F.C.,,People's Republic of China,43.86414444,125.33686111
CASA Arena Horsens,AC Horsens,,Denmark,55.8716,9.8576
Murrayfield Stadium,2007 Rugby World Cup,,United Kingdom,55.942231,-3.240921
Murrayfield Stadium,Edinburgh Rugby,,United Kingdom,55.942231,-3.240921
Murrayfield Stadium,Scottish Claymores,,United Kingdom,55.942231,-3.240921
Murrayfield Stadium,1999 Rugby World Cup,,United Kingdom,55.942231,-3.240921
Murrayfield Stadium,1991 Rugby World Cup,,United Kingdom,55.942231,-3.240921
Murrayfield Stadium,2016 Pro12 Grand Final,,United Kingdom,55.942231,-3.240921
Murrayfield Stadium,Edinburgh Wanderers,,United Kingdom,55.942231,-3.240921
Astrodome,Houston Stars,,United States,29.685,-95.407777777
Astrodome,Houston Hurricane,,United States,29.685,-95.407777777
Astrodome,1967 Houston Cougars football team,,United States,29.685,-95.407777777
Astrodome,1968 Houston Cougars football team,,United States,29.685,-95.407777777
Astrodome,1969 Houston Cougars football team,,United States,29.685,-95.407777777
Astrodome,1973 Houston Cougars football team,,United States,29.685,-95.407777777
Astrodome,1976 Houston Cougars football team,,United States,29.685,-95.407777777
Astrodome,1989 Houston Cougars football team,,United States,29.685,-95.407777777
Astrodome,Shreveport Steamer,,United States,29.685,-95.407777777
Astrodome,1978 Houston Cougars football team,,United States,29.685,-95.407777777
Astrodome,1979 Houston Cougars football team,,United States,29.685,-95.407777777
Astrodome,1984 Houston Cougars football team,,United States,29.685,-95.407777777
Astrodome,1992 Houston Cougars football team,,United States,29.685,-95.407777777
Astrodome,1981 Houston Cougars football team,,United States,29.685,-95.407777777
Astrodome,1988 Houston Cougars football team,,United States,29.685,-95.407777777
Caledonian Stadium,Inverness Caledonian Thistle F.C.,,United Kingdom,57.494722,-4.2175
California Memorial Stadium,California Golden Bears,,United States,37.871111111,-122.250833333
California Memorial Stadium,California Golden Bears football,,United States,37.871111111,-122.250833333
California Memorial Stadium,1937 California Golden Bears football team,,United States,37.871111111,-122.250833333
California Memorial Stadium,1937 NCAA Men's Track and Field Championships,,United States,37.871111111,-122.250833333
California Memorial Stadium,1958 California Golden Bears football team,,United States,37.871111111,-122.250833333
California Memorial Stadium,1973 California Golden Bears football team,,United States,37.871111111,-122.250833333
California Memorial Stadium,1974 California Golden Bears football team,,United States,37.871111111,-122.250833333
California Memorial Stadium,1975 California Golden Bears football team,,United States,37.871111111,-122.250833333
California Memorial Stadium,1979 California Golden Bears football team,,United States,37.871111111,-122.250833333
California Memorial Stadium,1984 California Golden Bears football team,,United States,37.871111111,-122.250833333
California Memorial Stadium,1991 California Golden Bears football team,,United States,37.871111111,-122.250833333
California Memorial Stadium,1997 California Golden Bears football team,,United States,37.871111111,-122.250833333
California Memorial Stadium,1998 California Golden Bears football team,,United States,37.871111111,-122.250833333
California Memorial Stadium,1999 California Golden Bears football team,,United States,37.871111111,-122.250833333
California Memorial Stadium,2000 California Golden Bears football team,,United States,37.871111111,-122.250833333
California Memorial Stadium,2001 California Golden Bears football team,,United States,37.871111111,-122.250833333
California Memorial Stadium,2002 California Golden Bears football team,,United States,37.871111111,-122.250833333
California Memorial Stadium,2003 California Golden Bears football team,,United States,37.871111111,-122.250833333
California Memorial Stadium,2005 California Golden Bears football team,,United States,37.871111111,-122.250833333
California Memorial Stadium,2006 California Golden Bears football team,,United States,37.871111111,-122.250833333
California Memorial Stadium,2007 California Golden Bears football team,,United States,37.871111111,-122.250833333
California Memorial Stadium,2008 California Golden Bears football team,,United States,37.871111111,-122.250833333
California Memorial Stadium,2009 California Golden Bears football team,,United States,37.871111111,-122.250833333
California Memorial Stadium,2012 California Golden Bears football team,,United States,37.871111111,-122.250833333
California Memorial Stadium,2010 California Golden Bears football team,,United States,37.871111111,-122.250833333
California Memorial Stadium,2014 California Golden Bears football team,,United States,37.871111111,-122.250833333
California Memorial Stadium,2004 California Golden Bears football team,,United States,37.871111111,-122.250833333
California Memorial Stadium,1969 California Golden Bears football team,,United States,37.871111111,-122.250833333
California Memorial Stadium,1986 California Golden Bears football team,,United States,37.871111111,-122.250833333
California Memorial Stadium,2013 California Golden Bears football team,,United States,37.871111111,-122.250833333
California Memorial Stadium,2015 California Golden Bears football team,,United States,37.871111111,-122.250833333
California Memorial Stadium,1982 California Golden Bears football team,,United States,37.871111111,-122.250833333
California Memorial Stadium,1949 California Golden Bears football team,,United States,37.871111111,-122.250833333
California Memorial Stadium,1924 California Golden Bears football team,,United States,37.871111111,-122.250833333
California Memorial Stadium,1928 California Golden Bears football team,,United States,37.871111111,-122.250833333
California Memorial Stadium,1929 California Golden Bears football team,,United States,37.871111111,-122.250833333
California Memorial Stadium,1935 California Golden Bears football team,,United States,37.871111111,-122.250833333
California Memorial Stadium,1938 California Golden Bears football team,,United States,37.871111111,-122.250833333
California Memorial Stadium,1948 California Golden Bears football team,,United States,37.871111111,-122.250833333
California Memorial Stadium,2016 California Golden Bears football team,,United States,37.871111111,-122.250833333
California Memorial Stadium,1925 California Golden Bears football team,,United States,37.871111111,-122.250833333
California Memorial Stadium,1950 California Golden Bears football team,,United States,37.871111111,-122.250833333
California Memorial Stadium,1926 California Golden Bears football team,,United States,37.871111111,-122.250833333
California Memorial Stadium,1927 California Golden Bears football team,,United States,37.871111111,-122.250833333
California Memorial Stadium,1931 California Golden Bears football team,,United States,37.871111111,-122.250833333
California Memorial Stadium,1932 California Golden Bears football team,,United States,37.871111111,-122.250833333
California Memorial Stadium,1930 California Golden Bears football team,,United States,37.871111111,-122.250833333
California Memorial Stadium,1933 California Golden Bears football team,,United States,37.871111111,-122.250833333
California Memorial Stadium,1934 California Golden Bears football team,,United States,37.871111111,-122.250833333
California Memorial Stadium,1936 California Golden Bears football team,,United States,37.871111111,-122.250833333
California Memorial Stadium,1939 California Golden Bears football team,,United States,37.871111111,-122.250833333
California Memorial Stadium,1940 California Golden Bears football team,,United States,37.871111111,-122.250833333
California Memorial Stadium,1942 California Golden Bears football team,,United States,37.871111111,-122.250833333
California Memorial Stadium,1941 California Golden Bears football team,,United States,37.871111111,-122.250833333
California Memorial Stadium,1945 California Golden Bears football team,,United States,37.871111111,-122.250833333
California Memorial Stadium,1946 California Golden Bears football team,,United States,37.871111111,-122.250833333
California Memorial Stadium,1947 California Golden Bears football team,,United States,37.871111111,-122.250833333
California Memorial Stadium,1951 California Golden Bears football team,,United States,37.871111111,-122.250833333
California Memorial Stadium,1952 California Golden Bears football team,,United States,37.871111111,-122.250833333
California Memorial Stadium,1953 California Golden Bears football team,,United States,37.871111111,-122.250833333
California Memorial Stadium,1954 California Golden Bears football team,,United States,37.871111111,-122.250833333
California Memorial Stadium,1955 California Golden Bears football team,,United States,37.871111111,-122.250833333
California Memorial Stadium,1956 California Golden Bears football team,,United States,37.871111111,-122.250833333
California Memorial Stadium,1957 California Golden Bears football team,,United States,37.871111111,-122.250833333
California Memorial Stadium,1959 California Golden Bears football team,,United States,37.871111111,-122.250833333
California Memorial Stadium,1960 California Golden Bears football team,,United States,37.871111111,-122.250833333
California Memorial Stadium,1961 California Golden Bears football team,,United States,37.871111111,-122.250833333
California Memorial Stadium,1962 California Golden Bears football team,,United States,37.871111111,-122.250833333
California Memorial Stadium,1963 California Golden Bears football team,,United States,37.871111111,-122.250833333
California Memorial Stadium,1964 California Golden Bears football team,,United States,37.871111111,-122.250833333
California Memorial Stadium,1965 California Golden Bears football team,,United States,37.871111111,-122.250833333
California Memorial Stadium,1966 California Golden Bears football team,,United States,37.871111111,-122.250833333
California Memorial Stadium,1967 California Golden Bears football team,,United States,37.871111111,-122.250833333
California Memorial Stadium,1968 California Golden Bears football team,,United States,37.871111111,-122.250833333
California Memorial Stadium,1970 California Golden Bears football team,,United States,37.871111111,-122.250833333
California Memorial Stadium,1971 California Golden Bears football team,,United States,37.871111111,-122.250833333
California Memorial Stadium,1972 California Golden Bears football team,,United States,37.871111111,-122.250833333
California Memorial Stadium,1976 California Golden Bears football team,,United States,37.871111111,-122.250833333
California Memorial Stadium,1977 California Golden Bears football team,,United States,37.871111111,-122.250833333
California Memorial Stadium,1978 California Golden Bears football team,,United States,37.871111111,-122.250833333
California Memorial Stadium,1981 California Golden Bears football team,,United States,37.871111111,-122.250833333
California Memorial Stadium,1980 California Golden Bears football team,,United States,37.871111111,-122.250833333
California Memorial Stadium,1983 California Golden Bears football team,,United States,37.871111111,-122.250833333
California Memorial Stadium,1985 California Golden Bears football team,,United States,37.871111111,-122.250833333
California Memorial Stadium,1987 California Golden Bears football team,,United States,37.871111111,-122.250833333
California Memorial Stadium,1988 California Golden Bears football team,,United States,37.871111111,-122.250833333
California Memorial Stadium,1989 California Golden Bears football team,,United States,37.871111111,-122.250833333
California Memorial Stadium,1990 California Golden Bears football team,,United States,37.871111111,-122.250833333
California Memorial Stadium,1992 California Golden Bears football team,,United States,37.871111111,-122.250833333
California Memorial Stadium,1993 California Golden Bears football team,,United States,37.871111111,-122.250833333
California Memorial Stadium,1994 California Golden Bears football team,,United States,37.871111111,-122.250833333
California Memorial Stadium,1995 California Golden Bears football team,,United States,37.871111111,-122.250833333
California Memorial Stadium,1996 California Golden Bears football team,,United States,37.871111111,-122.250833333
California Memorial Stadium,1943 California Golden Bears football team,,United States,37.871111111,-122.250833333
California Memorial Stadium,1944 California Golden Bears football team,,United States,37.871111111,-122.250833333
California Memorial Stadium,2017 California Golden Bears football team,,United States,37.871111111,-122.250833333
California Memorial Stadium,2018 California Golden Bears football team,,United States,37.871111111,-122.250833333
Falkirk Stadium,Falkirk F.C.,,United Kingdom,56.005136,-3.754269
Falkirk Stadium,East Stirlingshire F.C.,,United Kingdom,56.005136,-3.754269
Gressbanen,,,Norway,59.950833,10.676111
Allegacy Federal Credit Union Stadium,Wake Forest Demon Deacons football,,United States,36.130556,-80.254722
Allegacy Federal Credit Union Stadium,2006 Wake Forest Demon Deacons football team,,United States,36.130556,-80.254722
Allegacy Federal Credit Union Stadium,2007 Wake Forest Demon Deacons football team,,United States,36.130556,-80.254722
Allegacy Federal Credit Union Stadium,2008 Wake Forest Demon Deacons football team,,United States,36.130556,-80.254722
Allegacy Federal Credit Union Stadium,2009 Wake Forest Demon Deacons football team,,United States,36.130556,-80.254722
Allegacy Federal Credit Union Stadium,2010 Wake Forest Demon Deacons football team,,United States,36.130556,-80.254722
Allegacy Federal Credit Union Stadium,2011 Wake Forest Demon Deacons football team,,United States,36.130556,-80.254722
Allegacy Federal Credit Union Stadium,2012 Wake Forest Demon Deacons football team,,United States,36.130556,-80.254722
Allegacy Federal Credit Union Stadium,2013 Wake Forest Demon Deacons football team,,United States,36.130556,-80.254722
Allegacy Federal Credit Union Stadium,Wake Forest Demon Deacons,,United States,36.130556,-80.254722
Allegacy Federal Credit Union Stadium,2014 Wake Forest Demon Deacons football team,,United States,36.130556,-80.254722
Allegacy Federal Credit Union Stadium,2015 Wake Forest Demon Deacons football team,,United States,36.130556,-80.254722
Allegacy Federal Credit Union Stadium,1970 Wake Forest Demon Deacons football team,,United States,36.130556,-80.254722
Allegacy Federal Credit Union Stadium,1971 Wake Forest Demon Deacons football team,,United States,36.130556,-80.254722
Allegacy Federal Credit Union Stadium,1972 Wake Forest Demon Deacons football team,,United States,36.130556,-80.254722
Allegacy Federal Credit Union Stadium,1973 Wake Forest Demon Deacons football team,,United States,36.130556,-80.254722
Allegacy Federal Credit Union Stadium,1974 Wake Forest Demon Deacons football team,,United States,36.130556,-80.254722
Allegacy Federal Credit Union Stadium,1975 Wake Forest Demon Deacons football team,,United States,36.130556,-80.254722
Allegacy Federal Credit Union Stadium,1976 Wake Forest Demon Deacons football team,,United States,36.130556,-80.254722
Allegacy Federal Credit Union Stadium,1977 Wake Forest Demon Deacons football team,,United States,36.130556,-80.254722
Allegacy Federal Credit Union Stadium,1978 Wake Forest Demon Deacons football team,,United States,36.130556,-80.254722
Allegacy Federal Credit Union Stadium,1991 Wake Forest Demon Deacons football team,,United States,36.130556,-80.254722
Allegacy Federal Credit Union Stadium,1995 Wake Forest Demon Deacons football team,,United States,36.130556,-80.254722
Allegacy Federal Credit Union Stadium,1997 Wake Forest Demon Deacons football team,,United States,36.130556,-80.254722
Allegacy Federal Credit Union Stadium,1968 Wake Forest Demon Deacons football team,,United States,36.130556,-80.254722
Allegacy Federal Credit Union Stadium,1969 Wake Forest Demon Deacons football team,,United States,36.130556,-80.254722
Allegacy Federal Credit Union Stadium,1979 Wake Forest Demon Deacons football team,,United States,36.130556,-80.254722
Allegacy Federal Credit Union Stadium,1980 Wake Forest Demon Deacons football team,,United States,36.130556,-80.254722
Allegacy Federal Credit Union Stadium,1981 Wake Forest Demon Deacons football team,,United States,36.130556,-80.254722
Allegacy Federal Credit Union Stadium,1982 Wake Forest Demon Deacons football team,,United States,36.130556,-80.254722
Allegacy Federal Credit Union Stadium,1983 Wake Forest Demon Deacons football team,,United States,36.130556,-80.254722
Allegacy Federal Credit Union Stadium,1984 Wake Forest Demon Deacons football team,,United States,36.130556,-80.254722
Allegacy Federal Credit Union Stadium,1985 Wake Forest Demon Deacons football team,,United States,36.130556,-80.254722
Allegacy Federal Credit Union Stadium,1986 Wake Forest Demon Deacons football team,,United States,36.130556,-80.254722
Allegacy Federal Credit Union Stadium,1987 Wake Forest Demon Deacons football team,,United States,36.130556,-80.254722
Allegacy Federal Credit Union Stadium,1988 Wake Forest Demon Deacons football team,,United States,36.130556,-80.254722
Allegacy Federal Credit Union Stadium,1989 Wake Forest Demon Deacons football team,,United States,36.130556,-80.254722
Allegacy Federal Credit Union Stadium,1990 Wake Forest Demon Deacons football team,,United States,36.130556,-80.254722
Allegacy Federal Credit Union Stadium,1992 Wake Forest Demon Deacons football team,,United States,36.130556,-80.254722
Allegacy Federal Credit Union Stadium,1993 Wake Forest Demon Deacons football team,,United States,36.130556,-80.254722
Allegacy Federal Credit Union Stadium,1994 Wake Forest Demon Deacons football team,,United States,36.130556,-80.254722
Allegacy Federal Credit Union Stadium,1996 Wake Forest Demon Deacons football team,,United States,36.130556,-80.254722
Allegacy Federal Credit Union Stadium,1998 Wake Forest Demon Deacons football team,,United States,36.130556,-80.254722
Allegacy Federal Credit Union Stadium,1999 Wake Forest Demon Deacons football team,,United States,36.130556,-80.254722
Allegacy Federal Credit Union Stadium,2000 Wake Forest Demon Deacons football team,,United States,36.130556,-80.254722
Allegacy Federal Credit Union Stadium,2001 Wake Forest Demon Deacons football team,,United States,36.130556,-80.254722
Allegacy Federal Credit Union Stadium,2002 Wake Forest Demon Deacons football team,,United States,36.130556,-80.254722
Allegacy Federal Credit Union Stadium,2003 Wake Forest Demon Deacons football team,,United States,36.130556,-80.254722
Allegacy Federal Credit Union Stadium,2004 Wake Forest Demon Deacons football team,,United States,36.130556,-80.254722
Allegacy Federal Credit Union Stadium,2005 Wake Forest Demon Deacons football team,,United States,36.130556,-80.254722
Allegacy Federal Credit Union Stadium,2016 Wake Forest Demon Deacons football team,,United States,36.130556,-80.254722
Camp Randall Stadium,Wisconsin Badgers,,United States,43.07,-89.412777777
Camp Randall Stadium,1889 Wisconsin Badgers football team,,United States,43.07,-89.412777777
Camp Randall Stadium,1890 Wisconsin Badgers football team,,United States,43.07,-89.412777777
Camp Randall Stadium,1891 Wisconsin Badgers football team,,United States,43.07,-89.412777777
Camp Randall Stadium,1892 Wisconsin Badgers football team,,United States,43.07,-89.412777777
Camp Randall Stadium,1893 Wisconsin Badgers football team,,United States,43.07,-89.412777777
Camp Randall Stadium,1894 Wisconsin Badgers football team,,United States,43.07,-89.412777777
Camp Randall Stadium,1895 Wisconsin Badgers football team,,United States,43.07,-89.412777777
Camp Randall Stadium,1896 Wisconsin Badgers football team,,United States,43.07,-89.412777777
Camp Randall Stadium,1897 Wisconsin Badgers football team,,United States,43.07,-89.412777777
Camp Randall Stadium,1898 Wisconsin Badgers football team,,United States,43.07,-89.412777777
Camp Randall Stadium,1899 Wisconsin Badgers football team,,United States,43.07,-89.412777777
Camp Randall Stadium,1900 Wisconsin Badgers football team,,United States,43.07,-89.412777777
Camp Randall Stadium,1901 Wisconsin Badgers football team,,United States,43.07,-89.412777777
Camp Randall Stadium,1902 Wisconsin Badgers football team,,United States,43.07,-89.412777777
Camp Randall Stadium,1903 Wisconsin Badgers football team,,United States,43.07,-89.412777777
Camp Randall Stadium,1904 Wisconsin Badgers football team,,United States,43.07,-89.412777777
Camp Randall Stadium,1906 Wisconsin Badgers football team,,United States,43.07,-89.412777777
Camp Randall Stadium,1907 Wisconsin Badgers football team,,United States,43.07,-89.412777777
Camp Randall Stadium,1908 Wisconsin Badgers football team,,United States,43.07,-89.412777777
Camp Randall Stadium,1909 Wisconsin Badgers football team,,United States,43.07,-89.412777777
Camp Randall Stadium,1910 Wisconsin Badgers football team,,United States,43.07,-89.412777777
Camp Randall Stadium,1911 Wisconsin Badgers football team,,United States,43.07,-89.412777777
Camp Randall Stadium,1912 Wisconsin Badgers football team,,United States,43.07,-89.412777777
Camp Randall Stadium,1913 Wisconsin Badgers football team,,United States,43.07,-89.412777777
Camp Randall Stadium,1914 Wisconsin Badgers football team,,United States,43.07,-89.412777777
Camp Randall Stadium,1915 Wisconsin Badgers football team,,United States,43.07,-89.412777777
Camp Randall Stadium,1916 Wisconsin Badgers football team,,United States,43.07,-89.412777777
Camp Randall Stadium,1917 Wisconsin Badgers football team,,United States,43.07,-89.412777777
Camp Randall Stadium,1918 Wisconsin Badgers football team,,United States,43.07,-89.412777777
Camp Randall Stadium,1919 Wisconsin Badgers football team,,United States,43.07,-89.412777777
Camp Randall Stadium,1920 Wisconsin Badgers football team,,United States,43.07,-89.412777777
Camp Randall Stadium,1921 Wisconsin Badgers football team,,United States,43.07,-89.412777777
Camp Randall Stadium,1922 Wisconsin Badgers football team,,United States,43.07,-89.412777777
Camp Randall Stadium,1923 Wisconsin Badgers football team,,United States,43.07,-89.412777777
Camp Randall Stadium,1924 Wisconsin Badgers football team,,United States,43.07,-89.412777777
Camp Randall Stadium,1925 Wisconsin Badgers football team,,United States,43.07,-89.412777777
Camp Randall Stadium,1926 Wisconsin Badgers football team,,United States,43.07,-89.412777777
Camp Randall Stadium,1927 Wisconsin Badgers football team,,United States,43.07,-89.412777777
Camp Randall Stadium,1928 Wisconsin Badgers football team,,United States,43.07,-89.412777777
Camp Randall Stadium,1929 Wisconsin Badgers football team,,United States,43.07,-89.412777777
Camp Randall Stadium,1930 Wisconsin Badgers football team,,United States,43.07,-89.412777777
Camp Randall Stadium,1931 Wisconsin Badgers football team,,United States,43.07,-89.412777777
Camp Randall Stadium,1932 Wisconsin Badgers football team,,United States,43.07,-89.412777777
Camp Randall Stadium,1934 Wisconsin Badgers football team,,United States,43.07,-89.412777777
Camp Randall Stadium,1935 Wisconsin Badgers football team,,United States,43.07,-89.412777777
Camp Randall Stadium,1936 Wisconsin Badgers football team,,United States,43.07,-89.412777777
Camp Randall Stadium,1937 Wisconsin Badgers football team,,United States,43.07,-89.412777777
Camp Randall Stadium,1938 Wisconsin Badgers football team,,United States,43.07,-89.412777777
Camp Randall Stadium,1939 Wisconsin Badgers football team,,United States,43.07,-89.412777777
Camp Randall Stadium,1940 Wisconsin Badgers football team,,United States,43.07,-89.412777777
Camp Randall Stadium,1941 Wisconsin Badgers football team,,United States,43.07,-89.412777777
Camp Randall Stadium,1942 Wisconsin Badgers football team,,United States,43.07,-89.412777777
Camp Randall Stadium,1943 Wisconsin Badgers football team,,United States,43.07,-89.412777777
Camp Randall Stadium,1944 Wisconsin Badgers football team,,United States,43.07,-89.412777777
Camp Randall Stadium,1945 Wisconsin Badgers football team,,United States,43.07,-89.412777777
Camp Randall Stadium,1946 Wisconsin Badgers football team,,United States,43.07,-89.412777777
Camp Randall Stadium,1947 Wisconsin Badgers football team,,United States,43.07,-89.412777777
Camp Randall Stadium,1948 Wisconsin Badgers football team,,United States,43.07,-89.412777777
Camp Randall Stadium,1949 Wisconsin Badgers football team,,United States,43.07,-89.412777777
Camp Randall Stadium,1950 Wisconsin Badgers football team,,United States,43.07,-89.412777777
Camp Randall Stadium,1951 Wisconsin Badgers football team,,United States,43.07,-89.412777777
Camp Randall Stadium,1952 Wisconsin Badgers football team,,United States,43.07,-89.412777777
Camp Randall Stadium,1953 Wisconsin Badgers football team,,United States,43.07,-89.412777777
Camp Randall Stadium,1954 Wisconsin Badgers football team,,United States,43.07,-89.412777777
Camp Randall Stadium,1955 Wisconsin Badgers football team,,United States,43.07,-89.412777777
Camp Randall Stadium,1956 Wisconsin Badgers football team,,United States,43.07,-89.412777777
Camp Randall Stadium,1958 Wisconsin Badgers football team,,United States,43.07,-89.412777777
Camp Randall Stadium,1960 Wisconsin Badgers football team,,United States,43.07,-89.412777777
Camp Randall Stadium,1961 Wisconsin Badgers football team,,United States,43.07,-89.412777777
Camp Randall Stadium,1962 Wisconsin Badgers football team,,United States,43.07,-89.412777777
Camp Randall Stadium,1963 Wisconsin Badgers football team,,United States,43.07,-89.412777777
Camp Randall Stadium,1964 Wisconsin Badgers football team,,United States,43.07,-89.412777777
Camp Randall Stadium,1965 Wisconsin Badgers football team,,United States,43.07,-89.412777777
Camp Randall Stadium,1966 Wisconsin Badgers football team,,United States,43.07,-89.412777777
Camp Randall Stadium,1967 Wisconsin Badgers football team,,United States,43.07,-89.412777777
Camp Randall Stadium,1968 Wisconsin Badgers football team,,United States,43.07,-89.412777777
Camp Randall Stadium,1969 Wisconsin Badgers football team,,United States,43.07,-89.412777777
Camp Randall Stadium,1970 Wisconsin Badgers football team,,United States,43.07,-89.412777777
Camp Randall Stadium,1971 Wisconsin Badgers football team,,United States,43.07,-89.412777777
Camp Randall Stadium,1972 Wisconsin Badgers football team,,United States,43.07,-89.412777777
Camp Randall Stadium,1973 Wisconsin Badgers football team,,United States,43.07,-89.412777777
Camp Randall Stadium,1974 Wisconsin Badgers football team,,United States,43.07,-89.412777777
Camp Randall Stadium,1975 Wisconsin Badgers football team,,United States,43.07,-89.412777777
Camp Randall Stadium,1976 Wisconsin Badgers football team,,United States,43.07,-89.412777777
Camp Randall Stadium,1977 Wisconsin Badgers football team,,United States,43.07,-89.412777777
Camp Randall Stadium,1978 Wisconsin Badgers football team,,United States,43.07,-89.412777777
Camp Randall Stadium,1979 Wisconsin Badgers football team,,United States,43.07,-89.412777777
Camp Randall Stadium,1980 Wisconsin Badgers football team,,United States,43.07,-89.412777777
Camp Randall Stadium,1981 Wisconsin Badgers football team,,United States,43.07,-89.412777777
Camp Randall Stadium,1982 Wisconsin Badgers football team,,United States,43.07,-89.412777777
Camp Randall Stadium,1983 Wisconsin Badgers football team,,United States,43.07,-89.412777777
Camp Randall Stadium,1984 Wisconsin Badgers football team,,United States,43.07,-89.412777777
Camp Randall Stadium,1985 Wisconsin Badgers football team,,United States,43.07,-89.412777777
Camp Randall Stadium,1986 Wisconsin Badgers football team,,United States,43.07,-89.412777777
Camp Randall Stadium,1987 Wisconsin Badgers football team,,United States,43.07,-89.412777777
Camp Randall Stadium,1988 Wisconsin Badgers football team,,United States,43.07,-89.412777777
Camp Randall Stadium,1989 Wisconsin Badgers football team,,United States,43.07,-89.412777777
Camp Randall Stadium,1990 Wisconsin Badgers football team,,United States,43.07,-89.412777777
Camp Randall Stadium,1991 Wisconsin Badgers football team,,United States,43.07,-89.412777777
Camp Randall Stadium,1992 Wisconsin Badgers football team,,United States,43.07,-89.412777777
Camp Randall Stadium,1993 Wisconsin Badgers football team,,United States,43.07,-89.412777777
Camp Randall Stadium,1994 Wisconsin Badgers football team,,United States,43.07,-89.412777777
Camp Randall Stadium,1996 Wisconsin Badgers football team,,United States,43.07,-89.412777777
Camp Randall Stadium,1997 Wisconsin Badgers football team,,United States,43.07,-89.412777777
Camp Randall Stadium,1998 Wisconsin Badgers football team,,United States,43.07,-89.412777777
Camp Randall Stadium,1999 Wisconsin Badgers football team,,United States,43.07,-89.412777777
Camp Randall Stadium,2000 Wisconsin Badgers football team,,United States,43.07,-89.412777777
Camp Randall Stadium,2001 Wisconsin Badgers football team,,United States,43.07,-89.412777777
Camp Randall Stadium,2002 Wisconsin Badgers football team,,United States,43.07,-89.412777777
Camp Randall Stadium,2003 Wisconsin Badgers football team,,United States,43.07,-89.412777777
Camp Randall Stadium,2004 Wisconsin Badgers football team,,United States,43.07,-89.412777777
Camp Randall Stadium,2005 Wisconsin Badgers football team,,United States,43.07,-89.412777777
Camp Randall Stadium,2006 Wisconsin Badgers football team,,United States,43.07,-89.412777777
Camp Randall Stadium,2007 Wisconsin Badgers football team,,United States,43.07,-89.412777777
Camp Randall Stadium,2008 Wisconsin Badgers football team,,United States,43.07,-89.412777777
Camp Randall Stadium,2009 Wisconsin Badgers football team,,United States,43.07,-89.412777777
Camp Randall Stadium,2010 Wisconsin Badgers football team,,United States,43.07,-89.412777777
Camp Randall Stadium,2011 Wisconsin Badgers football team,,United States,43.07,-89.412777777
Camp Randall Stadium,2012 Wisconsin Badgers football team,,United States,43.07,-89.412777777
Camp Randall Stadium,Wisconsin Badgers football,,United States,43.07,-89.412777777
Camp Randall Stadium,1995 Wisconsin Badgers football team,,United States,43.07,-89.412777777
Camp Randall Stadium,1959 Wisconsin Badgers football team,,United States,43.07,-89.412777777
Camp Randall Stadium,2013 Wisconsin Badgers football team,,United States,43.07,-89.412777777
Camp Randall Stadium,2014 Wisconsin Badgers football team,,United States,43.07,-89.412777777
Camp Randall Stadium,1905 Wisconsin Badgers football team,,United States,43.07,-89.412777777
Camp Randall Stadium,1933 Wisconsin Badgers football team,,United States,43.07,-89.412777777
Camp Randall Stadium,1957 Wisconsin Badgers football team,,United States,43.07,-89.412777777
Camp Randall Stadium,2015 Wisconsin Badgers football team,,United States,43.07,-89.412777777
Camp Randall Stadium,2016 Wisconsin Badgers football team,,United States,43.07,-89.412777777
Camp Randall Stadium,2017 Wisconsin Badgers football team,,United States,43.07,-89.412777777
Camp Randall Stadium,2018 Wisconsin Badgers football team,,United States,43.07,-89.412777777
Camp Randall Stadium,2019 Wisconsin Badgers football team,,United States,43.07,-89.412777777
Estádio Municipal de Aveiro – Mário Duarte,UEFA Euro 2004,,Portugal,40.6475,-8.593611
Estádio Municipal de Aveiro – Mário Duarte,S.C. Beira-Mar,,Portugal,40.6475,-8.593611
Candlestick Park,San Francisco Golden Gate Gales,,United States,37.713611111,-122.386111111
Carisbrook,1987 Rugby World Cup,,New Zealand,-45.893611111,170.490555555
Carl Ramos Stadium,Belize Defence Force FC,,Belize,16.971215252,-88.22133944
Carl Ramos Stadium,Wagiya,,Belize,16.971215252,-88.22133944
Carl Ramos Stadium,Ilagulei,,Belize,16.971215252,-88.22133944
Carl Ramos Stadium,Revolutionary Conquerors,,Belize,16.971215252,-88.22133944
Mandala Stadium,Persipura Jayapura,,Indonesia,-2.530556,140.723611
Mandala Stadium,Cendrawasih Papua F.C.,,Indonesia,-2.530556,140.723611
Mandala Stadium,Persewar Waropen,,Indonesia,-2.530556,140.723611
Mandala Stadium,Persipura U-21,,Indonesia,-2.530556,140.723611
Homewood Field,Johns Hopkins Blue Jays,,United States,39.333611111,-76.620833333
Homewood Field,Maryland Whipsnakes,,United States,39.333611111,-76.620833333
Hong Kong Football Club Stadium,HKFC Soccer Section,,People's Republic of China,22.2744,114.182
Hong Kong Football Club Stadium,Lucky Mile,,People's Republic of China,22.2744,114.182
Honjō Athletic Stadium,,,Japan,33.89027778,130.73166667
Honolulu Stadium,The Hawaiians,,United States,21.29283,-157.82605
Honolulu Stadium,The Hawaiians,,United States,21.293335,-157.82525
Honolulu Stadium,1934 Hawaii Rainbows football team,,United States,21.29283,-157.82605
Honolulu Stadium,1934 Hawaii Rainbows football team,,United States,21.293335,-157.82525
Honolulu Stadium,1941 Hawaii Rainbows football team,,United States,21.29283,-157.82605
Honolulu Stadium,1941 Hawaii Rainbows football team,,United States,21.293335,-157.82525
Honolulu Stadium,1946 Hawaii Rainbows football team,,United States,21.29283,-157.82605
Honolulu Stadium,1946 Hawaii Rainbows football team,,United States,21.293335,-157.82525
Honolulu Stadium,1947 Hawaii Rainbows football team,,United States,21.29283,-157.82605
Honolulu Stadium,1947 Hawaii Rainbows football team,,United States,21.293335,-157.82525
Hopper Field,,,United States,28.9592,-95.3747
Horlick Field,Racine Raiders,,United States,42.74155,-87.80096
